fpl_code,team,player,pos,cost,2025-09-13,2025-09-14,2025-09-20,2025-09-21,2025-09-27,2025-09-28,2025-09-29,2025-10-03,2025-10-04,2025-10-05,2025-10-18,2025-10-19,2025-10-20,2025-10-24,2025-10-25,2025-10-26,2025-11-01,2025-11-08,2025-11-22,2025-11-29,2025-12-03,2025-12-06,2025-12-13,2025-12-20,2025-12-27,2025-12-30,total_pts,ppm
223094,MCI,Haaland,F,11.8,0.0,8.02,0.0,5.31,9.13,0.0,0.0,0.0,0.0,7.34,7.13,0.0,0.0,0.0,0.0,6.36,6.91,6.02,5.97,7.53,6.16,9.03,6.14,7.61,6.35,8.06,113.07,9.58
118748,LIV,M.Salah,F,12.0,0.0,7.4,6.53,0.0,5.81,0.0,0.0,0.0,5.33,0.0,0.0,6.43,0.0,0.0,6.4,0.0,6.37,5.2,6.47,6.34,8.15,6.02,6.23,6.21,6.72,6.68,102.29,8.52
244851,CHE,Palmer,M,11.5,3.99,0.0,5.78,0.0,6.17,0.0,0.0,0.0,5.4,0.0,5.83,0.0,0.0,0.0,8.28,0.0,6.19,6.65,6.56,4.75,5.87,5.47,6.08,5.28,6.05,6.02,94.38,8.21
141746,MUN,B.Fernandes,M,11.5,0.0,5.01,5.36,0.0,5.78,0.0,0.0,0.0,8.38,0.0,0.0,4.67,0.0,0.0,5.77,0.0,5.36,5.64,5.94,5.16,6.02,5.53,5.41,5.05,5.36,6.02,90.44,7.86
97032,LIV,Virgil,D,10.0,0.0,7.4,6.85,0.0,5.43,0.0,0.0,0.0,3.95,0.0,0.0,5.36,0.0,0.0,5.13,0.0,5.27,3.44,6.03,5.43,7.64,5.81,5.03,4.37,6.15,6.32,89.62,8.96
220566,MCI,Rodrigo,M,9.7,0.0,5.7,0.0,4.57,6.36,0.0,0.0,0.0,0.0,5.43,5.86,0.0,0.0,0.0,0.0,5.08,5.07,4.59,5.04,5.73,4.88,6.6,5.22,5.63,5.15,6.35,87.25,8.99
226597,ARS,Gabriel,D,10.0,6.61,0.0,0.0,4.33,0.0,4.52,0.0,0.0,6.16,0.0,5.0,0.0,0.0,0.0,0.0,5.65,6.48,7.06,4.92,3.76,5.24,4.54,5.87,5.68,4.87,5.05,85.73,8.57
462424,ARS,Saliba,D,10.0,2.49,0.0,0.0,4.48,0.0,4.74,0.0,0.0,6.15,0.0,5.17,0.0,0.0,0.0,0.0,5.66,6.65,6.97,4.91,3.79,5.3,4.66,5.9,5.82,4.9,5.11,82.68,8.27
154561,ARS,Raya,G,8.0,5.66,0.0,0.0,4.53,0.0,4.22,0.0,0.0,5.38,0.0,4.8,0.0,0.0,0.0,0.0,4.96,5.72,5.6,4.86,4.07,5.08,4.44,5.49,5.03,4.87,4.99,79.68,9.96
477424,MCI,Gvardiol,D,10.0,0.0,3.8,0.0,3.39,7.01,0.0,0.0,0.0,0.0,4.49,5.81,0.0,0.0,0.0,0.0,4.11,4.41,3.31,3.64,5.61,4.38,7.13,4.45,5.33,4.8,6.61,78.29,7.83
224117,ARS,Gyökeres,F,11.5,5.78,0.0,0.0,4.91,0.0,4.65,0.0,0.0,5.83,0.0,4.57,0.0,0.0,0.0,0.0,4.87,5.03,5.24,4.94,3.9,5.02,4.23,4.97,4.24,4.63,4.61,77.45,6.73
247348,CRY,Muñoz,D,8.8,7.87,0.0,5.36,0.0,3.73,0.0,0.0,0.0,0.0,4.93,4.75,0.0,0.0,0.0,0.0,3.28,4.91,4.65,4.72,4.77,5.74,3.99,3.72,5.04,4.86,4.62,76.94,8.74
178301,AVL,Watkins,F,11.5,4.68,0.0,0.0,5.83,0.0,4.98,0.0,0.0,0.0,5.9,0.0,5.1,0.0,0.0,0.0,4.57,4.16,4.94,4.85,5.25,4.51,3.92,4.95,4.97,4.2,3.66,76.49,6.65
219168,LIV,Isak,F,11.5,0.0,1.27,3.52,0.0,4.09,0.0,0.0,0.0,4.5,0.0,0.0,5.17,0.0,0.0,5.22,0.0,5.12,4.15,5.12,5.18,6.57,5.05,5.15,5.15,5.56,5.54,76.34,6.64
223340,ARS,Saka,M,11.5,1.36,0.0,0.0,3.21,0.0,4.5,0.0,0.0,5.61,0.0,4.54,0.0,0.0,0.0,0.0,4.9,5.4,5.81,5.47,4.24,5.43,4.58,5.38,4.59,5.04,4.99,75.04,6.53
444102,BOU,Evanilson,F,8.1,4.97,0.0,0.0,4.79,4.76,0.0,0.0,4.71,0.0,0.0,4.31,0.0,0.0,0.0,0.0,4.78,3.94,4.29,5.17,5.45,4.63,4.34,4.35,5.52,4.72,4.01,74.74,9.23
448047,CHE,Enzo,M,8.6,5.13,0.0,4.44,0.0,4.63,0.0,0.0,0.0,3.95,0.0,4.53,0.0,0.0,0.0,6.64,0.0,4.34,4.86,5.14,3.54,4.68,4.0,4.97,4.04,4.41,4.28,73.57,8.55
231747,CRY,Mateta,F,10.9,7.25,0.0,5.32,0.0,4.36,0.0,0.0,0.0,0.0,4.11,4.39,0.0,0.0,0.0,0.0,3.29,4.85,4.44,4.2,4.38,4.65,3.98,3.96,4.28,4.8,4.34,72.61,6.66
437730,BOU,Semenyo,M,8.4,4.94,0.0,0.0,4.57,4.74,0.0,0.0,4.6,0.0,0.0,4.29,0.0,0.0,0.0,0.0,4.77,3.97,4.22,4.97,5.29,4.45,4.1,4.15,5.18,4.45,3.82,72.52,8.63
171314,MCI,Rúben,D,10.0,0.0,5.4,0.0,3.2,6.17,0.0,0.0,0.0,0.0,4.13,5.42,0.0,0.0,0.0,0.0,3.76,3.96,2.81,3.37,4.84,3.8,6.16,4.14,4.68,4.43,5.8,72.06,7.21
179268,CHE,Cucurella,D,8.0,4.31,0.0,4.02,0.0,4.37,0.0,0.0,0.0,3.27,0.0,4.23,0.0,0.0,0.0,6.47,0.0,3.76,4.93,5.33,3.44,4.74,3.52,5.06,3.45,4.25,4.06,69.22,8.65
116535,LIV,A.Becker,G,8.0,0.0,5.38,5.02,0.0,3.7,0.0,0.0,0.0,3.41,0.0,0.0,4.28,0.0,0.0,3.73,0.0,4.27,3.16,4.69,4.04,5.29,4.49,4.19,3.59,4.79,5.01,69.03,8.63
215059,CHE,Sánchez,G,7.5,3.95,0.0,3.85,0.0,4.39,0.0,0.0,0.0,3.82,0.0,4.3,0.0,0.0,0.0,5.57,0.0,3.65,4.9,5.05,3.91,4.55,3.75,4.93,3.48,4.36,4.36,68.83,9.18
178186,WHU,Bowen,F,11.5,5.15,0.0,4.45,0.0,0.0,0.0,4.21,0.0,3.48,0.0,0.0,0.0,4.82,4.38,0.0,0.0,4.25,5.12,4.09,3.93,4.11,4.05,4.34,3.7,4.28,4.36,68.72,5.98
446008,MUN,Mbeumo,M,11.5,0.0,3.95,4.22,0.0,4.47,0.0,0.0,0.0,5.46,0.0,0.0,3.68,0.0,0.0,4.34,0.0,3.99,4.29,4.27,3.86,4.67,4.17,4.19,3.91,4.06,4.51,68.04,5.92
174874,FUL,Andersen,D,7.4,5.58,0.0,4.51,0.0,0.0,3.52,0.0,3.19,0.0,0.0,2.89,0.0,0.0,0.0,3.06,0.0,4.92,4.66,6.43,3.03,2.77,4.41,5.56,4.86,4.24,3.82,67.47,9.12
451340,BHA,Mitoma,M,9.0,4.27,0.0,4.97,0.0,3.85,0.0,0.0,0.0,0.0,4.36,4.12,0.0,0.0,0.0,4.0,0.0,4.6,3.82,4.51,3.91,4.16,4.55,3.45,5.25,3.16,4.18,67.15,7.46
98747,NEW,Pope,G,7.2,5.02,0.0,0.0,3.83,0.0,3.96,0.0,0.0,0.0,4.77,3.62,0.0,0.0,0.0,4.51,0.0,3.85,3.65,3.62,4.06,4.06,5.2,4.57,3.89,3.58,4.7,66.89,9.29
83299,BHA,Dunk,D,7.4,3.9,0.0,4.23,0.0,2.88,0.0,0.0,0.0,0.0,4.75,3.93,0.0,0.0,0.0,3.61,0.0,5.22,4.08,4.47,4.45,4.21,4.91,2.19,6.53,2.51,4.38,66.25,8.95
204716,LIV,Konaté,D,9.0,0.0,5.95,5.41,0.0,4.02,0.0,0.0,0.0,2.86,0.0,0.0,3.95,0.0,0.0,3.62,0.0,3.92,2.45,4.38,3.93,5.81,4.15,3.54,3.09,4.37,4.56,66.0,7.33
494595,LIV,Wirtz,M,11.2,0.0,4.94,4.12,0.0,3.72,0.0,0.0,0.0,3.47,0.0,0.0,4.0,0.0,0.0,3.94,0.0,3.95,3.29,4.06,4.04,5.01,3.92,3.98,3.96,4.26,4.28,64.96,5.8
457569,BOU,Petrović,G,6.8,4.13,0.0,0.0,3.85,4.33,0.0,0.0,4.48,0.0,0.0,3.51,0.0,0.0,0.0,0.0,4.63,2.97,3.54,4.45,4.65,4.69,3.8,3.54,5.34,3.62,3.22,64.76,9.52
60689,NFO,Wood,F,10.3,3.44,0.0,4.61,0.0,5.36,0.0,0.0,0.0,0.0,3.82,3.89,0.0,0.0,0.0,0.0,3.83,4.14,4.35,3.42,4.07,3.95,3.78,4.45,3.76,3.72,4.07,64.66,6.28
80201,FUL,Leno,G,7.5,4.92,0.0,4.25,0.0,0.0,3.49,0.0,3.46,0.0,0.0,3.65,0.0,0.0,0.0,3.17,0.0,4.65,4.09,5.22,3.32,3.55,4.08,4.79,4.59,3.82,3.41,64.47,8.6
475168,CHE,João Pedro,F,8.8,4.3,0.0,4.06,0.0,4.32,0.0,0.0,0.0,3.71,0.0,3.96,0.0,0.0,0.0,5.2,0.0,4.16,4.45,4.26,3.18,3.78,3.49,3.75,3.39,3.77,3.75,63.52,7.22
216094,LIV,Frimpong,D,9.1,0.0,1.86,3.78,0.0,3.69,0.0,0.0,0.0,3.15,0.0,0.0,4.27,0.0,0.0,3.9,0.0,4.24,2.88,4.47,4.1,5.54,4.3,4.01,3.64,4.65,4.82,63.32,6.96
247412,WOL,Strand Larsen,F,8.3,0.0,0.0,1.78,0.0,4.59,0.0,0.0,0.0,0.0,4.52,5.16,0.0,0.0,0.0,0.0,5.21,4.12,3.82,4.47,4.13,4.59,4.55,3.41,4.93,3.71,4.18,63.17,7.61
232185,CRY,Sarr,M,8.0,0.0,0.0,0.0,0.0,1.87,0.0,0.0,0.0,0.0,4.15,4.81,0.0,0.0,0.0,0.0,3.54,5.17,4.86,4.71,4.86,5.1,4.37,4.34,4.77,5.29,4.79,62.62,7.83
111234,EVE,Pickford,G,7.8,4.23,0.0,2.9,0.0,0.0,0.0,4.46,0.0,0.0,4.12,2.92,0.0,0.0,0.0,0.0,3.95,4.68,4.45,3.47,3.82,3.49,4.54,3.16,3.67,4.76,3.94,62.58,8.02
85633,NFO,Sels,G,7.8,2.98,0.0,4.72,0.0,5.12,0.0,0.0,0.0,0.0,3.1,3.77,0.0,0.0,0.0,0.0,3.41,4.1,4.74,2.76,3.96,3.96,3.94,3.86,3.73,3.48,4.54,62.16,7.97
243016,LIV,Mac Allister,M,9.5,0.0,4.8,4.33,0.0,3.66,0.0,0.0,0.0,3.2,0.0,0.0,3.74,0.0,0.0,3.58,0.0,3.66,3.22,3.7,3.83,5.21,3.79,3.69,3.79,3.88,4.02,62.09,6.54
485711,MUN,Šeško,F,9.8,0.0,3.42,3.87,0.0,4.08,0.0,0.0,0.0,4.9,0.0,0.0,3.3,0.0,0.0,3.87,0.0,3.76,3.93,3.81,3.55,4.17,3.89,3.9,3.65,3.77,4.19,62.04,6.33
533463,BRE,O.Dango,F,7.9,3.89,0.0,3.72,0.0,4.06,0.0,0.0,0.0,0.0,3.67,0.0,0.0,4.09,0.0,3.58,0.0,3.64,3.82,3.7,4.49,3.16,3.97,4.22,3.88,3.88,4.27,62.04,7.85
513418,BRE,Schade,M,8.3,3.96,0.0,3.77,0.0,4.14,0.0,0.0,0.0,0.0,3.69,0.0,0.0,4.08,0.0,3.59,0.0,3.68,3.83,3.61,4.51,3.21,3.86,4.14,3.8,3.83,4.19,61.87,7.45
232892,FUL,Bassey,D,7.7,5.38,0.0,4.13,0.0,0.0,3.33,0.0,2.97,0.0,0.0,2.79,0.0,0.0,0.0,2.87,0.0,4.49,4.39,5.95,2.84,2.59,3.83,4.92,4.23,3.73,3.32,61.76,8.02
172649,CRY,Henderson,G,7.7,5.15,0.0,3.67,0.0,3.23,0.0,0.0,0.0,0.0,3.93,3.94,0.0,0.0,0.0,0.0,2.83,3.95,3.81,3.81,3.88,4.58,3.59,3.34,4.09,3.68,4.21,61.69,8.01
224024,WHU,L.Paquetá,M,8.1,4.76,0.0,4.13,0.0,0.0,0.0,3.92,0.0,3.23,0.0,0.0,0.0,4.18,3.98,0.0,0.0,3.87,4.47,3.54,3.53,3.66,3.63,3.81,3.35,3.69,3.89,61.64,7.61
469142,BHA,Van Hecke,D,7.7,3.54,0.0,3.96,0.0,2.55,0.0,0.0,0.0,0.0,4.41,3.62,0.0,0.0,0.0,3.32,0.0,5.03,3.78,4.2,4.23,3.78,4.49,1.86,6.24,2.24,3.95,61.2,7.95
209036,CRY,Guéhi,D,7.7,6.82,0.0,4.08,0.0,2.44,0.0,0.0,0.0,0.0,4.41,3.55,0.0,0.0,0.0,0.0,2.26,3.87,3.49,3.95,3.62,5.11,3.34,2.64,4.16,3.47,3.9,61.11,7.94
208706,NEW,Bruno G.,M,9.6,4.62,0.0,0.0,3.68,0.0,3.3,0.0,0.0,0.0,3.88,3.67,0.0,0.0,0.0,3.58,0.0,3.92,3.65,3.4,3.7,3.93,4.26,4.68,3.25,3.37,4.01,60.9,6.34
166989,AVL,Tielemans,M,8.6,4.53,0.0,0.0,5.61,0.0,3.79,0.0,0.0,0.0,4.57,0.0,3.81,0.0,0.0,0.0,3.39,3.08,3.54,3.83,3.93,3.5,3.19,3.97,3.73,3.23,3.05,60.77,7.07
184029,ARS,Ødegaard,M,11.0,4.61,0.0,0.0,3.75,0.0,3.58,0.0,0.0,4.25,0.0,3.56,0.0,0.0,0.0,0.0,3.88,3.98,4.5,3.97,3.17,3.94,3.28,3.79,3.34,3.55,3.53,60.66,5.51
493362,TOT,Xavi,M,8.8,3.44,0.0,4.08,0.0,4.56,0.0,0.0,0.0,4.11,0.0,0.0,4.07,0.0,0.0,0.0,3.8,3.63,3.91,2.91,3.8,3.54,4.14,3.6,3.45,3.53,3.83,60.41,6.86
244850,AVL,Rogers,M,8.7,3.86,0.0,0.0,4.65,0.0,4.0,0.0,0.0,0.0,4.53,0.0,3.94,0.0,0.0,0.0,3.56,3.28,3.83,3.84,4.09,3.63,3.13,3.87,3.87,3.29,2.96,60.33,6.93
243298,LIV,Gakpo,F,11.5,0.0,4.57,4.03,0.0,3.58,0.0,0.0,0.0,3.3,0.0,0.0,3.84,0.0,0.0,3.62,0.0,3.66,3.12,3.67,3.7,4.51,3.58,3.63,3.63,3.87,3.88,60.2,5.23
445122,ARS,J.Timber,D,8.0,4.98,0.0,0.0,3.52,0.0,3.22,0.0,0.0,4.08,0.0,3.49,0.0,0.0,0.0,0.0,3.61,4.4,4.48,3.69,2.79,3.66,3.27,4.06,3.72,3.57,3.64,60.15,7.52
98980,AVL,Martinez,G,7.5,3.98,0.0,0.0,4.54,0.0,4.31,0.0,0.0,0.0,5.17,0.0,3.21,0.0,0.0,0.0,3.44,2.69,3.95,4.09,4.5,3.21,3.49,3.61,3.97,2.98,2.84,59.98,8.0
502500,BRE,Thiago,F,7.0,3.82,0.0,3.74,0.0,3.93,0.0,0.0,0.0,0.0,3.53,0.0,0.0,3.87,0.0,3.49,0.0,3.54,3.67,3.57,4.39,2.98,3.75,3.97,3.69,3.73,4.06,59.73,8.53
216646,NEW,Wissa,F,10.1,0.0,0.0,0.0,1.27,0.0,3.32,0.0,0.0,0.0,4.21,3.75,0.0,0.0,0.0,4.1,0.0,4.11,4.21,3.69,3.8,4.58,5.05,4.96,3.94,3.95,4.55,59.49,5.89
437499,CRY,Lacroix,D,7.9,6.39,0.0,3.92,0.0,2.6,0.0,0.0,0.0,0.0,3.94,3.51,0.0,0.0,0.0,0.0,2.33,3.72,3.49,3.74,3.56,4.59,3.24,2.77,3.96,3.58,3.79,59.15,7.49
204480,ARS,Rice,M,9.2,4.33,0.0,0.0,3.39,0.0,3.47,0.0,0.0,4.03,0.0,3.32,0.0,0.0,0.0,0.0,3.74,4.16,4.81,3.64,3.0,3.6,3.23,3.72,3.62,3.43,3.41,58.91,6.4
592031,BHA,Minteh,M,7.4,3.8,0.0,4.44,0.0,3.43,0.0,0.0,0.0,0.0,3.78,3.63,0.0,0.0,0.0,3.51,0.0,3.99,3.35,3.84,3.37,3.58,3.94,3.06,4.5,2.87,3.68,58.77,7.94
486672,CHE,Caicedo,M,8.1,3.52,0.0,3.71,0.0,3.75,0.0,0.0,0.0,3.24,0.0,3.7,0.0,0.0,0.0,5.19,0.0,3.72,3.85,4.16,2.99,3.68,3.12,4.05,3.33,3.36,3.21,58.59,7.23
221632,TOT,Romero,D,7.1,4.76,0.0,3.42,0.0,5.0,0.0,0.0,0.0,4.68,0.0,0.0,3.89,0.0,0.0,0.0,4.57,2.84,3.67,2.17,4.0,2.86,3.8,3.79,2.35,3.38,3.26,58.43,8.23
200720,BRE,Kelleher,G,6.8,3.67,0.0,3.61,0.0,3.93,0.0,0.0,0.0,0.0,3.43,0.0,0.0,3.51,0.0,3.34,0.0,3.2,3.6,3.18,5.06,2.8,3.08,4.63,3.75,3.89,3.74,58.41,8.59
494521,BOU,Truffert,D,6.7,3.83,0.0,0.0,3.5,4.15,0.0,0.0,3.96,0.0,0.0,3.03,0.0,0.0,0.0,0.0,4.13,2.3,3.22,4.27,4.7,4.3,3.03,3.13,5.09,3.25,2.51,58.4,8.72
463067,BHA,Georginio,M,7.3,3.65,0.0,4.28,0.0,3.27,0.0,0.0,0.0,0.0,3.73,3.57,0.0,0.0,0.0,3.42,0.0,3.97,3.37,3.9,3.36,3.65,3.99,3.09,4.56,2.88,3.7,58.39,8.0
119471,NEW,Schär,D,8.0,4.91,0.0,0.0,3.21,0.0,2.91,0.0,0.0,0.0,4.08,2.87,0.0,0.0,0.0,3.73,0.0,3.51,3.13,2.73,3.69,3.43,4.88,4.7,2.97,3.03,4.4,58.18,7.27
244723,CRY,Mitchell,D,7.9,5.6,0.0,3.8,0.0,2.71,0.0,0.0,0.0,0.0,3.72,3.44,0.0,0.0,0.0,0.0,2.5,3.58,3.51,3.68,3.63,4.54,3.16,2.89,4.01,3.69,3.66,58.09,7.35
487838,NEW,Hall,D,7.8,3.59,0.0,0.0,3.11,0.0,3.06,0.0,0.0,0.0,3.98,3.08,0.0,0.0,0.0,3.73,0.0,3.67,3.15,2.9,3.7,3.64,4.88,4.7,3.03,3.1,4.44,57.76,7.4
440993,EVE,Ndiaye,M,8.1,3.43,0.0,3.26,0.0,0.0,0.0,4.15,0.0,0.0,3.69,3.34,0.0,0.0,0.0,0.0,4.04,4.16,3.58,3.43,3.54,3.36,3.64,3.17,3.1,3.83,3.39,57.13,7.05
448514,MCI,Aït-Nouri,D,8.3,0.0,0.0,0.0,0.82,5.28,0.0,0.0,0.0,0.0,3.65,4.55,0.0,0.0,0.0,0.0,3.51,3.68,2.99,3.19,4.51,3.52,5.21,3.19,4.22,3.58,4.76,56.67,6.83
153133,FUL,Iwobi,M,8.6,4.07,0.0,3.88,0.0,0.0,3.36,0.0,3.35,0.0,0.0,2.95,0.0,0.0,0.0,3.24,0.0,3.72,3.29,4.32,3.59,3.26,3.48,3.73,3.56,3.59,3.27,56.65,6.59
460842,TOT,Kudus,M,9.6,4.35,0.0,3.89,0.0,4.27,0.0,0.0,0.0,3.83,0.0,0.0,3.85,0.0,0.0,0.0,3.48,3.39,3.54,2.64,3.4,3.09,3.64,3.19,3.05,3.12,3.37,56.1,5.84
169528,FUL,Robinson,D,7.9,3.84,0.0,3.76,0.0,0.0,3.12,0.0,2.89,0.0,0.0,2.92,0.0,0.0,0.0,2.77,0.0,4.14,3.7,5.23,3.02,2.73,3.32,4.5,3.82,3.54,2.78,56.08,7.1
489639,BHA,Verbruggen,G,7.5,3.13,0.0,3.61,0.0,2.72,0.0,0.0,0.0,0.0,3.76,3.45,0.0,0.0,0.0,3.09,0.0,4.54,3.01,3.85,3.58,3.79,4.07,2.36,4.92,2.65,3.43,55.96,7.46
242882,BOU,Diakité,D,6.7,3.54,0.0,0.0,3.3,4.05,0.0,0.0,3.75,0.0,0.0,3.16,0.0,0.0,0.0,0.0,4.13,1.95,2.93,4.0,4.94,4.44,2.66,2.83,5.04,3.01,2.18,55.91,8.34
221466,BOU,Senesi,D,6.8,3.64,0.0,0.0,3.3,4.03,0.0,0.0,3.7,0.0,0.0,3.0,0.0,0.0,0.0,0.0,3.95,2.12,2.93,4.02,4.92,4.26,2.74,2.9,4.94,2.96,2.26,55.67,8.19
222531,NFO,Gibbs-White,M,8.7,2.91,0.0,3.79,0.0,4.43,0.0,0.0,0.0,0.0,3.19,3.26,0.0,0.0,0.0,0.0,3.28,3.52,3.73,2.98,3.5,3.48,3.31,3.8,3.25,3.21,3.53,55.19,6.34
427623,CRY,Richards,D,7.3,5.7,0.0,3.64,0.0,2.44,0.0,0.0,0.0,0.0,3.62,3.29,0.0,0.0,0.0,0.0,2.21,3.39,3.2,3.44,3.36,4.32,3.06,2.62,3.76,3.38,3.57,55.0,7.53
441191,NEW,Livramento,D,7.9,4.24,0.0,0.0,2.87,0.0,2.87,0.0,0.0,0.0,3.81,2.8,0.0,0.0,0.0,3.62,0.0,3.33,2.94,2.63,3.47,3.32,4.63,4.34,2.83,2.88,4.2,54.79,6.94
244042,FUL,Muniz,F,7.4,4.29,0.0,4.31,0.0,0.0,3.2,0.0,3.19,0.0,0.0,2.82,0.0,0.0,0.0,2.99,0.0,3.57,3.19,3.99,3.2,3.02,3.36,3.57,3.45,3.41,3.11,54.66,7.39
149065,WOL,José Sá,G,7.2,2.7,0.0,4.49,0.0,2.83,0.0,0.0,0.0,0.0,3.62,4.19,0.0,0.0,0.0,0.0,4.87,3.36,2.67,3.57,3.0,4.12,3.62,2.53,3.7,2.39,2.98,54.64,7.59
544877,LIV,Kerkez,D,8.5,0.0,4.4,4.01,0.0,2.99,0.0,0.0,0.0,2.54,0.0,0.0,3.38,0.0,0.0,2.98,0.0,3.37,2.34,3.53,3.33,4.38,3.51,3.19,2.86,3.73,3.89,54.43,6.4
215136,NFO,N.Williams,D,7.9,2.8,0.0,4.6,0.0,5.14,0.0,0.0,0.0,0.0,2.81,2.84,0.0,0.0,0.0,0.0,2.86,3.47,4.22,2.02,3.29,3.36,3.48,3.49,3.01,2.71,3.9,54.0,6.84
167074,FUL,Tete,D,7.1,4.68,0.0,3.64,0.0,0.0,3.02,0.0,2.82,0.0,0.0,2.83,0.0,0.0,0.0,2.75,0.0,3.93,3.39,4.72,2.85,2.66,3.1,4.1,3.53,3.31,2.63,53.98,7.6
180974,NEW,Joelinton,M,7.6,3.91,0.0,0.0,3.44,0.0,3.14,0.0,0.0,0.0,3.55,3.35,0.0,0.0,0.0,3.33,0.0,3.54,3.31,3.1,3.16,3.52,3.6,3.65,2.93,3.0,3.36,53.89,7.09
440089,BRE,Damsgaard,M,8.4,3.42,0.0,3.25,0.0,3.57,0.0,0.0,0.0,0.0,3.27,0.0,0.0,3.47,0.0,3.12,0.0,3.07,3.33,3.26,3.84,2.81,3.46,3.66,3.33,3.31,3.68,53.84,6.41
17761,EVE,Tarkowski,D,7.7,3.76,0.0,1.95,0.0,0.0,0.0,4.23,0.0,0.0,3.5,2.14,0.0,0.0,0.0,0.0,3.56,4.85,3.8,2.95,3.22,2.83,3.93,2.34,2.84,4.52,3.39,53.79,6.99
50175,BHA,Welbeck,F,8.0,3.46,0.0,4.04,0.0,3.08,0.0,0.0,0.0,0.0,3.3,3.36,0.0,0.0,0.0,3.18,0.0,3.58,3.09,3.47,3.11,3.24,3.69,2.82,4.26,2.61,3.39,53.68,6.71
184254,TOT,Vicario,G,7.2,3.34,0.0,2.94,0.0,4.2,0.0,0.0,0.0,3.83,0.0,0.0,3.61,0.0,0.0,0.0,3.56,3.3,3.61,2.5,3.92,2.63,3.67,3.44,3.0,2.89,3.04,53.47,7.43
199798,AVL,Konsa,D,7.7,4.21,0.0,0.0,5.42,0.0,3.79,0.0,0.0,0.0,5.25,0.0,2.69,0.0,0.0,0.0,2.48,1.67,3.26,3.9,4.26,2.67,2.61,3.51,3.44,2.14,2.05,53.36,6.93
470313,NEW,Woltemade,F,8.3,4.89,0.0,0.0,3.93,0.0,2.68,0.0,0.0,0.0,3.28,3.01,0.0,0.0,0.0,3.22,0.0,3.22,3.19,2.93,2.96,3.44,3.63,3.61,2.95,2.98,3.34,53.24,6.41
441164,TOT,Pedro Porro,D,7.8,4.02,0.0,3.08,0.0,4.33,0.0,0.0,0.0,4.01,0.0,0.0,3.63,0.0,0.0,0.0,3.62,2.96,3.54,2.25,3.65,2.73,3.65,3.31,2.55,2.81,3.1,53.23,6.82
448089,WOL,Gomes,M,7.9,3.63,0.0,4.04,0.0,3.75,0.0,0.0,0.0,0.0,3.59,4.28,0.0,0.0,0.0,0.0,3.91,2.89,2.9,3.13,3.06,2.94,3.18,2.83,3.11,2.87,3.06,53.17,6.73
227444,NFO,Milenković,D,8.2,2.16,0.0,4.7,0.0,5.35,0.0,0.0,0.0,0.0,2.56,2.77,0.0,0.0,0.0,0.0,2.7,3.37,4.23,1.76,3.27,3.52,3.52,3.32,3.07,2.53,4.02,52.83,6.44
467189,WHU,Hermansen,G,6.6,3.49,0.0,3.53,0.0,0.0,0.0,3.55,0.0,2.46,0.0,0.0,0.0,3.64,3.73,0.0,0.0,3.24,4.79,2.87,2.88,2.84,2.8,3.48,2.33,3.8,3.37,52.8,8.0
78916,NEW,Burn,D,7.8,4.41,0.0,0.0,2.84,0.0,2.74,0.0,0.0,0.0,3.63,2.7,0.0,0.0,0.0,3.52,0.0,3.18,2.88,2.52,3.24,3.05,4.37,4.12,2.68,2.73,3.96,52.58,6.74
516939,WOL,Agbadou,D,6.8,2.77,0.0,4.86,0.0,2.69,0.0,0.0,0.0,0.0,3.22,5.42,0.0,0.0,0.0,0.0,5.35,3.06,1.98,3.54,2.79,3.92,3.27,1.89,3.47,1.52,2.7,52.45,7.71
444180,BUR,Anthony,M,6.5,0.0,3.41,3.61,0.0,3.08,0.0,0.0,0.0,0.0,3.29,3.71,0.0,0.0,0.0,0.0,3.4,2.89,3.44,3.15,3.3,3.3,3.01,3.23,3.07,3.27,3.18,52.33,8.05
432422,NEW,Tonali,M,7.8,3.79,0.0,0.0,3.18,0.0,2.82,0.0,0.0,0.0,3.27,3.02,0.0,0.0,0.0,3.09,0.0,3.32,3.15,2.98,3.18,3.37,3.61,3.86,2.88,2.96,3.39,51.87,6.65
180736,CHE,Chalobah,D,7.1,3.87,0.0,3.35,0.0,3.51,0.0,0.0,0.0,2.54,0.0,3.29,0.0,0.0,0.0,4.78,0.0,2.68,3.47,3.89,2.52,3.24,2.58,3.61,2.47,3.06,2.96,51.81,7.3
433036,MCI,Reijnders,M,7.9,0.0,3.52,0.0,2.69,3.94,0.0,0.0,0.0,0.0,3.34,3.49,0.0,0.0,0.0,0.0,2.92,2.99,2.73,2.73,3.2,2.81,4.07,2.98,3.33,2.99,3.83,51.57,6.53
247632,CHE,Neto,M,7.7,3.9,0.0,3.33,0.0,3.43,0.0,0.0,0.0,3.01,0.0,3.07,0.0,0.0,0.0,4.08,0.0,3.24,3.54,3.39,2.53,3.07,2.87,3.09,2.79,3.08,3.06,51.46,6.68
199796,AVL,Cash,D,7.4,3.8,0.0,0.0,4.6,0.0,3.63,0.0,0.0,0.0,4.82,0.0,2.99,0.0,0.0,0.0,2.66,1.92,3.16,3.59,3.84,2.73,2.67,3.29,3.29,2.24,2.21,51.45,6.95
222683,BOU,Kluivert,M,8.0,3.44,0.0,0.0,3.25,3.24,0.0,0.0,3.3,0.0,0.0,3.0,0.0,0.0,0.0,0.0,3.27,2.8,3.06,3.45,3.59,3.22,2.99,3.03,3.65,3.22,2.82,51.33,6.42
232413,ARS,Eze,M,10.7,2.68,0.0,0.0,2.52,0.0,2.75,0.0,0.0,3.42,0.0,2.83,0.0,0.0,0.0,0.0,3.21,3.31,3.84,3.58,2.91,3.61,3.06,3.54,3.04,3.33,3.31,50.92,4.76
433312,WOL,Munetsi,M,7.0,3.27,0.0,3.77,0.0,3.34,0.0,0.0,0.0,0.0,3.21,3.69,0.0,0.0,0.0,0.0,3.69,2.88,2.76,3.06,2.9,3.14,3.24,2.62,3.35,2.77,3.04,50.71,7.24
209365,MUN,De Ligt,D,7.4,0.0,2.04,2.83,0.0,3.16,0.0,0.0,0.0,5.52,0.0,0.0,1.7,0.0,0.0,3.1,0.0,3.35,2.55,3.94,2.84,3.73,3.41,3.01,2.72,2.9,3.83,50.63,6.84
201658,BOU,Tavernier,M,7.3,3.39,0.0,0.0,3.24,3.22,0.0,0.0,3.24,0.0,0.0,2.97,0.0,0.0,0.0,0.0,3.27,2.74,2.9,3.37,3.59,3.14,2.93,2.98,3.58,3.12,2.77,50.45,6.91
575476,NFO,Murillo,D,8.5,2.1,0.0,4.48,0.0,5.21,0.0,0.0,0.0,0.0,2.45,2.63,0.0,0.0,0.0,0.0,2.54,3.25,4.04,1.66,3.05,3.31,3.39,3.11,2.91,2.38,3.85,50.35,5.92
512462,EVE,O'Brien,D,7.1,3.62,0.0,1.85,0.0,0.0,0.0,3.92,0.0,0.0,3.26,2.02,0.0,0.0,0.0,0.0,3.3,4.32,3.59,2.81,3.05,2.67,3.65,2.2,2.66,4.14,3.17,50.24,7.08
491279,TOT,Van de Ven,D,6.8,3.98,0.0,2.74,0.0,4.33,0.0,0.0,0.0,3.98,0.0,0.0,3.35,0.0,0.0,0.0,4.0,2.46,3.17,1.8,3.47,2.32,3.37,3.4,1.99,2.98,2.85,50.19,7.38
488024,CRY,Yeremy,M,7.2,4.0,0.0,3.72,0.0,3.01,0.0,0.0,0.0,0.0,3.05,3.06,0.0,0.0,0.0,0.0,2.51,3.23,3.12,3.06,3.13,3.24,2.81,2.83,3.1,3.32,2.99,50.18,6.97
224967,EVE,Mykolenko,D,7.7,2.89,0.0,1.96,0.0,0.0,0.0,3.99,0.0,0.0,3.28,2.15,0.0,0.0,0.0,0.0,3.41,4.31,3.48,2.83,3.11,2.72,3.62,2.27,2.75,4.16,3.16,50.07,6.5
84450,SUN,Xhaka,M,6.3,3.97,0.0,0.0,3.4,3.58,0.0,0.0,0.0,3.17,0.0,3.59,0.0,0.0,0.0,2.75,0.0,3.88,2.67,2.97,3.03,2.57,2.57,2.95,2.85,3.37,2.68,50.0,7.94
424876,LIV,Szoboszlai,M,8.6,0.0,3.53,3.31,0.0,2.79,0.0,0.0,0.0,2.64,0.0,0.0,3.1,0.0,0.0,3.01,0.0,2.97,2.61,3.1,3.11,3.74,3.1,3.15,3.14,3.33,3.34,49.95,5.81
596777,MUN,Dorgu,D,6.8,0.0,2.3,2.9,0.0,2.99,0.0,0.0,0.0,4.8,0.0,0.0,1.89,0.0,0.0,3.2,0.0,3.06,2.79,3.66,2.58,3.6,3.29,3.06,2.76,2.98,3.7,49.57,7.29
101178,WHU,Ward-Prowse,M,7.4,3.52,0.0,3.43,0.0,0.0,0.0,3.31,0.0,2.62,0.0,0.0,0.0,3.32,3.2,0.0,0.0,3.04,3.65,2.85,2.75,2.9,2.92,3.06,2.71,3.03,3.08,49.39,6.67
493250,MUN,Amad,M,8.0,0.0,3.26,3.31,0.0,3.23,0.0,0.0,0.0,3.69,0.0,0.0,2.55,0.0,0.0,3.08,0.0,2.94,3.05,3.12,2.76,3.4,3.0,3.01,2.83,2.92,3.22,49.39,6.17
431248,WOL,Krejčí,D,6.7,1.89,0.0,3.99,0.0,2.54,0.0,0.0,0.0,0.0,3.14,5.27,0.0,0.0,0.0,0.0,5.42,3.1,1.86,3.56,2.7,3.95,3.0,1.7,3.26,1.39,2.49,49.26,7.35
114283,EVE,Grealish,M,8.3,3.43,0.0,2.92,0.0,0.0,0.0,3.64,0.0,0.0,3.33,0.0,0.0,0.0,0.0,0.0,3.48,3.65,3.19,3.08,3.17,3.0,3.2,2.82,2.7,3.34,3.01,47.97,5.78
67089,BUR,Dúbravka,G,6.6,0.0,2.68,3.75,0.0,2.08,0.0,0.0,0.0,0.0,2.57,4.02,0.0,0.0,0.0,0.0,3.12,2.8,2.87,2.98,2.7,3.16,2.24,3.51,2.59,3.77,2.91,47.75,7.23
510362,WOL,Toti,D,7.6,2.47,0.0,4.41,0.0,2.46,0.0,0.0,0.0,0.0,3.04,5.01,0.0,0.0,0.0,0.0,4.92,2.83,1.79,3.16,2.49,3.56,2.91,1.74,3.04,1.37,2.4,47.6,6.26
466525,LEE,Stach,M,6.3,2.99,0.0,3.13,0.0,3.03,0.0,0.0,0.0,3.29,0.0,3.23,0.0,0.0,3.25,0.0,0.0,2.83,2.73,2.91,2.66,2.73,2.75,2.91,2.9,3.49,2.65,47.47,7.54
465730,BHA,De Cuyper,D,6.7,2.71,0.0,3.35,0.0,2.16,0.0,0.0,0.0,0.0,3.26,2.87,0.0,0.0,0.0,2.65,0.0,3.91,2.49,3.19,2.97,3.04,3.5,1.73,4.43,2.03,3.03,47.33,7.06
249231,BRE,Lewis-Potter,D,7.9,2.89,0.0,3.11,0.0,3.34,0.0,0.0,0.0,0.0,2.56,0.0,0.0,3.11,0.0,2.33,0.0,2.61,2.9,2.55,4.34,2.04,2.61,3.71,3.11,2.96,3.09,47.26,5.98
465247,MUN,Lammens,G,7.3,0.0,0.0,0.83,0.0,2.33,0.0,0.0,0.0,4.62,0.0,0.0,2.29,0.0,0.0,3.43,0.0,3.39,2.76,3.97,2.85,3.76,3.47,3.43,2.92,3.2,3.95,47.2,6.47
432830,BRE,Collins,D,7.7,2.59,0.0,3.04,0.0,3.26,0.0,0.0,0.0,0.0,2.31,0.0,0.0,3.17,0.0,2.08,0.0,2.61,2.83,2.44,4.79,1.85,2.46,4.07,3.28,2.98,3.06,46.8,6.08
232826,NEW,Gordon,M,10.1,0.0,0.0,0.0,0.0,0.0,2.94,0.0,0.0,0.0,3.64,3.2,0.0,0.0,0.0,3.38,0.0,3.52,3.41,3.09,3.15,3.62,3.71,3.68,2.99,3.03,3.41,46.75,4.63
61256,MUN,Casemiro,M,7.3,0.0,3.08,2.97,0.0,3.01,0.0,0.0,0.0,4.03,0.0,0.0,2.66,0.0,0.0,2.95,0.0,2.68,3.03,2.95,2.61,3.09,2.74,2.68,2.61,2.74,2.87,46.7,6.4
215379,NFO,Anderson,M,8.3,2.76,0.0,3.38,0.0,3.81,0.0,0.0,0.0,0.0,2.8,2.71,0.0,0.0,0.0,0.0,2.67,2.93,3.11,2.55,2.84,2.8,2.86,3.08,2.58,2.69,2.96,46.53,5.61
444765,BRE,Van den Berg,D,7.4,2.59,0.0,2.98,0.0,3.25,0.0,0.0,0.0,0.0,2.35,0.0,0.0,3.12,0.0,2.1,0.0,2.47,2.84,2.46,4.62,1.88,2.49,3.96,3.2,2.97,3.07,46.34,6.26
226182,LEE,Bogle,D,6.7,2.92,0.0,3.42,0.0,3.06,0.0,0.0,0.0,3.27,0.0,4.09,0.0,0.0,3.69,0.0,0.0,2.43,2.89,3.09,1.74,2.44,2.08,2.62,2.9,4.11,1.54,46.31,6.91
486385,EVE,Beto,F,7.5,3.15,0.0,2.65,0.0,0.0,0.0,3.31,0.0,0.0,2.98,2.66,0.0,0.0,0.0,0.0,3.19,3.47,2.84,2.74,2.82,2.68,2.97,2.58,2.42,3.06,2.78,46.29,6.17
109646,CHE,Tosin,D,7.2,3.79,0.0,3.0,0.0,3.16,0.0,0.0,0.0,2.32,0.0,3.07,0.0,0.0,0.0,3.88,0.0,2.3,3.19,3.57,2.19,2.84,2.27,3.24,2.18,2.69,2.6,46.27,6.43
441266,LIV,Gravenberch,M,8.1,0.0,3.67,3.4,0.0,2.91,0.0,0.0,0.0,2.6,0.0,0.0,2.83,0.0,0.0,2.73,0.0,2.68,2.52,2.6,2.83,3.61,2.76,2.69,2.73,2.81,2.88,46.24,5.71
214590,WHU,Wan-Bissaka,D,7.7,3.3,0.0,3.05,0.0,0.0,0.0,3.41,0.0,1.92,0.0,0.0,0.0,3.12,3.52,0.0,0.0,2.85,4.6,2.39,2.05,2.51,2.44,3.07,1.74,3.19,2.93,46.1,5.99
209244,MCI,Foden,M,11.5,0.0,3.9,0.0,2.8,4.05,0.0,0.0,0.0,0.0,3.68,3.26,0.0,0.0,0.0,0.0,2.45,2.59,2.28,2.29,2.82,2.37,3.18,2.25,2.72,2.32,2.87,45.83,3.99
215413,EVE,Dewsbury-Hall,M,7.2,3.07,0.0,2.66,0.0,0.0,0.0,3.21,0.0,0.0,2.92,2.77,0.0,0.0,0.0,0.0,3.12,3.29,2.81,2.76,2.77,2.69,2.82,2.57,2.52,3.0,2.68,45.66,6.34
230376,WOL,J.Arias,M,6.4,3.22,0.0,3.53,0.0,3.04,0.0,0.0,0.0,0.0,2.88,3.18,0.0,0.0,0.0,0.0,3.17,2.64,2.55,2.8,2.61,2.82,2.78,2.31,2.94,2.44,2.63,45.53,7.11
214048,WHU,Kilman,D,7.7,2.99,0.0,3.45,0.0,0.0,0.0,3.8,0.0,1.67,0.0,0.0,0.0,3.16,3.53,0.0,0.0,2.64,4.76,2.23,1.83,2.38,2.27,3.0,1.48,3.29,2.78,45.26,5.88
498016,SUN,Roefs,G,6.6,2.51,0.0,0.0,3.18,2.96,0.0,0.0,0.0,2.48,0.0,3.63,0.0,0.0,0.0,2.25,0.0,3.68,2.7,2.8,3.15,1.9,1.98,2.81,2.41,3.84,2.69,44.95,6.81
613804,WHU,Diouf,D,6.7,3.14,0.0,2.99,0.0,0.0,0.0,3.2,0.0,1.78,0.0,0.0,0.0,3.16,3.34,0.0,0.0,2.7,4.32,2.34,2.02,2.46,2.32,2.98,1.66,3.22,2.82,44.44,6.63
510663,LIV,Ekitiké,F,10.5,0.0,4.78,3.58,0.0,2.62,0.0,0.0,0.0,2.06,0.0,0.0,2.49,0.0,0.0,2.49,0.0,2.53,2.16,2.65,2.44,3.23,2.56,2.61,2.61,2.81,2.8,44.44,4.23
624773,CHE,Estêvão,M,7.2,2.33,0.0,3.12,0.0,3.29,0.0,0.0,0.0,2.7,0.0,2.78,0.0,0.0,0.0,3.68,0.0,3.03,3.18,3.18,2.29,2.56,2.31,2.5,2.23,2.5,2.49,44.17,6.14
209046,NFO,Hudson-Odoi,M,7.6,2.51,0.0,3.14,0.0,3.42,0.0,0.0,0.0,0.0,2.64,2.65,0.0,0.0,0.0,0.0,2.64,2.82,2.9,2.48,2.7,2.73,2.63,2.94,2.62,2.58,2.76,44.14,5.81
215439,WHU,Souček,M,7.7,3.21,0.0,2.9,0.0,0.0,0.0,2.73,0.0,2.33,0.0,0.0,0.0,2.87,2.82,0.0,0.0,2.65,3.1,2.56,2.5,2.63,2.59,2.7,2.42,2.66,2.73,43.41,5.64
200617,LEE,James,M,6.9,2.94,0.0,2.91,0.0,2.84,0.0,0.0,0.0,3.01,0.0,2.86,0.0,0.0,2.99,0.0,0.0,2.65,2.52,2.69,2.32,2.53,2.45,2.68,2.66,3.0,2.33,43.39,6.29
80801,EVE,Gana,M,8.1,3.11,0.0,2.73,0.0,0.0,0.0,3.08,0.0,0.0,2.58,2.68,0.0,0.0,0.0,0.0,2.96,3.16,2.45,2.58,2.69,2.54,2.46,2.46,2.55,2.88,2.4,43.3,5.35
221820,MUN,Martinez,D,7.1,0.0,0.0,0.0,0.0,1.0,0.0,0.0,0.0,4.54,0.0,0.0,1.71,0.0,0.0,3.04,0.0,3.28,2.63,4.07,2.99,3.77,3.49,3.0,2.77,2.96,3.89,43.14,6.08
154566,TOT,Solanke,F,9.9,0.0,0.0,0.0,0.0,2.46,0.0,0.0,0.0,2.83,0.0,0.0,3.44,0.0,0.0,0.0,3.22,3.2,3.29,2.51,3.3,2.98,3.59,3.08,2.92,3.0,3.29,43.13,4.36
149484,AVL,Mings,D,6.8,3.38,0.0,0.0,4.17,0.0,3.12,0.0,0.0,0.0,4.08,0.0,2.31,0.0,0.0,0.0,2.11,1.51,2.71,2.97,3.29,2.18,2.2,2.68,2.75,1.84,1.78,43.1,6.34
165809,MCI,Bernardo,M,9.9,0.0,3.11,0.0,2.34,3.33,0.0,0.0,0.0,0.0,2.91,2.94,0.0,0.0,0.0,0.0,2.51,2.5,2.19,2.26,2.78,2.35,3.13,2.31,2.69,2.33,2.9,42.57,4.3
467779,BHA,Wieffer,M,7.0,2.83,0.0,3.17,0.0,2.51,0.0,0.0,0.0,0.0,2.77,2.72,0.0,0.0,0.0,2.73,0.0,2.85,2.4,2.52,2.38,2.56,2.76,2.32,3.1,2.28,2.66,42.56,6.08
551226,WHU,M.Fernandes,M,6.3,3.15,0.0,2.71,0.0,0.0,0.0,2.67,0.0,2.34,0.0,0.0,0.0,2.78,2.71,0.0,0.0,2.7,3.06,2.51,2.51,2.56,2.53,2.61,2.37,2.54,2.65,42.39,6.73
550864,MUN,Yoro,D,6.8,0.0,1.66,2.36,0.0,2.53,0.0,0.0,0.0,4.53,0.0,0.0,1.38,0.0,0.0,2.63,0.0,2.75,2.19,3.42,2.26,3.17,2.85,2.53,2.27,2.43,3.21,42.19,6.2
547027,SUN,Diarra,M,6.9,2.71,0.0,0.0,2.79,2.65,0.0,0.0,0.0,2.66,0.0,2.86,0.0,0.0,0.0,2.46,0.0,2.73,2.42,2.55,2.7,2.45,2.45,2.65,2.58,2.85,2.56,42.08,6.1
481655,ARS,Zubimendi,M,8.0,3.11,0.0,0.0,2.58,0.0,2.55,0.0,0.0,2.87,0.0,2.47,0.0,0.0,0.0,0.0,2.56,2.82,3.27,2.63,2.21,2.52,2.34,2.58,2.58,2.47,2.43,41.98,5.25
212314,FUL,Lukić,M,8.0,3.19,0.0,2.84,0.0,0.0,2.66,0.0,2.55,0.0,0.0,2.41,0.0,0.0,0.0,2.44,0.0,2.65,2.54,3.02,2.54,2.42,2.47,2.7,2.44,2.64,2.39,41.89,5.24
154296,TOT,J.Palhinha,M,7.8,3.01,0.0,2.85,0.0,2.88,0.0,0.0,0.0,2.94,0.0,0.0,2.76,0.0,0.0,0.0,2.68,2.47,2.57,2.27,2.34,2.51,2.63,2.39,2.49,2.41,2.53,41.72,5.35
466075,ARS,Calafiori,D,7.7,4.63,0.0,0.0,3.38,0.0,3.12,0.0,0.0,3.87,0.0,2.41,0.0,0.0,0.0,0.0,2.4,2.54,2.48,2.23,1.65,2.12,1.94,2.4,2.15,2.13,2.16,41.62,5.41
201595,LEE,Perri,G,6.6,0.0,0.0,0.0,0.0,1.22,0.0,0.0,0.0,2.95,0.0,4.11,0.0,0.0,3.67,0.0,0.0,2.68,3.26,3.39,2.15,3.04,2.74,2.83,3.32,4.0,2.09,41.47,6.28
482609,CHE,Gusto,D,7.1,2.69,0.0,2.27,0.0,2.61,0.0,0.0,0.0,2.11,0.0,2.58,0.0,0.0,0.0,3.44,0.0,2.38,2.91,2.63,2.16,2.86,2.29,3.01,2.21,2.68,2.59,41.41,5.83
477064,MCI,Lewis,D,7.1,0.0,2.07,0.0,2.21,3.93,0.0,0.0,0.0,0.0,2.55,3.02,0.0,0.0,0.0,0.0,2.47,2.59,2.17,2.17,3.24,2.15,3.11,1.98,2.53,2.22,2.84,41.25,5.81
214225,LEE,Rodon,D,6.1,2.76,0.0,3.18,0.0,2.6,0.0,0.0,0.0,2.52,0.0,4.04,0.0,0.0,3.26,0.0,0.0,1.98,2.85,2.7,1.23,1.99,1.58,2.27,2.85,4.31,1.04,41.14,6.74
500151,NFO,Savona,D,6.7,1.96,0.0,3.2,0.0,3.68,0.0,0.0,0.0,0.0,2.03,2.19,0.0,0.0,0.0,0.0,2.14,2.63,3.24,1.51,2.61,2.79,2.78,2.64,2.48,2.08,3.14,41.11,6.14
243526,LEE,Gudmundsson,D,6.1,2.62,0.0,3.02,0.0,2.7,0.0,0.0,0.0,2.8,0.0,3.64,0.0,0.0,3.21,0.0,0.0,2.17,2.67,2.78,1.51,2.21,1.82,2.3,2.56,3.55,1.33,40.88,6.7
184341,MUN,Mount,M,8.3,0.0,0.0,0.56,0.0,2.66,0.0,0.0,0.0,3.53,0.0,0.0,2.52,0.0,0.0,2.97,0.0,2.66,3.0,2.83,2.67,3.12,2.86,2.85,2.7,2.79,3.04,40.76,4.91
232928,EVE,Garner,M,7.3,2.86,0.0,2.54,0.0,0.0,0.0,2.83,0.0,0.0,2.5,2.47,0.0,0.0,0.0,0.0,2.82,2.87,2.46,2.49,2.53,2.39,2.38,2.27,2.28,2.61,2.3,40.61,5.56
509291,WOL,André,M,7.6,2.77,0.0,2.89,0.0,2.78,0.0,0.0,0.0,0.0,2.65,3.07,0.0,0.0,0.0,0.0,2.76,2.28,2.31,2.37,2.36,2.3,2.44,2.31,2.35,2.29,2.39,40.33,5.31
577725,FUL,King,M,6.3,3.13,0.0,2.95,0.0,0.0,2.39,0.0,2.33,0.0,0.0,2.19,0.0,0.0,0.0,2.32,0.0,2.61,2.42,2.93,2.47,2.28,2.42,2.55,2.47,2.49,2.31,40.26,6.39
607464,BRE,Kayode,D,6.5,2.26,0.0,2.62,0.0,2.81,0.0,0.0,0.0,0.0,2.08,0.0,0.0,2.6,0.0,1.89,0.0,2.12,2.37,2.12,3.7,1.69,2.15,3.29,2.69,2.51,2.59,39.47,6.07
496221,CRY,Wharton,M,7.0,0.0,0.0,0.73,0.0,2.2,0.0,0.0,0.0,0.0,2.87,2.78,0.0,0.0,0.0,0.0,2.53,2.85,2.87,2.8,2.8,2.96,2.55,2.68,2.88,3.03,2.65,39.19,5.6
482442,TOT,P.M.Sarr,M,7.4,2.9,0.0,2.56,0.0,2.72,0.0,0.0,0.0,2.6,0.0,0.0,2.56,0.0,0.0,0.0,2.51,2.38,2.48,2.07,2.36,2.29,2.49,2.27,2.24,2.25,2.38,39.08,5.28
449434,NEW,Elanga,M,8.2,3.75,0.0,0.0,3.09,0.0,2.17,0.0,0.0,0.0,2.63,2.43,0.0,0.0,0.0,2.29,0.0,2.32,2.25,2.11,2.08,2.43,2.51,2.48,2.04,2.05,2.3,38.94,4.75
102057,FUL,Raúl,F,8.6,2.03,0.0,2.23,0.0,0.0,2.27,0.0,2.22,0.0,0.0,2.02,0.0,0.0,0.0,2.27,0.0,2.67,2.23,3.35,2.69,2.3,2.47,2.63,2.53,2.5,2.27,38.67,4.5
535301,BHA,Baleba,M,8.0,2.47,0.0,2.76,0.0,2.34,0.0,0.0,0.0,0.0,2.42,2.37,0.0,0.0,0.0,2.31,0.0,2.61,2.23,2.45,2.23,2.34,2.54,2.14,2.81,2.07,2.44,38.53,4.82
480455,EVE,Branthwaite,D,7.4,0.0,0.0,0.0,0.0,0.0,0.0,0.0,0.0,0.0,0.87,1.99,0.0,0.0,0.0,0.0,3.31,4.51,3.52,2.77,3.0,2.62,3.67,2.19,2.67,4.2,3.18,38.51,5.2
158499,BOU,Christie,M,7.6,2.19,0.0,0.0,2.54,2.63,0.0,0.0,2.41,0.0,0.0,2.31,0.0,0.0,0.0,0.0,2.35,2.19,2.28,2.69,2.67,2.44,2.26,2.31,2.68,2.37,2.17,38.48,5.06
456512,NFO,Ndoye,M,7.0,2.25,0.0,2.82,0.0,3.04,0.0,0.0,0.0,0.0,2.26,2.35,0.0,0.0,0.0,0.0,2.31,2.5,2.48,2.07,2.45,2.39,2.24,2.5,2.22,2.19,2.35,38.42,5.49
179458,BUR,Bruun Larsen,M,6.9,0.0,2.48,2.55,0.0,2.28,0.0,0.0,0.0,0.0,2.35,2.63,0.0,0.0,0.0,0.0,2.47,2.12,2.39,2.32,2.4,2.38,2.29,2.48,2.35,2.48,2.41,38.39,5.56
207189,FUL,Berge,M,7.6,2.76,0.0,2.53,0.0,0.0,2.38,0.0,2.31,0.0,0.0,2.24,0.0,0.0,0.0,2.26,0.0,2.41,2.37,2.87,2.39,2.27,2.27,2.44,2.25,2.38,2.2,38.33,5.04
441302,AVL,Maatsen,D,6.9,2.68,0.0,0.0,3.31,0.0,2.81,0.0,0.0,0.0,3.44,0.0,2.16,0.0,0.0,0.0,1.72,1.23,2.07,2.63,2.86,2.21,2.15,2.6,2.66,1.91,1.82,38.26,5.54
201666,NEW,Barnes,M,8.9,4.74,0.0,0.0,3.84,0.0,1.75,0.0,0.0,0.0,2.11,2.08,0.0,0.0,0.0,2.06,0.0,1.97,2.07,1.92,2.05,2.25,2.54,2.5,2.02,2.03,2.31,38.24,4.3
535818,SUN,Adingra,M,7.0,2.49,0.0,0.0,2.58,2.44,0.0,0.0,0.0,2.44,0.0,2.63,0.0,0.0,0.0,2.25,0.0,2.45,2.17,2.27,2.42,2.21,2.2,2.38,2.32,2.55,2.29,38.09,5.44
122806,AVL,McGinn,M,7.6,2.82,0.0,0.0,3.06,0.0,2.32,0.0,0.0,0.0,2.54,0.0,2.18,0.0,0.0,0.0,2.11,2.31,2.34,2.35,2.44,2.06,2.06,2.39,2.35,2.1,1.99,37.42,4.92
441264,SUN,Brobbey,F,6.5,1.43,0.0,0.0,1.97,2.15,0.0,0.0,0.0,2.5,0.0,2.79,0.0,0.0,0.0,2.3,0.0,2.58,2.18,2.39,2.59,1.94,2.31,2.56,2.49,2.82,2.44,37.42,5.76
444463,CHE,Fofana,D,6.8,0.64,0.0,0.88,0.0,1.14,0.0,0.0,0.0,1.24,0.0,2.46,0.0,0.0,0.0,3.86,0.0,2.36,3.05,3.32,2.26,3.0,2.3,3.31,2.21,2.73,2.63,37.39,5.5
216051,MUN,Dalot,D,7.7,0.0,0.0,0.51,0.0,1.74,0.0,0.0,0.0,3.66,0.0,0.0,1.63,0.0,0.0,2.59,0.0,2.58,2.41,3.08,2.31,3.1,2.86,2.67,2.42,2.58,3.21,37.37,4.85
232859,TOT,Spence,D,7.2,2.65,0.0,2.02,0.0,2.97,0.0,0.0,0.0,2.72,0.0,0.0,2.5,0.0,0.0,0.0,2.59,2.05,2.5,1.67,2.6,1.87,2.61,2.46,1.81,2.03,2.21,37.27,5.18
438234,MCI,Marmoush,F,10.7,0.0,0.0,0.0,0.0,0.0,0.0,0.0,0.0,0.0,0.0,1.32,0.0,0.0,0.0,0.0,2.68,3.32,3.03,3.06,3.48,3.15,4.0,2.94,3.5,3.05,3.66,37.19,3.48
508395,BRE,Yarmoliuk,M,7.3,2.41,0.0,2.33,0.0,2.43,0.0,0.0,0.0,0.0,2.29,0.0,0.0,2.4,0.0,2.22,0.0,2.21,2.29,2.21,2.39,2.09,2.38,2.43,2.29,2.26,2.45,37.07,5.08
199598,LEE,Ampadu,D,6.7,1.94,0.0,2.84,0.0,2.39,0.0,0.0,0.0,2.46,0.0,3.46,0.0,0.0,2.91,0.0,0.0,1.92,2.43,2.45,1.35,1.93,1.61,2.04,2.35,3.47,1.18,36.72,5.48
549912,SUN,Talbi,M,6.9,2.53,0.0,0.0,2.44,2.32,0.0,0.0,0.0,2.31,0.0,2.44,0.0,0.0,0.0,2.14,0.0,2.3,2.04,2.14,2.28,2.08,2.09,2.24,2.2,2.39,2.16,36.07,5.23
465527,BUR,Hannibal,M,6.3,0.0,2.28,2.43,0.0,2.21,0.0,0.0,0.0,0.0,2.2,2.43,0.0,0.0,0.0,0.0,2.24,1.99,2.27,2.15,2.26,2.22,2.15,2.26,2.17,2.3,2.23,35.8,5.68
172567,BUR,Cullen,M,6.9,0.0,2.39,2.49,0.0,2.12,0.0,0.0,0.0,0.0,2.21,2.42,0.0,0.0,0.0,0.0,2.31,2.1,2.36,2.11,2.17,2.26,2.09,2.15,2.08,2.32,2.15,35.74,5.18
435973,BUR,Foster,F,7.2,0.0,2.48,2.58,0.0,2.19,0.0,0.0,0.0,0.0,2.33,2.48,0.0,0.0,0.0,0.0,2.32,1.99,2.32,1.87,2.18,2.3,2.02,2.16,2.06,2.16,2.1,35.55,4.94
487053,TOT,Udogie,D,7.1,1.44,0.0,2.05,0.0,2.84,0.0,0.0,0.0,2.75,0.0,0.0,2.46,0.0,0.0,0.0,2.51,2.04,2.44,1.7,2.57,1.94,2.46,2.31,1.82,1.96,2.12,35.4,4.99
577669,SUN,Sadiki,M,6.9,2.3,0.0,0.0,2.32,2.17,0.0,0.0,0.0,2.23,0.0,2.33,0.0,0.0,0.0,2.11,0.0,2.34,2.12,2.15,2.19,2.05,2.11,2.21,2.18,2.36,2.15,35.34,5.12
226944,AVL,Kamara,M,7.3,0.0,0.0,0.0,0.98,0.0,2.03,0.0,0.0,0.0,2.92,0.0,2.69,0.0,0.0,0.0,2.41,2.37,2.41,2.57,2.5,2.41,2.31,2.62,2.48,2.28,2.28,35.25,4.83
202993,TOT,Bentancur,M,7.3,2.68,0.0,2.3,0.0,2.44,0.0,0.0,0.0,2.38,0.0,0.0,2.28,0.0,0.0,0.0,2.31,2.08,2.26,1.94,2.15,2.05,2.18,2.02,2.02,2.04,2.1,35.23,4.83
209400,CRY,Kamada,M,7.4,3.6,0.0,2.94,0.0,2.37,0.0,0.0,0.0,0.0,2.12,1.79,0.0,0.0,0.0,0.0,1.77,2.23,1.91,1.88,1.91,2.27,1.95,1.96,2.12,2.24,2.05,35.1,4.74
209243,AVL,Sancho,M,7.7,0.73,0.0,0.0,0.99,0.0,2.14,0.0,0.0,0.0,3.0,0.0,2.42,0.0,0.0,0.0,2.31,2.35,2.52,2.41,2.63,2.4,2.07,2.44,2.47,2.17,1.98,35.05,4.55
91889,WHU,Füllkrug,F,9.3,1.52,0.0,2.47,0.0,0.0,0.0,2.16,0.0,2.02,0.0,0.0,0.0,2.4,2.27,0.0,0.0,2.09,2.4,2.09,2.09,2.18,2.15,2.29,1.98,2.29,2.3,34.71,3.73
509416,BHA,Ayari,M,7.4,1.98,0.0,2.37,0.0,1.95,0.0,0.0,0.0,0.0,2.21,2.18,0.0,0.0,0.0,2.1,0.0,2.32,2.0,2.11,1.92,2.13,2.38,2.01,2.61,1.94,2.28,34.49,4.66
58621,BUR,Walker,D,7.5,0.0,1.29,3.21,0.0,0.96,0.0,0.0,0.0,0.0,1.89,3.38,0.0,0.0,0.0,0.0,2.6,1.7,2.37,1.71,1.94,2.41,1.51,2.57,1.66,3.21,2.03,34.45,4.59
248875,MCI,Doku,M,8.4,0.0,2.95,0.0,2.4,3.09,0.0,0.0,0.0,0.0,2.82,2.42,0.0,0.0,0.0,0.0,1.85,1.87,1.57,1.58,1.89,1.7,2.29,1.74,2.03,1.78,2.12,34.09,4.06
200785,BOU,Adams,M,7.3,3.11,0.0,0.0,2.67,2.43,0.0,0.0,2.04,0.0,0.0,1.87,0.0,0.0,0.0,0.0,1.83,1.86,1.89,2.11,2.22,2.05,1.86,1.92,2.15,1.9,1.81,33.72,4.62
56979,BRE,Henderson,M,6.9,2.22,0.0,2.18,0.0,2.2,0.0,0.0,0.0,0.0,2.07,0.0,0.0,2.22,0.0,2.02,0.0,2.04,2.07,1.98,2.35,1.78,2.06,2.17,2.05,2.03,2.16,33.6,4.87
225796,CHE,James,D,7.8,2.88,0.0,2.08,0.0,2.13,0.0,0.0,0.0,1.63,0.0,2.02,0.0,0.0,0.0,2.68,0.0,1.8,2.32,2.48,1.67,2.15,1.76,2.26,1.68,2.05,2.0,33.59,4.31
216055,BUR,Florentino,M,6.3,0.0,0.93,1.62,0.0,2.23,0.0,0.0,0.0,0.0,2.2,2.47,0.0,0.0,0.0,0.0,2.2,2.13,2.38,2.13,2.15,2.1,2.24,2.07,2.13,2.31,2.27,33.55,5.32
248056,LEE,Tanaka,M,6.9,0.98,0.0,1.97,0.0,2.27,0.0,0.0,0.0,2.38,0.0,2.3,0.0,0.0,2.26,0.0,0.0,2.11,2.11,2.14,2.02,2.05,2.08,2.13,2.13,2.48,2.02,33.41,4.84
247693,TOT,Kolo Muani,F,8.3,2.18,0.0,2.34,0.0,2.69,0.0,0.0,0.0,2.41,0.0,0.0,2.27,0.0,0.0,0.0,2.19,1.94,2.07,1.56,2.09,1.68,2.23,1.94,1.83,1.88,2.06,33.37,4.02
494960,BUR,Hartman,D,6.1,0.0,1.41,2.82,0.0,1.11,0.0,0.0,0.0,0.0,1.89,3.11,0.0,0.0,0.0,0.0,2.45,1.76,2.26,1.79,1.93,2.15,1.56,2.48,1.72,2.82,2.03,33.28,5.46
206325,NFO,Zinchenko,D,7.2,0.0,0.0,2.98,0.0,3.14,0.0,0.0,0.0,0.0,1.94,2.08,0.0,0.0,0.0,0.0,1.99,2.45,2.74,1.54,2.31,2.35,2.0,1.96,1.82,1.57,2.23,33.08,4.6
551483,BOU,A.Jimenez,D,6.7,3.45,0.0,0.0,3.27,3.62,0.0,0.0,2.93,0.0,0.0,1.47,0.0,0.0,0.0,0.0,1.93,1.18,1.51,1.86,2.07,1.91,1.44,1.47,2.13,1.57,1.26,33.08,4.94
247955,SUN,Geertruida,D,6.7,1.48,0.0,0.0,2.36,2.46,0.0,0.0,0.0,1.93,0.0,3.14,0.0,0.0,0.0,1.3,0.0,3.22,1.76,2.16,2.3,0.87,1.1,2.14,1.79,3.27,1.68,32.95,4.92
434752,LEE,Bijol,D,6.1,0.88,0.0,1.43,0.0,2.08,0.0,0.0,0.0,2.4,0.0,3.1,0.0,0.0,2.82,0.0,0.0,1.87,2.26,2.35,1.32,1.9,1.56,1.96,2.18,2.96,1.17,32.25,5.29
493105,CHE,Garnacho,M,8.4,1.04,0.0,0.88,0.0,2.12,0.0,0.0,0.0,2.08,0.0,2.16,0.0,0.0,0.0,3.08,0.0,2.31,2.55,2.43,1.72,2.07,1.88,2.03,1.82,2.04,2.04,32.24,3.84
477555,MCI,Bobb,M,6.5,0.0,2.91,0.0,2.07,2.83,0.0,0.0,0.0,0.0,2.56,2.49,0.0,0.0,0.0,0.0,1.84,1.76,1.48,1.56,1.85,1.53,2.13,1.6,1.87,1.64,1.95,32.06,4.93
155408,BOU,Cook,M,7.9,0.0,0.0,0.0,1.3,1.97,0.0,0.0,2.13,0.0,0.0,2.08,0.0,0.0,0.0,0.0,2.13,2.07,2.14,2.36,2.49,2.21,2.12,2.18,2.45,2.17,2.06,31.86,4.03
586309,EVE,Barry,F,7.2,1.89,0.0,1.7,0.0,0.0,0.0,2.17,0.0,0.0,1.98,1.82,0.0,0.0,0.0,0.0,2.22,2.22,2.16,1.99,1.89,1.97,2.09,1.81,1.7,2.17,1.96,31.75,4.41
484420,SUN,E.Le Fée,M,6.9,1.6,0.0,0.0,2.0,1.95,0.0,0.0,0.0,1.99,0.0,2.21,0.0,0.0,0.0,1.9,0.0,2.03,1.88,1.98,2.08,1.92,1.91,2.04,2.01,2.17,1.97,31.65,4.59
248857,ARS,Madueke,M,8.2,3.53,0.0,0.0,2.56,0.0,1.67,0.0,0.0,1.93,0.0,1.73,0.0,0.0,0.0,0.0,1.84,2.08,2.01,2.02,1.52,1.73,1.68,1.94,1.66,1.81,1.81,31.51,3.84
492859,LEE,Gnonto,M,6.9,2.3,0.0,2.39,0.0,2.03,0.0,0.0,0.0,2.11,0.0,1.96,0.0,0.0,2.02,0.0,0.0,1.76,1.82,1.97,1.68,1.8,1.8,1.97,1.95,2.2,1.71,31.48,4.56
477717,BUR,Estève,D,6.1,0.0,1.06,2.87,0.0,0.73,0.0,0.0,0.0,0.0,1.67,3.17,0.0,0.0,0.0,0.0,2.4,1.56,2.19,1.57,1.76,2.17,1.31,2.49,1.5,3.08,1.87,31.39,5.15
444884,AVL,Elliott,M,7.0,2.39,0.0,0.0,2.92,0.0,2.23,0.0,0.0,0.0,2.09,0.0,1.99,0.0,0.0,0.0,1.84,0.0,1.85,1.97,2.03,1.81,1.59,1.89,1.88,1.65,1.52,29.64,4.23
513433,BHA,Gruda,M,6.7,1.71,0.0,1.98,0.0,1.69,0.0,0.0,0.0,0.0,1.87,1.77,0.0,0.0,0.0,1.69,0.0,2.04,1.74,2.03,1.78,1.94,2.01,1.56,2.29,1.44,1.86,29.4,4.39
54469,BOU,Smith,D,7.1,0.0,0.0,0.0,0.0,0.0,0.0,0.0,0.95,0.0,0.0,2.08,0.0,0.0,0.0,0.0,2.69,1.63,2.13,2.79,2.9,2.89,2.02,2.09,3.27,2.13,1.72,29.29,4.13
242898,TOT,Johnson,M,8.4,3.04,0.0,2.11,0.0,2.38,0.0,0.0,0.0,2.16,0.0,0.0,2.01,0.0,0.0,0.0,1.94,1.8,1.71,1.21,1.55,1.47,1.77,1.51,1.44,1.48,1.61,29.2,3.48
450070,WHU,Summerville,M,7.0,1.26,0.0,1.47,0.0,0.0,0.0,1.65,0.0,1.44,0.0,0.0,0.0,2.08,1.95,0.0,0.0,1.84,2.34,1.93,1.78,1.8,1.88,1.99,1.75,1.99,2.01,29.14,4.16
200641,BRE,Nelson,M,6.7,1.26,0.0,1.44,0.0,1.89,0.0,0.0,0.0,0.0,1.75,0.0,0.0,1.94,0.0,1.77,0.0,1.77,2.0,1.95,2.34,0.0,2.1,2.25,2.07,2.08,2.27,28.86,4.31
75115,WHU,Wilson,F,7.4,2.95,0.0,1.74,0.0,0.0,0.0,1.69,0.0,1.36,0.0,0.0,0.0,1.96,1.74,0.0,0.0,1.74,2.02,1.69,1.58,1.7,1.68,1.8,1.54,1.8,1.81,28.8,3.89
510281,MCI,Savinho,M,7.7,0.0,1.92,0.0,1.7,2.57,0.0,0.0,0.0,0.0,2.13,1.99,0.0,0.0,0.0,0.0,1.6,1.61,1.49,1.35,1.68,1.44,2.02,1.49,1.77,1.53,1.85,28.15,3.66
449871,AVL,Onana,M,7.4,1.38,0.0,0.0,2.54,0.0,2.07,0.0,0.0,0.0,1.8,0.0,1.62,0.0,0.0,0.0,1.58,1.8,1.64,1.76,2.13,1.73,1.54,1.77,1.73,1.56,1.5,28.14,3.8
218328,FUL,Chukwueze,M,6.3,0.85,0.0,1.61,0.0,0.0,1.79,0.0,1.78,0.0,0.0,1.59,0.0,0.0,0.0,1.77,0.0,1.94,1.79,2.3,1.92,1.71,1.8,1.92,1.84,1.84,1.68,28.14,4.47
101188,AVL,Digne,D,7.5,2.29,0.0,0.0,2.26,0.0,1.86,0.0,0.0,0.0,2.48,0.0,1.59,0.0,0.0,0.0,1.55,1.45,1.78,1.98,2.14,1.43,1.41,1.71,1.74,1.23,1.19,28.08,3.74
233963,WHU,Mavropanos,D,7.1,1.61,0.0,1.57,0.0,0.0,0.0,1.68,0.0,1.12,0.0,0.0,0.0,1.64,1.87,0.0,0.0,1.5,2.13,1.33,1.1,1.34,1.98,2.48,1.48,2.67,2.35,27.87,3.93
212319,TOT,Richarlison,F,9.3,3.91,0.0,2.92,0.0,2.18,0.0,0.0,0.0,1.74,0.0,0.0,1.71,0.0,0.0,0.0,1.48,1.48,1.57,1.05,1.49,1.34,1.52,1.31,1.24,1.27,1.4,27.63,2.97
235826,LEE,Piroe,F,7.2,1.01,0.0,1.46,0.0,1.69,0.0,0.0,0.0,1.89,0.0,1.99,0.0,0.0,1.89,0.0,0.0,1.62,1.61,1.75,1.52,1.74,1.67,1.88,1.86,2.15,1.55,27.26,3.79
445044,TOT,Kulusevski,M,8.7,0.0,0.0,0.0,0.0,0.0,0.0,0.0,0.0,0.0,0.0,0.0,0.0,0.0,0.0,0.0,0.0,1.07,2.58,2.51,2.99,2.82,3.27,2.89,2.8,2.84,3.06,26.82,3.08
153682,FUL,Wilson,M,7.1,2.34,0.0,1.85,0.0,0.0,1.43,0.0,1.56,0.0,0.0,1.35,0.0,0.0,0.0,1.47,0.0,1.79,1.52,2.11,1.63,1.49,1.61,1.71,1.65,1.64,1.5,26.66,3.75
465351,MCI,Matheus N.,D,7.4,0.0,2.17,0.0,1.2,1.99,0.0,0.0,0.0,0.0,1.64,1.88,0.0,0.0,0.0,0.0,1.48,1.61,1.28,1.28,1.79,1.58,2.1,1.39,1.77,1.54,1.91,26.6,3.6
434399,SUN,Reinildo,D,6.1,1.44,0.0,0.0,2.06,1.95,0.0,0.0,0.0,1.51,0.0,2.61,0.0,0.0,0.0,0.92,0.0,2.62,1.45,1.71,1.79,0.54,0.77,1.71,1.39,2.73,1.29,26.49,4.34
97299,MCI,Stones,D,8.6,0.0,0.89,0.0,1.26,2.08,0.0,0.0,0.0,0.0,1.44,1.75,0.0,0.0,0.0,0.0,1.42,1.54,1.36,1.41,1.96,1.55,2.44,1.52,1.86,1.68,2.26,26.43,3.07
201895,SUN,Alderete,D,6.1,1.42,0.0,0.0,2.08,1.93,0.0,0.0,0.0,1.5,0.0,2.44,0.0,0.0,0.0,1.05,0.0,2.46,1.41,1.77,1.81,0.71,0.86,1.65,1.38,2.52,1.31,26.29,4.31
205533,CRY,Nketiah,F,7.5,0.0,0.0,0.72,0.0,1.33,0.0,0.0,0.0,0.0,1.71,1.88,0.0,0.0,0.0,0.0,1.48,1.99,1.95,1.98,1.91,2.0,1.71,1.67,1.82,2.0,1.84,26.01,3.47
209289,FUL,Smith Rowe,M,7.7,1.58,0.0,1.62,0.0,0.0,1.5,0.0,1.54,0.0,0.0,1.38,0.0,0.0,0.0,1.42,0.0,1.8,1.58,1.95,1.69,1.48,1.68,1.78,1.71,1.7,1.57,25.99,3.38
478969,BUR,Ekdal,D,6.1,0.0,1.12,2.52,0.0,0.91,0.0,0.0,0.0,0.0,1.59,2.59,0.0,0.0,0.0,0.0,2.01,1.49,1.8,1.41,1.37,1.27,1.14,1.75,1.25,1.97,1.43,25.64,4.2
204646,AVL,Malen,F,8.2,2.24,0.0,0.0,2.22,0.0,1.47,0.0,0.0,0.0,1.71,0.0,1.48,0.0,0.0,0.0,1.33,1.49,1.58,1.56,1.71,1.47,1.24,1.55,1.55,1.33,1.17,25.12,3.06
231057,WOL,Bellegarde,M,7.6,1.5,0.0,1.75,0.0,1.55,0.0,0.0,0.0,0.0,1.59,1.7,0.0,0.0,0.0,0.0,1.8,1.53,1.43,1.6,1.58,1.57,1.59,1.34,1.65,1.41,1.51,25.11,3.3
532529,BHA,Hinshelwood,M,7.7,1.43,0.0,1.62,0.0,1.44,0.0,0.0,0.0,0.0,1.64,1.52,0.0,0.0,0.0,1.49,0.0,1.67,1.51,1.79,1.57,1.6,1.68,1.38,1.86,1.31,1.59,25.09,3.26
198869,ARS,White,D,8.8,1.07,0.0,0.0,1.11,0.0,1.33,0.0,0.0,1.76,0.0,1.53,0.0,0.0,0.0,0.0,1.63,1.91,1.87,1.63,1.32,1.71,1.46,1.79,1.62,1.58,1.61,24.93,2.83
463936,CHE,Gittens,M,8.0,3.07,0.0,1.64,0.0,1.59,0.0,0.0,0.0,1.38,0.0,1.5,0.0,0.0,0.0,1.85,0.0,1.6,1.71,1.52,1.06,1.27,1.29,1.38,1.25,1.38,1.38,24.87,3.11
458249,MUN,Zirkzee,F,8.3,0.0,1.77,1.78,0.0,1.36,0.0,0.0,0.0,1.71,0.0,0.0,1.19,0.0,0.0,1.4,0.0,1.42,1.5,1.59,1.43,1.73,1.53,1.54,1.44,1.49,1.65,24.51,2.95
222694,LEE,Struijk,D,6.7,2.69,0.0,2.4,0.0,1.59,0.0,0.0,0.0,1.31,0.0,1.7,0.0,0.0,1.55,0.0,0.0,1.2,1.4,1.49,0.94,1.21,1.12,1.36,1.47,1.93,0.88,24.22,3.62
106760,MUN,Shaw,D,7.1,0.0,1.55,2.01,0.0,1.92,0.0,0.0,0.0,1.98,0.0,0.0,0.81,0.0,0.0,1.44,0.0,1.39,1.16,1.69,1.23,1.55,1.5,1.39,1.24,1.33,1.67,23.89,3.36
108413,CRY,Hughes,M,7.8,2.93,0.0,2.37,0.0,1.79,0.0,0.0,0.0,0.0,1.41,1.35,0.0,0.0,0.0,0.0,1.12,1.25,1.25,1.15,1.32,1.3,1.22,1.25,1.34,1.4,1.28,23.73,3.04
560552,FUL,Kevin,M,6.6,0.87,0.0,1.34,0.0,0.0,1.37,0.0,1.37,0.0,0.0,1.18,0.0,0.0,0.0,1.38,0.0,1.68,1.44,2.0,1.63,1.47,1.55,1.65,1.59,1.6,1.45,23.56,3.57
462116,WHU,Todibo,D,7.1,1.16,0.0,1.13,0.0,0.0,0.0,1.31,0.0,0.85,0.0,0.0,0.0,1.38,1.38,0.0,0.0,1.22,1.84,1.02,0.93,1.13,1.83,2.27,1.38,2.43,2.16,23.44,3.3
514254,BHA,Gomez,M,6.7,1.26,0.0,1.41,0.0,1.24,0.0,0.0,0.0,0.0,1.39,1.49,0.0,0.0,0.0,1.43,0.0,1.62,1.39,1.53,1.4,1.55,1.59,1.34,1.73,1.29,1.52,23.18,3.46
485337,AVL,Guessand,M,8.0,1.68,0.0,0.0,1.84,0.0,1.29,0.0,0.0,0.0,1.54,0.0,1.4,0.0,0.0,0.0,1.19,1.38,1.35,1.34,1.5,1.4,1.15,1.42,1.42,1.23,1.09,22.23,2.78
492777,LIV,Bradley,D,6.8,0.0,3.55,2.18,0.0,0.87,0.0,0.0,0.0,0.85,0.0,0.0,1.14,0.0,0.0,1.05,0.0,1.13,0.94,1.3,1.18,1.6,1.29,1.2,1.11,1.37,1.42,22.19,3.26
122798,LIV,Robertson,D,9.1,0.0,1.24,1.27,0.0,0.98,0.0,0.0,0.0,1.02,0.0,0.0,1.31,0.0,0.0,1.29,0.0,1.36,1.03,1.65,1.38,1.94,1.51,1.43,1.3,1.62,1.67,22.01,2.42
244858,BRE,Carvalho,M,6.7,1.04,0.0,1.13,0.0,1.24,0.0,0.0,0.0,0.0,1.16,0.0,0.0,1.28,0.0,1.1,0.0,1.17,1.27,1.24,1.59,1.58,1.38,1.49,1.37,1.37,1.5,20.9,3.12
126184,MCI,Aké,D,8.0,0.0,3.19,0.0,1.12,1.38,0.0,0.0,0.0,0.0,1.02,1.29,0.0,0.0,0.0,0.0,0.95,1.15,0.93,1.02,1.34,1.12,1.51,1.03,1.28,1.14,1.39,20.87,2.61
516895,MUN,Mainoo,M,7.3,0.0,1.81,1.46,0.0,1.2,0.0,0.0,0.0,1.29,0.0,0.0,1.05,0.0,0.0,1.19,0.0,1.19,1.25,1.28,1.26,1.43,1.25,1.25,1.2,1.24,1.31,20.65,2.83
174594,LEE,Nmecha,F,7.2,0.87,0.0,1.21,0.0,1.26,0.0,0.0,0.0,1.43,0.0,1.38,0.0,0.0,1.39,0.0,0.0,1.23,1.31,1.36,1.17,1.28,1.23,1.38,1.35,1.55,1.16,20.55,2.85
431639,BUR,Flemming,F,7.2,0.0,1.04,1.24,0.0,1.01,0.0,0.0,0.0,0.0,1.13,1.36,0.0,0.0,0.0,0.0,1.21,1.12,1.3,1.25,1.4,1.3,1.27,1.41,1.31,1.44,1.38,20.16,2.8
564406,SUN,Mayenda,F,7.2,1.87,0.0,0.0,1.55,1.34,0.0,0.0,0.0,1.23,0.0,1.37,0.0,0.0,0.0,1.18,0.0,1.26,1.08,1.16,1.27,1.18,1.05,1.15,1.12,1.24,1.1,20.15,2.8
231416,BHA,F.Kadıoğlu,D,6.5,0.86,0.0,1.14,0.0,0.88,0.0,0.0,0.0,0.0,1.27,1.15,0.0,0.0,0.0,1.1,0.0,1.43,1.14,1.46,1.26,1.46,1.58,0.88,1.9,0.98,1.4,19.88,3.06
502697,EVE,Alcaraz,M,7.1,1.34,0.0,1.07,0.0,0.0,0.0,1.2,0.0,0.0,1.09,1.5,0.0,0.0,0.0,0.0,1.27,1.39,1.27,1.09,1.24,1.25,1.29,1.14,1.07,1.33,1.22,19.76,2.78
219847,ARS,Havertz,F,10.7,0.0,0.0,0.0,0.0,0.0,0.0,0.0,0.0,0.0,0.0,0.0,0.0,0.0,0.0,0.0,1.07,1.43,2.13,2.02,1.63,2.08,1.75,2.06,1.76,1.91,1.9,19.74,1.85
244954,AVL,Pau,D,7.1,0.89,0.0,0.0,1.27,0.0,1.24,0.0,0.0,0.0,1.69,0.0,1.07,0.0,0.0,0.0,1.1,0.83,1.28,1.44,1.57,1.2,1.18,1.41,1.45,1.04,1.0,19.66,2.77
488213,WOL,Tolu,F,6.5,2.59,0.0,3.0,0.0,0.96,0.0,0.0,0.0,0.0,0.99,1.13,0.0,0.0,0.0,0.0,1.18,0.99,0.97,1.02,0.93,1.01,1.05,0.82,1.13,0.89,0.98,19.65,3.02
77794,NEW,Trippier,D,7.9,1.77,0.0,0.0,0.93,0.0,0.95,0.0,0.0,0.0,1.24,1.04,0.0,0.0,0.0,1.22,0.0,1.19,1.18,1.12,1.2,1.26,1.55,1.43,1.06,1.08,1.42,19.62,2.48
195384,ARS,Merino,M,8.6,1.11,0.0,0.0,1.14,0.0,1.12,0.0,0.0,1.44,0.0,1.18,0.0,0.0,0.0,0.0,1.21,1.25,1.34,1.27,1.03,1.2,1.14,1.3,1.16,1.23,1.22,19.34,2.25
110504,SUN,Traoré,M,6.3,0.84,0.0,0.0,1.15,1.22,0.0,0.0,0.0,1.2,0.0,1.3,0.0,0.0,0.0,1.17,0.0,1.28,1.11,1.24,1.27,1.14,1.15,1.28,1.24,1.4,1.22,19.22,3.05
106611,EVE,Keane,D,7.1,3.43,0.0,1.76,0.0,0.0,0.0,3.4,0.0,0.0,2.5,0.52,0.0,0.0,0.0,0.0,0.65,0.73,0.74,0.69,0.72,0.67,0.75,0.55,0.59,0.81,0.68,19.19,2.7
578153,MCI,Khusanov,D,6.5,0.0,2.44,0.0,0.82,1.18,0.0,0.0,0.0,0.0,1.01,1.17,0.0,0.0,0.0,0.0,1.0,1.01,0.92,0.92,1.33,1.07,1.47,1.01,1.26,1.13,1.37,19.11,2.94
513466,EVE,Röhl,M,6.3,0.44,0.0,0.66,0.0,0.0,0.0,1.23,0.0,0.0,1.25,1.2,0.0,0.0,0.0,0.0,1.3,1.44,1.29,1.24,1.3,1.19,1.34,1.2,1.16,1.4,1.27,18.91,3.0
643135,WOL,Fer López,M,6.9,1.03,0.0,1.1,0.0,1.09,0.0,0.0,0.0,0.0,1.13,1.41,0.0,0.0,0.0,0.0,1.33,1.14,1.12,1.16,1.18,1.31,1.27,1.01,1.34,1.08,1.19,18.91,2.74
230001,MUN,Mazraoui,D,7.8,0.0,1.22,1.54,0.0,1.12,0.0,0.0,0.0,1.56,0.0,0.0,0.7,0.0,0.0,1.11,0.0,1.04,1.02,1.41,1.02,1.41,1.15,1.08,1.0,1.07,1.27,18.74,2.4
497949,WOL,Møller Wolfe,D,6.7,1.03,0.0,1.45,0.0,1.11,0.0,0.0,0.0,0.0,1.19,1.51,0.0,0.0,0.0,0.0,1.66,1.14,0.85,1.18,1.06,1.35,1.23,0.82,1.26,0.73,1.05,18.64,2.78
466052,MCI,Cherki,M,8.6,0.0,0.0,0.0,0.0,0.0,0.0,0.0,0.0,0.0,0.0,0.0,0.0,0.0,0.0,0.0,0.69,1.46,1.55,1.55,1.87,1.5,2.31,1.69,2.01,1.74,2.1,18.47,2.15
570526,TOT,Bergvall,M,7.3,1.4,0.0,1.1,0.0,1.23,0.0,0.0,0.0,1.23,0.0,0.0,1.24,0.0,0.0,0.0,1.23,1.17,1.22,1.02,1.13,1.08,1.15,1.05,1.04,1.05,1.1,18.45,2.53
487676,SUN,Hume,D,6.7,1.76,0.0,0.0,2.12,1.11,0.0,0.0,0.0,0.98,0.0,1.41,0.0,0.0,0.0,0.73,0.0,1.43,0.95,1.02,1.15,0.55,0.67,1.11,0.96,1.56,0.91,18.42,2.75
432714,NFO,McAtee,M,6.9,0.88,0.0,1.2,0.0,1.39,0.0,0.0,0.0,0.0,1.04,1.03,0.0,0.0,0.0,0.0,1.07,1.12,1.28,1.03,1.16,1.14,1.12,1.28,1.12,1.1,1.19,18.16,2.63
114243,NEW,J.Murphy,M,8.3,1.84,0.0,0.0,1.55,0.0,0.82,0.0,0.0,0.0,1.04,0.97,0.0,0.0,0.0,0.98,0.0,0.99,0.98,0.94,0.92,1.11,1.27,1.26,1.04,1.05,1.17,17.92,2.16
465642,NEW,Thiaw,D,7.6,0.78,0.0,0.0,0.76,0.0,0.9,0.0,0.0,0.0,1.14,0.91,0.0,0.0,0.0,1.24,0.0,1.16,1.07,1.06,1.27,1.28,1.51,1.39,1.02,1.03,1.39,17.92,2.36
490721,WOL,H.Bueno,D,6.1,0.95,0.0,1.6,0.0,0.97,0.0,0.0,0.0,0.0,1.14,1.35,0.0,0.0,0.0,0.0,1.58,1.1,0.81,1.1,1.02,1.29,1.17,0.81,1.2,0.71,1.01,17.81,2.92
152551,CRY,Lerma,M,7.7,3.15,0.0,2.39,0.0,1.25,0.0,0.0,0.0,0.0,0.75,0.85,0.0,0.0,0.0,0.0,0.8,0.9,0.86,0.89,0.87,0.93,0.8,0.78,0.83,0.88,0.83,17.74,2.3
180135,LEE,Longstaff,M,7.0,1.37,0.0,1.02,0.0,0.98,0.0,0.0,0.0,1.01,0.0,1.03,0.0,0.0,1.17,0.0,0.0,1.05,1.11,1.15,1.0,1.1,1.06,1.12,1.11,1.23,1.02,17.55,2.51
608181,BHA,Tzimas,F,7.7,0.59,0.0,0.82,0.0,0.89,0.0,0.0,0.0,0.0,1.15,1.05,0.0,0.0,0.0,1.08,0.0,1.24,1.06,1.33,1.2,1.21,1.27,0.96,1.47,0.87,1.18,17.35,2.25
469272,BUR,Tchaouna,M,6.9,0.0,0.87,1.02,0.0,0.94,0.0,0.0,0.0,0.0,1.06,1.18,0.0,0.0,0.0,0.0,1.08,0.94,1.18,1.06,1.17,1.19,1.07,1.16,1.11,1.17,1.13,17.35,2.51
194010,BRE,Henry,D,6.1,0.83,0.0,0.97,0.0,1.01,0.0,0.0,0.0,0.0,0.84,0.0,0.0,1.15,0.0,0.9,0.0,0.9,1.05,0.99,1.55,0.84,1.06,1.48,1.26,1.2,1.23,17.25,2.83
483081,WOL,R.Gomes,M,7.0,0.96,0.0,1.11,0.0,0.94,0.0,0.0,0.0,0.0,1.11,1.23,0.0,0.0,0.0,0.0,1.24,1.07,1.02,1.17,1.07,1.15,1.11,0.9,1.17,0.96,1.05,17.25,2.46
500040,ARS,Mosquera,D,7.9,3.03,0.0,0.0,0.55,0.0,0.61,0.0,0.0,0.89,0.0,0.83,0.0,0.0,0.0,0.0,0.89,1.03,1.08,1.02,0.78,1.09,0.98,1.17,1.1,1.04,1.07,17.16,2.17
171287,LIV,Gomez,D,6.8,0.0,0.94,0.86,0.0,0.76,0.0,0.0,0.0,0.69,0.0,0.0,0.93,0.0,0.0,0.94,0.0,1.08,0.82,1.24,1.16,1.42,1.27,1.17,1.08,1.34,1.39,17.08,2.51
91651,MCI,Kovačić,M,8.7,0.0,0.49,0.0,0.88,1.43,0.0,0.0,0.0,0.0,1.07,1.13,0.0,0.0,0.0,0.0,1.05,1.05,0.92,1.0,1.05,1.04,1.28,1.0,1.15,1.01,1.21,16.74,1.92
482973,NFO,Igor Jesus,F,7.2,0.76,0.0,1.03,0.0,1.2,0.0,0.0,0.0,0.0,0.88,0.94,0.0,0.0,0.0,0.0,0.99,1.09,1.05,0.94,0.99,1.22,1.08,1.22,1.07,1.03,1.14,16.65,2.31
184349,FUL,Sessegnon,M,6.8,1.62,0.0,0.99,0.0,0.0,0.93,0.0,0.97,0.0,0.0,0.84,0.0,0.0,0.0,0.93,0.0,1.11,0.99,1.26,1.05,1.0,0.97,1.03,0.98,1.01,0.92,16.58,2.44
158534,WHU,Walker-Peters,D,6.7,0.59,0.0,0.81,0.0,0.0,0.0,0.92,0.0,0.67,0.0,0.0,0.0,1.07,1.07,0.0,0.0,0.97,1.49,0.96,0.87,0.99,1.12,1.36,0.88,1.44,1.3,16.5,2.46
463034,CHE,Delap,F,8.7,0.0,0.0,0.0,0.0,0.0,0.0,0.0,0.0,0.0,0.0,0.0,0.0,0.0,0.0,0.0,0.0,0.0,0.0,0.93,1.55,2.33,2.2,2.37,2.13,2.34,2.34,16.19,1.86
441271,WOL,Hoever,D,6.1,0.0,0.0,0.93,0.0,0.94,0.0,0.0,0.0,0.0,1.16,1.36,0.0,0.0,0.0,0.0,1.53,1.06,0.8,1.1,1.0,1.21,1.18,0.82,1.22,0.74,1.03,16.07,2.63
243571,EVE,Patterson,D,6.5,0.0,0.0,0.43,0.0,0.0,0.0,1.53,0.0,0.0,1.35,0.83,0.0,0.0,0.0,0.0,1.02,1.27,1.18,1.0,1.02,0.96,1.19,0.84,0.96,1.34,1.07,15.99,2.46
206915,LIV,C.Jones,M,7.3,0.0,0.0,0.0,0.0,0.86,0.0,0.0,0.0,0.82,0.0,0.0,1.04,0.0,0.0,1.08,0.0,1.11,1.06,1.12,1.13,1.42,1.19,1.19,1.2,1.26,1.26,15.74,2.16
660392,CRY,Uche,F,6.5,2.21,0.0,1.83,0.0,1.13,0.0,0.0,0.0,0.0,0.7,0.8,0.0,0.0,0.0,0.0,0.58,0.92,0.85,0.8,0.86,0.9,0.75,0.73,0.8,0.87,0.8,15.54,2.39
210462,NFO,Sangaré,M,6.7,1.04,0.0,1.03,0.0,1.01,0.0,0.0,0.0,0.0,0.9,0.89,0.0,0.0,0.0,0.0,0.87,0.88,0.97,0.9,0.99,0.97,0.94,1.01,0.89,0.91,0.97,15.17,2.26
444145,ARS,Martinelli,M,10.0,1.85,0.0,0.0,1.19,0.0,0.88,0.0,0.0,1.13,0.0,0.86,0.0,0.0,0.0,0.0,0.81,0.92,0.94,0.95,0.71,0.89,0.76,0.88,0.75,0.82,0.82,15.16,1.52
472713,BRE,Hickey,D,6.1,0.51,0.0,0.59,0.0,0.9,0.0,0.0,0.0,0.0,0.81,0.0,0.0,1.0,0.0,0.78,0.0,0.87,0.99,0.9,1.42,0.79,0.95,1.32,1.12,1.07,1.11,15.15,2.48
111317,BOU,Brooks,M,7.2,1.11,0.0,0.0,0.86,0.88,0.0,0.0,0.89,0.0,0.0,0.71,0.0,0.0,0.0,0.0,0.86,0.73,0.84,1.06,1.11,1.03,0.96,0.97,1.17,1.03,0.91,15.12,2.1
116216,ARS,Trossard,M,10.3,0.9,0.0,0.0,0.74,0.0,0.83,0.0,0.0,1.19,0.0,0.96,0.0,0.0,0.0,0.0,0.92,1.03,1.12,1.0,0.79,1.06,0.85,0.99,0.85,0.93,0.92,15.08,1.46
87835,WOL,Doherty,D,7.4,0.86,0.0,1.18,0.0,0.78,0.0,0.0,0.0,0.0,0.89,1.19,0.0,0.0,0.0,0.0,1.21,0.89,0.69,0.94,0.88,1.18,1.04,0.72,1.08,0.65,0.9,15.08,2.04
232112,MUN,Ugarte,M,7.3,0.0,1.02,0.94,0.0,0.79,0.0,0.0,0.0,0.98,0.0,0.0,0.81,0.0,0.0,0.95,0.0,0.87,0.99,0.98,0.91,1.07,0.95,0.92,0.9,0.94,0.98,14.99,2.05
232653,NEW,J.Ramsey,M,7.3,0.0,0.0,0.0,0.0,0.0,0.0,0.0,0.0,0.0,0.0,0.45,0.0,0.0,0.0,1.03,0.0,1.17,1.16,1.15,1.17,1.4,1.63,1.61,1.33,1.35,1.51,14.96,2.05
550090,BHA,Coppola,D,6.7,0.59,0.0,0.75,0.0,0.63,0.0,0.0,0.0,0.0,0.98,0.92,0.0,0.0,0.0,0.84,0.0,1.23,0.81,1.06,1.02,0.96,1.2,0.66,1.42,0.77,1.06,14.91,2.23
499169,ARS,Lewis-Skelly,D,7.4,0.67,0.0,0.0,0.63,0.0,0.72,0.0,0.0,1.04,0.0,1.0,0.0,0.0,0.0,0.0,0.99,1.14,1.09,0.96,0.79,0.98,0.88,1.06,0.97,0.94,0.96,14.85,2.01
223434,WHU,Igor,D,6.8,1.27,0.0,1.31,0.0,0.0,0.0,1.45,0.0,0.86,0.0,0.0,0.0,1.33,1.5,0.0,0.0,1.23,2.11,1.43,1.04,1.18,0.0,0.0,0.0,0.0,0.0,14.72,2.16
184754,WOL,Hee Chan,F,7.2,1.68,0.0,0.98,0.0,0.62,0.0,0.0,0.0,0.0,0.74,0.87,0.0,0.0,0.0,0.0,0.92,0.77,0.77,0.93,0.96,0.95,0.95,0.77,1.0,0.82,0.9,14.63,2.03
220237,NEW,Botman,D,6.7,0.0,0.0,0.0,0.46,0.0,0.62,0.0,0.0,0.0,0.94,0.86,0.0,0.0,0.0,0.96,0.0,1.02,0.95,0.89,1.07,1.13,1.35,1.25,0.94,0.95,1.24,14.62,2.18
427637,LEE,Aaronson,M,6.9,0.74,0.0,0.71,0.0,0.71,0.0,0.0,0.0,0.89,0.0,0.87,0.0,0.0,1.02,0.0,0.0,0.9,0.92,0.92,0.84,0.94,0.95,1.03,1.02,1.14,0.91,14.52,2.1
503139,BOU,Scott,M,7.0,1.97,0.0,0.0,0.77,0.83,0.0,0.0,0.73,0.0,0.0,0.75,0.0,0.0,0.0,0.0,0.85,0.81,0.81,0.92,0.97,0.91,0.78,0.8,0.91,0.83,0.76,14.39,2.06
166477,FUL,Castagne,D,7.1,0.51,0.0,0.62,0.0,0.0,0.65,0.0,0.66,0.0,0.0,0.68,0.0,0.0,0.0,0.66,0.0,1.03,1.0,1.3,0.95,0.8,1.01,1.22,1.12,1.03,0.88,14.1,1.99
451302,MUN,Bayindir,G,6.4,0.0,2.45,2.75,0.0,1.28,0.0,0.0,0.0,0.63,0.0,0.0,0.38,0.0,0.0,0.55,0.0,0.53,0.51,0.69,0.52,0.65,0.62,0.59,0.54,0.56,0.68,13.91,2.17
465694,MCI,N.Gonzalez,M,7.6,0.0,0.89,0.0,0.71,0.98,0.0,0.0,0.0,0.0,0.94,0.96,0.0,0.0,0.0,0.0,0.78,0.79,0.77,0.74,0.92,0.85,1.02,0.82,0.94,0.82,0.96,13.89,1.83
551210,CHE,Hato,D,7.3,0.62,0.0,0.71,0.0,0.77,0.0,0.0,0.0,0.64,0.0,0.8,0.0,0.0,0.0,1.17,0.0,0.89,1.07,1.11,0.77,0.91,0.79,1.01,0.76,0.91,0.88,13.81,1.89
651426,CRY,Canvot,D,6.7,0.81,0.0,0.69,0.0,0.6,0.0,0.0,0.0,0.0,0.77,0.73,0.0,0.0,0.0,0.0,0.61,0.95,0.89,0.98,0.92,1.11,0.91,0.79,1.03,0.94,1.02,13.78,2.06
95658,MUN,Maguire,D,7.1,0.0,0.94,1.21,0.0,1.0,0.0,0.0,0.0,1.16,0.0,0.0,0.48,0.0,0.0,0.67,0.0,0.78,0.74,0.94,0.73,0.94,0.86,0.82,0.74,0.78,0.95,13.77,1.94
564940,WHU,S.Magassa,M,6.3,0.4,0.0,0.52,0.0,0.0,0.0,0.66,0.0,0.76,0.0,0.0,0.0,0.86,0.83,0.0,0.0,0.86,0.96,0.83,0.83,0.82,1.05,1.06,1.01,1.05,1.08,13.59,2.16
221399,LEE,Harrison,M,7.6,0.67,0.0,0.59,0.0,0.76,0.0,0.0,0.0,0.86,0.0,0.89,0.0,0.0,0.87,0.0,0.0,0.8,0.89,0.93,0.9,0.84,0.85,0.93,0.92,1.04,0.81,13.54,1.78
241231,BUR,Jordan,D,6.1,0.0,0.0,0.0,0.0,0.3,0.0,0.0,0.0,0.0,0.43,0.7,0.0,0.0,0.0,0.0,0.8,0.69,0.96,0.96,1.08,1.27,0.98,1.43,1.05,1.64,1.22,13.51,2.21
463981,BOU,Hill,D,6.8,0.39,0.0,0.0,0.61,0.84,0.0,0.0,0.94,0.0,0.0,0.63,0.0,0.0,0.0,0.0,0.85,0.63,0.8,1.08,1.21,1.01,0.81,0.83,1.21,0.85,0.72,13.4,1.97
204120,BHA,Boscagli,D,6.7,0.39,0.0,0.6,0.0,0.53,0.0,0.0,0.0,0.0,0.81,0.74,0.0,0.0,0.0,0.74,0.0,0.93,0.78,0.95,0.88,0.96,1.14,0.67,1.36,0.74,1.01,13.25,1.98
111478,BHA,Veltman,D,7.1,0.49,0.0,0.75,0.0,0.54,0.0,0.0,0.0,0.0,0.76,0.79,0.0,0.0,0.0,0.69,0.0,1.09,0.73,0.95,0.82,0.93,1.03,0.62,1.22,0.68,0.92,13.01,1.83
218364,CRY,Sosa,D,6.7,0.74,0.0,0.7,0.0,0.6,0.0,0.0,0.0,0.0,0.76,0.85,0.0,0.0,0.0,0.0,0.63,0.91,0.9,0.87,0.83,0.96,0.81,0.73,0.91,0.89,0.9,12.97,1.94
476887,NFO,Bakwa,M,7.2,0.0,0.0,0.5,0.0,1.01,0.0,0.0,0.0,0.0,0.86,0.84,0.0,0.0,0.0,0.0,0.85,0.9,0.98,0.82,0.94,0.93,0.83,0.91,0.82,0.8,0.87,12.86,1.79
486520,LEE,Gruev,M,6.9,1.15,0.0,0.66,0.0,0.68,0.0,0.0,0.0,0.71,0.0,0.8,0.0,0.0,0.82,0.0,0.0,0.81,0.75,0.82,0.78,0.8,0.77,0.8,0.8,0.86,0.75,12.76,1.85
174592,BUR,Edwards,M,6.9,0.0,0.52,0.69,0.0,0.67,0.0,0.0,0.0,0.0,0.72,0.89,0.0,0.0,0.0,0.0,0.8,0.75,0.9,0.76,0.88,0.84,0.81,0.88,0.83,0.88,0.86,12.68,1.84
543295,BRE,Milambo,M,6.9,0.71,0.0,0.68,0.0,0.69,0.0,0.0,0.0,0.0,0.64,0.0,0.0,0.83,0.0,0.73,0.0,0.68,0.73,0.79,0.92,0.76,0.86,0.91,0.85,0.86,0.91,12.54,1.82
485047,NFO,Morato,D,6.8,0.44,0.0,0.59,0.0,0.85,0.0,0.0,0.0,0.0,0.6,0.66,0.0,0.0,0.0,0.0,0.73,0.8,1.01,0.53,0.86,0.85,0.96,0.9,0.88,0.75,1.06,12.48,1.84
489706,CRY,Devenny,M,6.3,2.4,0.0,1.49,0.0,0.9,0.0,0.0,0.0,0.0,0.55,0.58,0.0,0.0,0.0,0.0,0.5,0.67,0.58,0.62,0.59,0.62,0.55,0.54,0.58,0.62,0.58,12.39,1.97
519895,BUR,Sonne,D,6.1,0.0,0.51,0.83,0.0,0.45,0.0,0.0,0.0,0.0,0.67,1.01,0.0,0.0,0.0,0.0,0.87,0.67,0.86,0.74,0.74,0.81,0.66,0.97,0.72,1.07,0.8,12.36,2.03
57328,CRY,Clyne,D,6.5,0.57,0.0,0.48,0.0,0.5,0.0,0.0,0.0,0.0,0.74,0.67,0.0,0.0,0.0,0.0,0.53,0.8,0.85,0.87,0.85,1.09,0.84,0.74,0.94,0.86,0.94,12.28,1.89
200089,NEW,Willock,M,7.0,1.12,0.0,0.0,0.9,0.0,0.6,0.0,0.0,0.0,0.79,0.74,0.0,0.0,0.0,0.62,0.0,0.67,0.67,0.58,0.66,0.8,0.84,0.83,0.7,0.71,0.78,12.03,1.72
231480,WOL,S.Bueno,D,7.1,0.7,0.0,0.88,0.0,0.53,0.0,0.0,0.0,0.0,0.66,0.85,0.0,0.0,0.0,0.0,0.93,0.68,0.54,0.75,0.66,0.85,0.89,0.64,0.91,0.56,0.78,11.81,1.66
532605,CHE,Andrey Santos,M,6.3,0.41,0.0,0.72,0.0,0.72,0.0,0.0,0.0,0.55,0.0,0.63,0.0,0.0,0.0,0.96,0.0,0.81,0.88,0.8,0.68,0.8,0.7,0.77,0.69,0.74,0.74,11.61,1.84
223827,SUN,Ballard,D,6.7,0.0,0.0,0.0,0.0,0.74,0.0,0.0,0.0,0.75,0.0,1.1,0.0,0.0,0.0,0.56,0.0,1.13,0.71,0.9,0.9,0.44,0.52,0.89,0.77,1.28,0.73,11.44,1.71
231065,BRE,Pinnock,D,7.1,0.0,0.0,0.41,0.0,0.59,0.0,0.0,0.0,0.0,0.53,0.0,0.0,0.75,0.0,0.62,0.0,0.66,0.72,0.66,1.04,0.61,0.77,1.03,0.89,0.85,0.88,11.03,1.55
135720,TOT,Danso,D,6.8,0.5,0.0,0.63,0.0,0.88,0.0,0.0,0.0,0.68,0.0,0.0,0.61,0.0,0.0,0.0,0.62,0.59,0.64,0.54,0.75,0.58,0.77,0.73,0.59,0.64,0.68,10.42,1.53
168636,BOU,Enes Ünal,F,6.9,0.0,0.0,0.0,0.0,0.0,0.0,0.0,0.0,0.0,0.0,0.77,0.0,0.0,0.0,0.0,0.85,0.75,0.77,1.03,0.96,0.94,0.82,0.83,1.02,0.9,0.77,10.4,1.51
109345,BHA,March,M,7.1,0.0,0.0,0.0,0.0,0.0,0.0,0.0,0.0,0.0,0.0,0.67,0.0,0.0,0.0,0.75,0.0,0.86,0.82,0.91,0.9,0.95,0.98,0.76,1.12,0.7,0.91,10.33,1.45
547719,NEW,L.Miley,M,6.3,0.75,0.0,0.0,0.65,0.0,0.55,0.0,0.0,0.0,0.64,0.58,0.0,0.0,0.0,0.61,0.0,0.59,0.57,0.55,0.59,0.68,0.74,0.74,0.64,0.66,0.7,10.23,1.62
128295,ARS,Nørgaard,M,8.4,0.0,0.0,0.0,0.46,0.0,0.6,0.0,0.0,0.7,0.0,0.65,0.0,0.0,0.0,0.0,0.71,0.68,0.77,0.78,0.65,0.76,0.64,0.73,0.66,0.69,0.68,10.14,1.21
207283,BRE,Jensen,M,7.0,0.51,0.0,0.51,0.0,0.62,0.0,0.0,0.0,0.0,0.57,0.0,0.0,0.61,0.0,0.6,0.0,0.67,0.66,0.65,0.75,0.67,0.65,0.69,0.64,0.64,0.68,10.13,1.45
436893,BOU,J.Araujo,D,6.5,1.02,0.0,0.0,0.97,1.17,0.0,0.0,0.82,0.0,0.0,0.41,0.0,0.0,0.0,0.0,0.46,0.36,0.42,0.55,0.63,0.52,0.47,0.49,0.68,0.5,0.42,9.89,1.52
433154,EVE,McNeil,M,7.5,0.62,0.0,0.4,0.0,0.0,0.0,0.5,0.0,0.0,0.46,0.93,0.0,0.0,0.0,0.0,0.63,0.7,0.54,0.6,0.61,0.63,0.68,0.6,0.57,0.7,0.64,9.81,1.31
223336,SUN,Neil,M,6.9,0.3,0.0,0.0,0.44,0.46,0.0,0.0,0.0,0.47,0.0,0.57,0.0,0.0,0.0,0.56,0.0,0.62,0.56,0.66,0.67,0.64,0.73,0.76,0.75,0.79,0.74,9.73,1.41
76357,FUL,Cairney,M,6.7,0.0,0.0,0.42,0.0,0.0,0.41,0.0,0.48,0.0,0.0,0.51,0.0,0.0,0.0,0.62,0.0,0.66,0.61,0.8,0.69,0.66,0.72,0.76,0.73,0.74,0.69,9.5,1.42
59735,LEE,Darlow,G,6.0,3.14,0.0,3.35,0.0,2.41,0.0,0.0,0.0,0.57,0.0,0.0,0.0,0.0,0.0,0.0,0.0,0.0,0.0,0.0,0.0,0.0,0.0,0.0,0.0,0.0,0.0,9.46,1.58
428580,BRE,Onyeka,M,6.3,0.46,0.0,0.47,0.0,0.52,0.0,0.0,0.0,0.0,0.46,0.0,0.0,0.53,0.0,0.52,0.0,0.55,0.57,0.56,0.64,0.51,0.62,0.65,0.62,0.61,0.65,8.94,1.42
437505,SUN,Isidor,F,7.2,0.54,0.0,0.0,0.57,0.55,0.0,0.0,0.0,0.47,0.0,0.52,0.0,0.0,0.0,0.41,0.0,0.58,0.45,0.59,0.53,0.54,0.51,0.56,0.54,0.61,0.53,8.5,1.18
496208,BOU,Gannon-Doak,M,6.3,0.0,0.0,0.0,0.0,0.57,0.0,0.0,0.57,0.0,0.0,0.54,0.0,0.0,0.0,0.0,0.58,0.5,0.62,0.73,0.7,0.62,0.58,0.59,0.71,0.62,0.54,8.48,1.35
549074,BHA,Watson,M,6.9,0.0,0.0,0.56,0.0,0.5,0.0,0.0,0.0,0.0,0.61,0.5,0.0,0.0,0.0,0.54,0.0,0.61,0.49,0.62,0.59,0.62,0.62,0.48,0.7,0.45,0.58,8.47,1.23
180804,BUR,Tuanzebe,D,7.1,0.0,0.26,0.62,0.0,0.41,0.0,0.0,0.0,0.0,0.55,0.77,0.0,0.0,0.0,0.0,0.65,0.52,0.56,0.48,0.48,0.54,0.42,0.57,0.45,0.62,0.49,8.39,1.18
246301,FUL,J.Cuenca,D,6.5,0.0,0.0,0.0,0.0,0.0,0.4,0.0,0.42,0.0,0.0,0.47,0.0,0.0,0.0,0.48,0.0,0.65,0.67,0.83,0.54,0.55,0.64,0.76,0.7,0.65,0.57,8.33,1.28
204580,BRE,Janelt,M,7.6,0.0,0.0,0.0,0.0,0.49,0.0,0.0,0.0,0.0,0.52,0.0,0.0,0.56,0.0,0.54,0.0,0.55,0.57,0.59,0.74,0.59,0.61,0.65,0.61,0.61,0.64,8.26,1.09
511499,TOT,Tel,F,7.6,0.74,0.0,0.68,0.0,0.62,0.0,0.0,0.0,0.58,0.0,0.0,0.63,0.0,0.0,0.0,0.59,0.59,0.55,0.42,0.0,0.0,0.58,0.51,0.48,0.5,0.54,8.01,1.05
191866,BRE,Ajer,D,7.1,0.39,0.0,0.0,0.0,0.45,0.0,0.0,0.0,0.0,0.35,0.0,0.0,0.51,0.0,0.4,0.0,0.51,0.51,0.5,0.8,0.46,0.55,0.72,0.63,0.6,0.62,8.0,1.13
159533,FUL,Adama,M,7.4,0.62,0.0,0.0,0.0,0.0,0.0,0.0,0.43,0.0,0.0,0.46,0.0,0.0,0.0,0.54,0.0,0.62,0.51,0.71,0.5,0.55,0.59,0.61,0.6,0.59,0.55,7.88,1.06
242880,CHE,B.Badiashile,D,6.1,0.0,0.0,0.0,0.0,0.44,0.0,0.0,0.0,0.51,0.0,0.44,0.0,0.0,0.0,0.77,0.0,0.48,0.68,0.61,0.53,0.64,0.47,0.59,0.45,0.53,0.52,7.65,1.25
490094,EVE,Iroegbunam,M,6.8,0.62,0.0,0.39,0.0,0.0,0.0,0.38,0.0,0.0,0.41,0.47,0.0,0.0,0.0,0.0,0.44,0.48,0.42,0.44,0.52,0.46,0.49,0.47,0.47,0.52,0.48,7.45,1.1
219924,FUL,Diop,D,6.8,0.0,0.0,0.0,0.0,0.0,0.0,0.0,0.39,0.0,0.0,0.44,0.0,0.0,0.0,0.41,0.0,0.61,0.57,0.79,0.55,0.43,0.61,0.73,0.67,0.62,0.55,7.39,1.09
547701,TOT,Gray,M,7.4,0.28,0.0,0.35,0.0,0.42,0.0,0.0,0.0,0.41,0.0,0.0,0.46,0.0,0.0,0.0,0.48,0.42,0.49,0.44,0.46,0.45,0.51,0.5,0.49,0.5,0.51,7.17,0.97
461188,BUR,Humphreys,D,6.1,0.0,0.28,0.38,0.0,0.3,0.0,0.0,0.0,0.0,0.36,0.54,0.0,0.0,0.0,0.0,0.44,0.42,0.54,0.43,0.42,0.5,0.4,0.52,0.42,0.56,0.45,6.97,1.14
437738,LEE,Bornauw,D,6.1,0.0,0.0,0.38,0.0,0.36,0.0,0.0,0.0,0.0,0.0,0.51,0.0,0.0,0.47,0.0,0.0,0.43,0.6,0.53,0.38,0.49,0.44,0.51,0.54,0.67,0.38,6.68,1.1
105717,SUN,Masuaku,D,6.1,0.34,0.0,0.0,0.44,0.4,0.0,0.0,0.0,0.38,0.0,0.47,0.0,0.0,0.0,0.31,0.0,0.58,0.36,0.44,0.47,0.3,0.32,0.43,0.39,0.56,0.38,6.57,1.08
449027,LIV,Mamardashvili,G,6.6,0.0,0.0,0.0,0.0,0.0,0.0,0.0,0.0,0.37,0.0,0.0,0.49,0.0,0.0,0.52,0.0,0.53,0.38,0.58,0.48,0.65,0.52,0.48,0.43,0.54,0.56,6.55,0.99
472769,MCI,O’Reilly,M,6.3,0.0,0.87,0.0,0.47,0.0,0.0,0.0,0.0,0.0,0.41,0.0,0.0,0.0,0.0,0.0,0.39,0.44,0.0,0.41,0.48,0.39,0.57,0.45,0.52,0.46,0.54,6.41,1.02
493125,TOT,Dragusin,D,6.8,0.0,0.0,0.0,0.0,0.0,0.0,0.0,0.0,0.0,0.0,0.0,0.52,0.0,0.0,0.0,0.51,0.46,0.58,0.38,0.63,0.48,0.63,0.61,0.49,0.53,0.57,6.39,0.94
549329,BUR,Lucas Pires,D,6.1,0.0,0.0,0.0,0.0,0.29,0.0,0.0,0.0,0.0,0.38,0.52,0.0,0.0,0.0,0.0,0.45,0.37,0.44,0.43,0.46,0.48,0.42,0.56,0.45,0.6,0.48,6.35,1.04
514356,CHE,Lavia,M,7.0,0.0,0.0,0.0,0.0,0.32,0.0,0.0,0.0,0.42,0.0,0.36,0.0,0.0,0.0,0.53,0.0,0.5,0.55,0.52,0.46,0.47,0.42,0.45,0.41,0.43,0.44,6.28,0.9
554197,SUN,Rigg,M,6.9,0.0,0.0,0.0,0.0,0.35,0.0,0.0,0.0,0.42,0.0,0.45,0.0,0.0,0.0,0.4,0.0,0.4,0.39,0.48,0.43,0.48,0.45,0.48,0.48,0.53,0.47,6.2,0.9
229384,WHU,Irving,M,6.3,0.34,0.0,0.32,0.0,0.0,0.0,0.35,0.0,0.31,0.0,0.0,0.0,0.34,0.36,0.0,0.0,0.35,0.44,0.37,0.37,0.41,0.4,0.41,0.38,0.41,0.41,5.98,0.95
250199,NFO,Dominguez,M,7.5,0.0,0.0,0.0,0.0,0.0,0.0,0.0,0.0,0.0,0.0,0.4,0.0,0.0,0.0,0.0,0.43,0.49,0.55,0.47,0.52,0.59,0.48,0.52,0.46,0.46,0.5,5.88,0.78
550839,TOT,Odobert,M,7.0,0.79,0.0,0.69,0.0,0.68,0.0,0.0,0.0,0.68,0.0,0.0,0.69,0.0,0.0,0.0,0.59,0.6,0.55,0.42,0.0,0.0,0.0,0.0,0.0,0.0,0.0,5.68,0.81
499309,SUN,Marc Guiu,F,6.5,1.05,0.0,0.0,0.58,0.57,0.0,0.0,0.0,0.56,0.0,0.61,0.0,0.0,0.0,0.6,0.0,0.67,0.54,0.45,0.0,0.0,0.0,0.0,0.0,0.0,0.0,5.63,0.87
225321,NEW,Ramsdale,G,7.3,0.0,0.0,0.0,0.0,0.0,0.0,0.0,0.0,0.0,0.0,0.0,0.0,0.0,0.0,0.46,0.0,0.45,0.46,0.5,0.52,0.41,0.64,0.57,0.46,0.45,0.59,5.5,0.75
490142,WHU,Potts,M,6.9,0.0,0.0,0.0,0.0,0.0,0.0,0.0,0.0,0.0,0.0,0.0,0.0,0.33,0.32,0.0,0.0,0.34,0.41,0.36,0.33,0.37,0.44,0.45,0.43,0.46,0.46,4.71,0.68
515597,AVL,Bogarde,D,6.1,0.74,0.0,0.0,0.42,0.0,0.0,0.0,0.0,0.0,0.0,0.0,0.0,0.0,0.0,0.0,0.0,0.3,0.0,0.46,0.41,0.35,0.38,0.43,0.44,0.35,0.35,4.62,0.76
167887,BUR,Laurent,M,6.9,0.0,0.0,0.0,0.0,0.0,0.0,0.0,0.0,0.0,0.0,0.35,0.0,0.0,0.0,0.0,0.34,0.31,0.38,0.32,0.34,0.37,0.41,0.43,0.42,0.44,0.42,4.52,0.66
501837,WOL,Mosquera,D,6.5,0.0,0.0,0.0,0.0,0.0,0.0,0.0,0.0,0.0,0.0,0.0,0.0,0.0,0.0,0.0,0.0,0.37,0.3,0.0,0.37,0.49,0.42,0.32,0.43,0.3,0.37,3.38,0.52
167512,SUN,O'Nien,D,6.1,0.0,0.0,0.0,0.0,0.0,0.0,0.0,0.0,0.0,0.0,0.0,0.0,0.0,0.0,0.0,0.0,0.37,0.27,0.31,0.31,0.25,0.26,0.34,0.32,0.45,0.31,3.18,0.52
195546,AVL,Buendía,M,6.9,0.84,0.0,0.0,0.62,0.0,0.0,0.0,0.0,0.0,0.0,0.0,0.0,0.0,0.0,0.0,0.0,0.52,0.0,0.0,0.0,0.0,0.0,0.0,0.0,0.0,0.0,1.98,0.29
432720,MCI,Trafford,G,6.6,0.0,1.97,0.0,0.0,0.0,0.0,0.0,0.0,0.0,0.0,0.0,0.0,0.0,0.0,0.0,0.0,0.0,0.0,0.0,0.0,0.0,0.0,0.0,0.0,0.0,0.0,1.97,0.3
536109,WHU,Scarles,D,6.5,0.0,0.0,0.0,0.0,0.0,0.0,0.0,0.0,0.0,0.0,0.0,0.0,0.0,0.0,0.0,0.0,0.0,0.0,0.0,0.0,0.0,0.35,0.39,0.3,0.41,0.38,1.83,0.28
197024,WHU,G.Rodriguez,M,7.0,0.0,0.0,0.0,0.0,0.0,0.0,0.0,0.0,0.0,0.0,0.0,0.0,0.0,0.0,0.0,0.0,0.3,0.0,0.0,0.0,0.0,0.3,0.31,0.29,0.31,0.31,1.82,0.26
538207,NEW,Osula,F,6.5,1.04,0.0,0.0,0.72,0.0,0.0,0.0,0.0,0.0,0.0,0.0,0.0,0.0,0.0,0.0,0.0,0.0,0.0,0.0,0.0,0.0,0.0,0.0,0.0,0.0,0.0,1.76,0.27
606921,CRY,Esse,M,6.3,0.95,0.0,0.63,0.0,0.0,0.0,0.0,0.0,0.0,0.0,0.0,0.0,0.0,0.0,0.0,0.0,0.0,0.0,0.0,0.0,0.0,0.0,0.0,0.0,0.0,0.0,1.58,0.25
647850,BHA,Kostoulas,F,7.2,0.0,0.0,0.0,0.0,0.0,0.0,0.0,0.0,0.0,0.0,0.0,0.0,0.0,0.0,0.0,0.0,0.0,0.0,0.54,0.0,0.5,0.0,0.0,0.0,0.0,0.0,1.05,0.15
536916,CHE,Buonanotte,M,7.3,0.96,0.0,0.0,0.0,0.0,0.0,0.0,0.0,0.0,0.0,0.0,0.0,0.0,0.0,0.0,0.0,0.0,0.0,0.0,0.0,0.0,0.0,0.0,0.0,0.0,0.0,0.96,0.13
158983,LIV,Endo,M,6.3,0.0,0.41,0.0,0.0,0.0,0.0,0.0,0.0,0.0,0.0,0.0,0.0,0.0,0.0,0.0,0.0,0.0,0.0,0.0,0.0,0.42,0.0,0.0,0.0,0.0,0.0,0.83,0.13
606798,AVL,A.García,D,6.1,0.0,0.0,0.0,0.0,0.0,0.0,0.0,0.0,0.0,0.0,0.0,0.0,0.0,0.0,0.0,0.0,0.29,0.0,0.41,0.0,0.0,0.0,0.0,0.0,0.0,0.0,0.71,0.12
59949,EVE,Coleman,D,6.1,0.56,0.0,0.0,0.0,0.0,0.0,0.0,0.0,0.0,0.0,0.0,0.0,0.0,0.0,0.0,0.0,0.0,0.0,0.0,0.0,0.0,0.0,0.0,0.0,0.0,0.0,0.56,0.09
88894,AVL,Barkley,M,7.1,0.0,0.0,0.0,0.0,0.0,0.0,0.0,0.0,0.0,0.0,0.0,0.0,0.0,0.0,0.0,0.0,0.54,0.0,0.0,0.0,0.0,0.0,0.0,0.0,0.0,0.0,0.54,0.08
461199,SUN,Mundle,M,6.9,0.0,0.0,0.0,0.0,0.0,0.0,0.0,0.0,0.0,0.0,0.0,0.0,0.0,0.0,0.0,0.0,0.0,0.0,0.38,0.0,0.0,0.0,0.0,0.0,0.0,0.0,0.38,0.05
623110,NEW,Seung soo,M,6.3,0.0,0.0,0.0,0.0,0.0,0.0,0.0,0.0,0.0,0.0,0.0,0.0,0.0,0.0,0.0,0.0,0.0,0.0,0.0,0.0,0.0,0.0,0.0,0.0,0.0,0.0,0.0,0.0
550596,BOU,Sadi,M,6.9,0.0,0.0,0.0,0.0,0.0,0.0,0.0,0.0,0.0,0.0,0.0,0.0,0.0,0.0,0.0,0.0,0.0,0.0,0.0,0.0,0.0,0.0,0.0,0.0,0.0,0.0,0.0,0.0
622536,BRE,Arthur,D,6.1,0.0,0.0,0.0,0.0,0.0,0.0,0.0,0.0,0.0,0.0,0.0,0.0,0.0,0.0,0.0,0.0,0.0,0.0,0.0,0.0,0.0,0.0,0.0,0.0,0.0,0.0,0.0,0.0
563324,ARS,Clarke,D,6.1,0.0,0.0,0.0,0.0,0.0,0.0,0.0,0.0,0.0,0.0,0.0,0.0,0.0,0.0,0.0,0.0,0.0,0.0,0.0,0.0,0.0,0.0,0.0,0.0,0.0,0.0,0.0,0.0
460028,CHE,Colwill,D,8.5,0.0,0.0,0.0,0.0,0.0,0.0,0.0,0.0,0.0,0.0,0.0,0.0,0.0,0.0,0.0,0.0,0.0,0.0,0.0,0.0,0.0,0.0,0.0,0.0,0.0,0.0,0.0,0.0
224995,BOU,Sinisterra,M,6.3,0.0,0.0,0.0,0.0,0.0,0.0,0.0,0.0,0.0,0.0,0.0,0.0,0.0,0.0,0.0,0.0,0.0,0.0,0.0,0.0,0.0,0.0,0.0,0.0,0.0,0.0,0.0,0.0
223541,LIV,Chiesa,M,9.6,0.0,0.0,0.0,0.0,0.0,0.0,0.0,0.0,0.0,0.0,0.0,0.0,0.0,0.0,0.0,0.0,0.0,0.0,0.0,0.0,0.0,0.0,0.0,0.0,0.0,0.0,0.0,0.0
610799,TOT,Vuskovic,D,6.1,0.0,0.0,0.0,0.0,0.0,0.0,0.0,0.0,0.0,0.0,0.0,0.0,0.0,0.0,0.0,0.0,0.0,0.0,0.0,0.0,0.0,0.0,0.0,0.0,0.0,0.0,0.0,0.0
492831,BUR,Amdouni,F,7.2,0.0,0.0,0.0,0.0,0.0,0.0,0.0,0.0,0.0,0.0,0.0,0.0,0.0,0.0,0.0,0.0,0.0,0.0,0.0,0.0,0.0,0.0,0.0,0.0,0.0,0.0,0.0,0.0
437495,LEE,Meslier,G,6.6,0.0,0.0,0.0,0.0,0.0,0.0,0.0,0.0,0.0,0.0,0.0,0.0,0.0,0.0,0.0,0.0,0.0,0.0,0.0,0.0,0.0,0.0,0.0,0.0,0.0,0.0,0.0,0.0
547410,SUN,H.Jones,M,6.9,0.0,0.0,0.0,0.0,0.0,0.0,0.0,0.0,0.0,0.0,0.0,0.0,0.0,0.0,0.0,0.0,0.0,0.0,0.0,0.0,0.0,0.0,0.0,0.0,0.0,0.0,0.0,0.0
577016,CHE,Acheampong,D,6.1,0.0,0.0,0.0,0.0,0.0,0.0,0.0,0.0,0.0,0.0,0.0,0.0,0.0,0.0,0.0,0.0,0.0,0.0,0.0,0.0,0.0,0.0,0.0,0.0,0.0,0.0,0.0,0.0
611134,CHE,Paez,M,6.9,0.0,0.0,0.0,0.0,0.0,0.0,0.0,0.0,0.0,0.0,0.0,0.0,0.0,0.0,0.0,0.0,0.0,0.0,0.0,0.0,0.0,0.0,0.0,0.0,0.0,0.0,0.0,0.0
204968,NFO,Yates,M,7.4,0.0,0.0,0.0,0.0,0.0,0.0,0.0,0.0,0.0,0.0,0.0,0.0,0.0,0.0,0.0,0.0,0.0,0.0,0.0,0.0,0.0,0.0,0.0,0.0,0.0,0.0,0.0,0.0
155405,MCI,Phillips,M,7.0,0.0,0.0,0.0,0.0,0.0,0.0,0.0,0.0,0.0,0.0,0.0,0.0,0.0,0.0,0.0,0.0,0.0,0.0,0.0,0.0,0.0,0.0,0.0,0.0,0.0,0.0,0.0,0.0
535928,LIV,Bajcetic,M,6.3,0.0,0.0,0.0,0.0,0.0,0.0,0.0,0.0,0.0,0.0,0.0,0.0,0.0,0.0,0.0,0.0,0.0,0.0,0.0,0.0,0.0,0.0,0.0,0.0,0.0,0.0,0.0,0.0
550615,CHE,George,M,6.9,0.0,0.0,0.0,0.0,0.0,0.0,0.0,0.0,0.0,0.0,0.0,0.0,0.0,0.0,0.0,0.0,0.0,0.0,0.0,0.0,0.0,0.0,0.0,0.0,0.0,0.0,0.0,0.0
214285,LIV,Tsimikas,D,6.8,0.0,0.0,0.0,0.0,0.0,0.0,0.0,0.0,0.0,0.0,0.0,0.0,0.0,0.0,0.0,0.0,0.0,0.0,0.0,0.0,0.0,0.0,0.0,0.0,0.0,0.0,0.0,0.0
487702,BUR,Koleosho,M,6.9,0.0,0.0,0.0,0.0,0.0,0.0,0.0,0.0,0.0,0.0,0.0,0.0,0.0,0.0,0.0,0.0,0.0,0.0,0.0,0.0,0.0,0.0,0.0,0.0,0.0,0.0,0.0,0.0
499721,TOT,Moore,M,6.7,0.0,0.0,0.0,0.0,0.0,0.0,0.0,0.0,0.0,0.0,0.0,0.0,0.0,0.0,0.0,0.0,0.0,0.0,0.0,0.0,0.0,0.0,0.0,0.0,0.0,0.0,0.0,0.0
549939,CHE,Penders,G,6.0,0.0,0.0,0.0,0.0,0.0,0.0,0.0,0.0,0.0,0.0,0.0,0.0,0.0,0.0,0.0,0.0,0.0,0.0,0.0,0.0,0.0,0.0,0.0,0.0,0.0,0.0,0.0,0.0
626464,BRE,Nunes,M,6.3,0.0,0.0,0.0,0.0,0.0,0.0,0.0,0.0,0.0,0.0,0.0,0.0,0.0,0.0,0.0,0.0,0.0,0.0,0.0,0.0,0.0,0.0,0.0,0.0,0.0,0.0,0.0,0.0
587178,AVL,Yasin,D,6.1,0.0,0.0,0.0,0.0,0.0,0.0,0.0,0.0,0.0,0.0,0.0,0.0,0.0,0.0,0.0,0.0,0.0,0.0,0.0,0.0,0.0,0.0,0.0,0.0,0.0,0.0,0.0,0.0
447715,BUR,A.Ramsey,M,6.9,0.0,0.0,0.0,0.0,0.0,0.0,0.0,0.0,0.0,0.0,0.0,0.0,0.0,0.0,0.0,0.0,0.0,0.0,0.0,0.0,0.0,0.0,0.0,0.0,0.0,0.0,0.0,0.0
606745,MUN,Heaven,D,6.1,0.0,0.0,0.0,0.0,0.0,0.0,0.0,0.0,0.0,0.0,0.0,0.0,0.0,0.0,0.0,0.0,0.0,0.0,0.0,0.0,0.0,0.0,0.0,0.0,0.0,0.0,0.0,0.0
575901,BOU,Soler,D,6.1,0.0,0.0,0.0,0.0,0.0,0.0,0.0,0.0,0.0,0.0,0.0,0.0,0.0,0.0,0.0,0.0,0.0,0.0,0.0,0.0,0.0,0.0,0.0,0.0,0.0,0.0,0.0,0.0
577974,MUN,Amass,D,6.5,0.0,0.0,0.0,0.0,0.0,0.0,0.0,0.0,0.0,0.0,0.0,0.0,0.0,0.0,0.0,0.0,0.0,0.0,0.0,0.0,0.0,0.0,0.0,0.0,0.0,0.0,0.0,0.0
109745,ARS,Arrizabalaga,G,7.5,0.0,0.0,0.0,0.0,0.0,0.0,0.0,0.0,0.0,0.0,0.0,0.0,0.0,0.0,0.0,0.0,0.0,0.0,0.0,0.0,0.0,0.0,0.0,0.0,0.0,0.0,0.0,0.0
469247,AVL,Iling Jr,M,7.0,0.0,0.0,0.0,0.0,0.0,0.0,0.0,0.0,0.0,0.0,0.0,0.0,0.0,0.0,0.0,0.0,0.0,0.0,0.0,0.0,0.0,0.0,0.0,0.0,0.0,0.0,0.0,0.0
227127,TOT,Bissouma,M,7.4,0.0,0.0,0.0,0.0,0.0,0.0,0.0,0.0,0.0,0.0,0.0,0.0,0.0,0.0,0.0,0.0,0.0,0.0,0.0,0.0,0.0,0.0,0.0,0.0,0.0,0.0,0.0,0.0
235674,TOT,Solomon,M,6.5,0.0,0.0,0.0,0.0,0.0,0.0,0.0,0.0,0.0,0.0,0.0,0.0,0.0,0.0,0.0,0.0,0.0,0.0,0.0,0.0,0.0,0.0,0.0,0.0,0.0,0.0,0.0,0.0
491287,AVL,Barrenechea,M,6.3,0.0,0.0,0.0,0.0,0.0,0.0,0.0,0.0,0.0,0.0,0.0,0.0,0.0,0.0,0.0,0.0,0.0,0.0,0.0,0.0,0.0,0.0,0.0,0.0,0.0,0.0,0.0,0.0
536694,CRY,M.França,M,6.3,0.0,0.0,0.0,0.0,0.0,0.0,0.0,0.0,0.0,0.0,0.0,0.0,0.0,0.0,0.0,0.0,0.0,0.0,0.0,0.0,0.0,0.0,0.0,0.0,0.0,0.0,0.0,0.0
596047,MUN,Obi,F,6.5,0.0,0.0,0.0,0.0,0.0,0.0,0.0,0.0,0.0,0.0,0.0,0.0,0.0,0.0,0.0,0.0,0.0,0.0,0.0,0.0,0.0,0.0,0.0,0.0,0.0,0.0,0.0,0.0
451432,NFO,David Carmo,D,6.7,0.0,0.0,0.0,0.0,0.0,0.0,0.0,0.0,0.0,0.0,0.0,0.0,0.0,0.0,0.0,0.0,0.0,0.0,0.0,0.0,0.0,0.0,0.0,0.0,0.0,0.0,0.0,0.0
210156,NFO,Awoniyi,F,6.9,0.0,0.0,0.0,0.0,0.0,0.0,0.0,0.0,0.0,0.0,0.0,0.0,0.0,0.0,0.0,0.0,0.0,0.0,0.0,0.0,0.0,0.0,0.0,0.0,0.0,0.0,0.0,0.0
622758,CHE,Anselmino,D,6.1,0.0,0.0,0.0,0.0,0.0,0.0,0.0,0.0,0.0,0.0,0.0,0.0,0.0,0.0,0.0,0.0,0.0,0.0,0.0,0.0,0.0,0.0,0.0,0.0,0.0,0.0,0.0,0.0
485055,TOT,Kinsky,G,6.0,0.0,0.0,0.0,0.0,0.0,0.0,0.0,0.0,0.0,0.0,0.0,0.0,0.0,0.0,0.0,0.0,0.0,0.0,0.0,0.0,0.0,0.0,0.0,0.0,0.0,0.0,0.0,0.0
232571,SUN,Patterson,G,6.6,0.0,0.0,0.0,0.0,0.0,0.0,0.0,0.0,0.0,0.0,0.0,0.0,0.0,0.0,0.0,0.0,0.0,0.0,0.0,0.0,0.0,0.0,0.0,0.0,0.0,0.0,0.0,0.0
510500,NFO,Jota,M,7.0,0.0,0.0,0.0,0.0,0.0,0.0,0.0,0.0,0.0,0.0,0.0,0.0,0.0,0.0,0.0,0.0,0.0,0.0,0.0,0.0,0.0,0.0,0.0,0.0,0.0,0.0,0.0,0.0
575458,NFO,Jair Cunha,D,6.7,0.0,0.0,0.0,0.0,0.0,0.0,0.0,0.0,0.0,0.0,0.0,0.0,0.0,0.0,0.0,0.0,0.0,0.0,0.0,0.0,0.0,0.0,0.0,0.0,0.0,0.0,0.0,0.0
566164,MCI,Nypan,M,6.9,0.0,0.0,0.0,0.0,0.0,0.0,0.0,0.0,0.0,0.0,0.0,0.0,0.0,0.0,0.0,0.0,0.0,0.0,0.0,0.0,0.0,0.0,0.0,0.0,0.0,0.0,0.0,0.0
611695,BHA,Yalcouye,M,6.3,0.0,0.0,0.0,0.0,0.0,0.0,0.0,0.0,0.0,0.0,0.0,0.0,0.0,0.0,0.0,0.0,0.0,0.0,0.0,0.0,0.0,0.0,0.0,0.0,0.0,0.0,0.0,0.0
499300,EVE,Aznou,D,6.7,0.0,0.0,0.0,0.0,0.0,0.0,0.0,0.0,0.0,0.0,0.0,0.0,0.0,0.0,0.0,0.0,0.0,0.0,0.0,0.0,0.0,0.0,0.0,0.0,0.0,0.0,0.0,0.0
641221,WOL,Pedro Lima,D,6.1,0.0,0.0,0.0,0.0,0.0,0.0,0.0,0.0,0.0,0.0,0.0,0.0,0.0,0.0,0.0,0.0,0.0,0.0,0.0,0.0,0.0,0.0,0.0,0.0,0.0,0.0,0.0,0.0
461195,SUN,Cirkin,D,6.1,0.0,0.0,0.0,0.0,0.0,0.0,0.0,0.0,0.0,0.0,0.0,0.0,0.0,0.0,0.0,0.0,0.0,0.0,0.0,0.0,0.0,0.0,0.0,0.0,0.0,0.0,0.0,0.0
518030,BUR,Weiss,G,6.6,0.0,0.0,0.0,0.0,0.0,0.0,0.0,0.0,0.0,0.0,0.0,0.0,0.0,0.0,0.0,0.0,0.0,0.0,0.0,0.0,0.0,0.0,0.0,0.0,0.0,0.0,0.0,0.0
450542,CRY,J.Rak-Sakyi,M,6.3,0.0,0.0,0.0,0.0,0.0,0.0,0.0,0.0,0.0,0.0,0.0,0.0,0.0,0.0,0.0,0.0,0.0,0.0,0.0,0.0,0.0,0.0,0.0,0.0,0.0,0.0,0.0,0.0
441192,BHA,Sarmiento,M,6.3,0.0,0.0,0.0,0.0,0.0,0.0,0.0,0.0,0.0,0.0,0.0,0.0,0.0,0.0,0.0,0.0,0.0,0.0,0.0,0.0,0.0,0.0,0.0,0.0,0.0,0.0,0.0,0.0
560441,NFO,Cuiabano,D,6.7,0.0,0.0,0.0,0.0,0.0,0.0,0.0,0.0,0.0,0.0,0.0,0.0,0.0,0.0,0.0,0.0,0.0,0.0,0.0,0.0,0.0,0.0,0.0,0.0,0.0,0.0,0.0,0.0
439135,BHA,Cashin,D,6.1,0.0,0.0,0.0,0.0,0.0,0.0,0.0,0.0,0.0,0.0,0.0,0.0,0.0,0.0,0.0,0.0,0.0,0.0,0.0,0.0,0.0,0.0,0.0,0.0,0.0,0.0,0.0,0.0
84182,WHU,Areola,G,7.2,0.0,0.0,0.0,0.0,0.0,0.0,0.0,0.0,0.0,0.0,0.0,0.0,0.0,0.0,0.0,0.0,0.0,0.0,0.0,0.0,0.0,0.0,0.0,0.0,0.0,0.0,0.0,0.0
553299,TOT,Takai,D,6.1,0.0,0.0,0.0,0.0,0.0,0.0,0.0,0.0,0.0,0.0,0.0,0.0,0.0,0.0,0.0,0.0,0.0,0.0,0.0,0.0,0.0,0.0,0.0,0.0,0.0,0.0,0.0,0.0
517052,CHE,N.Jackson,F,10.7,0.0,0.0,0.0,0.0,0.0,0.0,0.0,0.0,0.0,0.0,0.0,0.0,0.0,0.0,0.0,0.0,0.0,0.0,0.0,0.0,0.0,0.0,0.0,0.0,0.0,0.0,0.0,0.0
430871,MUN,Cunha,F,10.7,0.0,0.0,0.0,0.0,0.0,0.0,0.0,0.0,0.0,0.0,0.0,0.0,0.0,0.0,0.0,0.0,0.0,0.0,0.0,0.0,0.0,0.0,0.0,0.0,0.0,0.0,0.0,0.0
433952,LEE,Ramazani,M,6.9,0.0,0.0,0.0,0.0,0.0,0.0,0.0,0.0,0.0,0.0,0.0,0.0,0.0,0.0,0.0,0.0,0.0,0.0,0.0,0.0,0.0,0.0,0.0,0.0,0.0,0.0,0.0,0.0
508479,CHE,Jörgensen,G,6.3,0.0,0.0,0.0,0.0,0.0,0.0,0.0,0.0,0.0,0.0,0.0,0.0,0.0,0.0,0.0,0.0,0.0,0.0,0.0,0.0,0.0,0.0,0.0,0.0,0.0,0.0,0.0,0.0
424044,BOU,H.Traorè,M,6.3,0.0,0.0,0.0,0.0,0.0,0.0,0.0,0.0,0.0,0.0,0.0,0.0,0.0,0.0,0.0,0.0,0.0,0.0,0.0,0.0,0.0,0.0,0.0,0.0,0.0,0.0,0.0,0.0
575204,MCI,Echeverri,M,6.7,0.0,0.0,0.0,0.0,0.0,0.0,0.0,0.0,0.0,0.0,0.0,0.0,0.0,0.0,0.0,0.0,0.0,0.0,0.0,0.0,0.0,0.0,0.0,0.0,0.0,0.0,0.0,0.0
438098,ARS,Fábio Vieira,M,6.5,0.0,0.0,0.0,0.0,0.0,0.0,0.0,0.0,0.0,0.0,0.0,0.0,0.0,0.0,0.0,0.0,0.0,0.0,0.0,0.0,0.0,0.0,0.0,0.0,0.0,0.0,0.0,0.0
515621,CRY,Chadi Riad,D,6.1,0.0,0.0,0.0,0.0,0.0,0.0,0.0,0.0,0.0,0.0,0.0,0.0,0.0,0.0,0.0,0.0,0.0,0.0,0.0,0.0,0.0,0.0,0.0,0.0,0.0,0.0,0.0,0.0
661712,MUN,D.Leon,D,6.7,0.0,0.0,0.0,0.0,0.0,0.0,0.0,0.0,0.0,0.0,0.0,0.0,0.0,0.0,0.0,0.0,0.0,0.0,0.0,0.0,0.0,0.0,0.0,0.0,0.0,0.0,0.0,0.0
149519,WHU,Cornet,M,6.3,0.0,0.0,0.0,0.0,0.0,0.0,0.0,0.0,0.0,0.0,0.0,0.0,0.0,0.0,0.0,0.0,0.0,0.0,0.0,0.0,0.0,0.0,0.0,0.0,0.0,0.0,0.0,0.0
628204,BRE,Konak,M,6.9,0.0,0.0,0.0,0.0,0.0,0.0,0.0,0.0,0.0,0.0,0.0,0.0,0.0,0.0,0.0,0.0,0.0,0.0,0.0,0.0,0.0,0.0,0.0,0.0,0.0,0.0,0.0,0.0
110735,BHA,Webster,D,6.8,0.0,0.0,0.0,0.0,0.0,0.0,0.0,0.0,0.0,0.0,0.0,0.0,0.0,0.0,0.0,0.0,0.0,0.0,0.0,0.0,0.0,0.0,0.0,0.0,0.0,0.0,0.0,0.0
441240,BOU,Faivre,M,6.3,0.0,0.0,0.0,0.0,0.0,0.0,0.0,0.0,0.0,0.0,0.0,0.0,0.0,0.0,0.0,0.0,0.0,0.0,0.0,0.0,0.0,0.0,0.0,0.0,0.0,0.0,0.0,0.0
221389,NFO,John,G,6.0,0.0,0.0,0.0,0.0,0.0,0.0,0.0,0.0,0.0,0.0,0.0,0.0,0.0,0.0,0.0,0.0,0.0,0.0,0.0,0.0,0.0,0.0,0.0,0.0,0.0,0.0,0.0,0.0
577114,WHU,L.Guilherme,M,6.3,0.0,0.0,0.0,0.0,0.0,0.0,0.0,0.0,0.0,0.0,0.0,0.0,0.0,0.0,0.0,0.0,0.0,0.0,0.0,0.0,0.0,0.0,0.0,0.0,0.0,0.0,0.0,0.0
560262,BOU,Kroupi.Jr,F,7.9,0.0,0.0,0.0,0.0,0.0,0.0,0.0,0.0,0.0,0.0,0.0,0.0,0.0,0.0,0.0,0.0,0.0,0.0,0.0,0.0,0.0,0.0,0.0,0.0,0.0,0.0,0.0,0.0
623095,TOT,Min-hyeok,M,6.5,0.0,0.0,0.0,0.0,0.0,0.0,0.0,0.0,0.0,0.0,0.0,0.0,0.0,0.0,0.0,0.0,0.0,0.0,0.0,0.0,0.0,0.0,0.0,0.0,0.0,0.0,0.0,0.0
471798,CHE,Slonina,G,6.0,0.0,0.0,0.0,0.0,0.0,0.0,0.0,0.0,0.0,0.0,0.0,0.0,0.0,0.0,0.0,0.0,0.0,0.0,0.0,0.0,0.0,0.0,0.0,0.0,0.0,0.0,0.0,0.0
591386,LIV,Nyoni,M,6.9,0.0,0.0,0.0,0.0,0.0,0.0,0.0,0.0,0.0,0.0,0.0,0.0,0.0,0.0,0.0,0.0,0.0,0.0,0.0,0.0,0.0,0.0,0.0,0.0,0.0,0.0,0.0,0.0
548308,TOT,Phillips,D,6.1,0.0,0.0,0.0,0.0,0.0,0.0,0.0,0.0,0.0,0.0,0.0,0.0,0.0,0.0,0.0,0.0,0.0,0.0,0.0,0.0,0.0,0.0,0.0,0.0,0.0,0.0,0.0,0.0
88248,MCI,Ortega Moreno,G,6.6,0.0,0.0,0.0,0.0,0.0,0.0,0.0,0.0,0.0,0.0,0.0,0.0,0.0,0.0,0.0,0.0,0.0,0.0,0.0,0.0,0.0,0.0,0.0,0.0,0.0,0.0,0.0,0.0
565297,LEE,Mateo Joseph,F,7.2,0.0,0.0,0.0,0.0,0.0,0.0,0.0,0.0,0.0,0.0,0.0,0.0,0.0,0.0,0.0,0.0,0.0,0.0,0.0,0.0,0.0,0.0,0.0,0.0,0.0,0.0,0.0,0.0
222690,MUN,Malacia,D,6.1,0.0,0.0,0.0,0.0,0.0,0.0,0.0,0.0,0.0,0.0,0.0,0.0,0.0,0.0,0.0,0.0,0.0,0.0,0.0,0.0,0.0,0.0,0.0,0.0,0.0,0.0,0.0,0.0
547676,MUN,Fredricson,D,6.1,0.0,0.0,0.0,0.0,0.0,0.0,0.0,0.0,0.0,0.0,0.0,0.0,0.0,0.0,0.0,0.0,0.0,0.0,0.0,0.0,0.0,0.0,0.0,0.0,0.0,0.0,0.0,0.0
219249,BHA,O'Riley,M,7.0,0.0,0.0,0.0,0.0,0.0,0.0,0.0,0.0,0.0,0.0,0.0,0.0,0.0,0.0,0.0,0.0,0.0,0.0,0.0,0.0,0.0,0.0,0.0,0.0,0.0,0.0,0.0,0.0
213999,WHU,Álvarez,M,7.3,0.0,0.0,0.0,0.0,0.0,0.0,0.0,0.0,0.0,0.0,0.0,0.0,0.0,0.0,0.0,0.0,0.0,0.0,0.0,0.0,0.0,0.0,0.0,0.0,0.0,0.0,0.0,0.0
176297,MUN,Rashford,F,10.4,0.0,0.0,0.0,0.0,0.0,0.0,0.0,0.0,0.0,0.0,0.0,0.0,0.0,0.0,0.0,0.0,0.0,0.0,0.0,0.0,0.0,0.0,0.0,0.0,0.0,0.0,0.0,0.0
121709,CRY,Benitez,G,6.0,0.0,0.0,0.0,0.0,0.0,0.0,0.0,0.0,0.0,0.0,0.0,0.0,0.0,0.0,0.0,0.0,0.0,0.0,0.0,0.0,0.0,0.0,0.0,0.0,0.0,0.0,0.0,0.0
437748,BUR,Trésor,M,6.9,0.0,0.0,0.0,0.0,0.0,0.0,0.0,0.0,0.0,0.0,0.0,0.0,0.0,0.0,0.0,0.0,0.0,0.0,0.0,0.0,0.0,0.0,0.0,0.0,0.0,0.0,0.0,0.0
552427,TOT,Lankshear,F,7.2,0.0,0.0,0.0,0.0,0.0,0.0,0.0,0.0,0.0,0.0,0.0,0.0,0.0,0.0,0.0,0.0,0.0,0.0,0.0,0.0,0.0,0.0,0.0,0.0,0.0,0.0,0.0,0.0
490881,MUN,Collyer,M,6.3,0.0,0.0,0.0,0.0,0.0,0.0,0.0,0.0,0.0,0.0,0.0,0.0,0.0,0.0,0.0,0.0,0.0,0.0,0.0,0.0,0.0,0.0,0.0,0.0,0.0,0.0,0.0,0.0
101982,WOL,Johnstone,G,6.3,0.0,0.0,0.0,0.0,0.0,0.0,0.0,0.0,0.0,0.0,0.0,0.0,0.0,0.0,0.0,0.0,0.0,0.0,0.0,0.0,0.0,0.0,0.0,0.0,0.0,0.0,0.0,0.0
229600,EVE,Travers,G,6.4,0.0,0.0,0.0,0.0,0.0,0.0,0.0,0.0,0.0,0.0,0.0,0.0,0.0,0.0,0.0,0.0,0.0,0.0,0.0,0.0,0.0,0.0,0.0,0.0,0.0,0.0,0.0,0.0
609873,EVE,Armstrong,M,6.3,0.0,0.0,0.0,0.0,0.0,0.0,0.0,0.0,0.0,0.0,0.0,0.0,0.0,0.0,0.0,0.0,0.0,0.0,0.0,0.0,0.0,0.0,0.0,0.0,0.0,0.0,0.0,0.0
612534,BRE,Fredrick,D,6.1,0.0,0.0,0.0,0.0,0.0,0.0,0.0,0.0,0.0,0.0,0.0,0.0,0.0,0.0,0.0,0.0,0.0,0.0,0.0,0.0,0.0,0.0,0.0,0.0,0.0,0.0,0.0,0.0
192290,BUR,Roberts,D,6.7,0.0,0.0,0.0,0.0,0.0,0.0,0.0,0.0,0.0,0.0,0.0,0.0,0.0,0.0,0.0,0.0,0.0,0.0,0.0,0.0,0.0,0.0,0.0,0.0,0.0,0.0,0.0,0.0
208912,BUR,Worrall,D,6.1,0.0,0.0,0.0,0.0,0.0,0.0,0.0,0.0,0.0,0.0,0.0,0.0,0.0,0.0,0.0,0.0,0.0,0.0,0.0,0.0,0.0,0.0,0.0,0.0,0.0,0.0,0.0,0.0
513834,BHA,Moran,M,6.9,0.0,0.0,0.0,0.0,0.0,0.0,0.0,0.0,0.0,0.0,0.0,0.0,0.0,0.0,0.0,0.0,0.0,0.0,0.0,0.0,0.0,0.0,0.0,0.0,0.0,0.0,0.0,0.0
202641,MUN,Onana,G,7.7,0.0,0.0,0.0,0.0,0.0,0.0,0.0,0.0,0.0,0.0,0.0,0.0,0.0,0.0,0.0,0.0,0.0,0.0,0.0,0.0,0.0,0.0,0.0,0.0,0.0,0.0,0.0,0.0
438464,CRY,Doucouré,M,6.7,0.0,0.0,0.0,0.0,0.0,0.0,0.0,0.0,0.0,0.0,0.0,0.0,0.0,0.0,0.0,0.0,0.0,0.0,0.0,0.0,0.0,0.0,0.0,0.0,0.0,0.0,0.0,0.0
215711,AVL,Bailey,M,8.1,0.0,0.0,0.0,0.0,0.0,0.0,0.0,0.0,0.0,0.0,0.0,0.0,0.0,0.0,0.0,0.0,0.0,0.0,0.0,0.0,0.0,0.0,0.0,0.0,0.0,0.0,0.0,0.0
535017,BRE,Eyestone,G,6.0,0.0,0.0,0.0,0.0,0.0,0.0,0.0,0.0,0.0,0.0,0.0,0.0,0.0,0.0,0.0,0.0,0.0,0.0,0.0,0.0,0.0,0.0,0.0,0.0,0.0,0.0,0.0,0.0
559962,AVL,Jimoh-Aloba,M,6.9,0.0,0.0,0.0,0.0,0.0,0.0,0.0,0.0,0.0,0.0,0.0,0.0,0.0,0.0,0.0,0.0,0.0,0.0,0.0,0.0,0.0,0.0,0.0,0.0,0.0,0.0,0.0,0.0
159506,NFO,Aina,D,8.2,0.0,0.0,0.0,0.0,0.0,0.0,0.0,0.0,0.0,0.0,0.0,0.0,0.0,0.0,0.0,0.0,0.0,0.0,0.0,0.0,0.0,0.0,0.0,0.0,0.0,0.0,0.0,0.0
574458,CHE,M.Sarr,D,6.7,0.0,0.0,0.0,0.0,0.0,0.0,0.0,0.0,0.0,0.0,0.0,0.0,0.0,0.0,0.0,0.0,0.0,0.0,0.0,0.0,0.0,0.0,0.0,0.0,0.0,0.0,0.0,0.0
476502,WOL,B.Traore,M,6.3,0.0,0.0,0.0,0.0,0.0,0.0,0.0,0.0,0.0,0.0,0.0,0.0,0.0,0.0,0.0,0.0,0.0,0.0,0.0,0.0,0.0,0.0,0.0,0.0,0.0,0.0,0.0,0.0
153366,FUL,Reed,M,6.3,0.0,0.0,0.0,0.0,0.0,0.0,0.0,0.0,0.0,0.0,0.0,0.0,0.0,0.0,0.0,0.0,0.0,0.0,0.0,0.0,0.0,0.0,0.0,0.0,0.0,0.0,0.0,0.0
169359,NEW,Targett,D,6.1,0.0,0.0,0.0,0.0,0.0,0.0,0.0,0.0,0.0,0.0,0.0,0.0,0.0,0.0,0.0,0.0,0.0,0.0,0.0,0.0,0.0,0.0,0.0,0.0,0.0,0.0,0.0,0.0
499175,ARS,Nwaneri,M,7.6,0.0,0.0,0.0,0.0,0.0,0.0,0.0,0.0,0.0,0.0,0.0,0.0,0.0,0.0,0.0,0.0,0.0,0.0,0.0,0.0,0.0,0.0,0.0,0.0,0.0,0.0,0.0,0.0
490145,TOT,Scarlett,F,6.5,0.0,0.0,0.0,0.0,0.0,0.0,0.0,0.0,0.0,0.0,0.0,0.0,0.0,0.0,0.0,0.0,0.0,0.0,0.0,0.0,0.0,0.0,0.0,0.0,0.0,0.0,0.0,0.0
113564,LEE,Byram,D,6.1,0.0,0.0,0.0,0.0,0.0,0.0,0.0,0.0,0.0,0.0,0.0,0.0,0.0,0.0,0.0,0.0,0.0,0.0,0.0,0.0,0.0,0.0,0.0,0.0,0.0,0.0,0.0,0.0
491007,CHE,D.Essugo,M,6.9,0.0,0.0,0.0,0.0,0.0,0.0,0.0,0.0,0.0,0.0,0.0,0.0,0.0,0.0,0.0,0.0,0.0,0.0,0.0,0.0,0.0,0.0,0.0,0.0,0.0,0.0,0.0,0.0
211975,MCI,Akanji,D,8.1,0.0,0.0,0.0,0.0,0.0,0.0,0.0,0.0,0.0,0.0,0.0,0.0,0.0,0.0,0.0,0.0,0.0,0.0,0.0,0.0,0.0,0.0,0.0,0.0,0.0,0.0,0.0,0.0
44699,BUR,Barnes,F,7.2,0.0,0.0,0.0,0.0,0.0,0.0,0.0,0.0,0.0,0.0,0.0,0.0,0.0,0.0,0.0,0.0,0.0,0.0,0.0,0.0,0.0,0.0,0.0,0.0,0.0,0.0,0.0,0.0
570241,BRE,Ji-soo,D,6.1,0.0,0.0,0.0,0.0,0.0,0.0,0.0,0.0,0.0,0.0,0.0,0.0,0.0,0.0,0.0,0.0,0.0,0.0,0.0,0.0,0.0,0.0,0.0,0.0,0.0,0.0,0.0,0.0
547801,EVE,Bates,M,6.9,0.0,0.0,0.0,0.0,0.0,0.0,0.0,0.0,0.0,0.0,0.0,0.0,0.0,0.0,0.0,0.0,0.0,0.0,0.0,0.0,0.0,0.0,0.0,0.0,0.0,0.0,0.0,0.0
124165,SUN,Roberts,M,6.9,0.0,0.0,0.0,0.0,0.0,0.0,0.0,0.0,0.0,0.0,0.0,0.0,0.0,0.0,0.0,0.0,0.0,0.0,0.0,0.0,0.0,0.0,0.0,0.0,0.0,0.0,0.0,0.0
429414,WOL,Kalajdžić,F,6.5,0.0,0.0,0.0,0.0,0.0,0.0,0.0,0.0,0.0,0.0,0.0,0.0,0.0,0.0,0.0,0.0,0.0,0.0,0.0,0.0,0.0,0.0,0.0,0.0,0.0,0.0,0.0,0.0
477547,SUN,Hjelde,D,6.1,0.0,0.0,0.0,0.0,0.0,0.0,0.0,0.0,0.0,0.0,0.0,0.0,0.0,0.0,0.0,0.0,0.0,0.0,0.0,0.0,0.0,0.0,0.0,0.0,0.0,0.0,0.0,0.0
626844,SUN,Aleksić,M,6.9,0.0,0.0,0.0,0.0,0.0,0.0,0.0,0.0,0.0,0.0,0.0,0.0,0.0,0.0,0.0,0.0,0.0,0.0,0.0,0.0,0.0,0.0,0.0,0.0,0.0,0.0,0.0,0.0
214572,TOT,Austin,G,6.0,0.0,0.0,0.0,0.0,0.0,0.0,0.0,0.0,0.0,0.0,0.0,0.0,0.0,0.0,0.0,0.0,0.0,0.0,0.0,0.0,0.0,0.0,0.0,0.0,0.0,0.0,0.0,0.0
462635,LEE,Gelhardt,M,6.9,0.0,0.0,0.0,0.0,0.0,0.0,0.0,0.0,0.0,0.0,0.0,0.0,0.0,0.0,0.0,0.0,0.0,0.0,0.0,0.0,0.0,0.0,0.0,0.0,0.0,0.0,0.0,0.0
565431,WHU,Marshall,F,7.2,0.0,0.0,0.0,0.0,0.0,0.0,0.0,0.0,0.0,0.0,0.0,0.0,0.0,0.0,0.0,0.0,0.0,0.0,0.0,0.0,0.0,0.0,0.0,0.0,0.0,0.0,0.0,0.0
490885,WHU,Earthy,M,6.9,0.0,0.0,0.0,0.0,0.0,0.0,0.0,0.0,0.0,0.0,0.0,0.0,0.0,0.0,0.0,0.0,0.0,0.0,0.0,0.0,0.0,0.0,0.0,0.0,0.0,0.0,0.0,0.0
115556,TOT,Davies,D,6.8,0.0,0.0,0.0,0.0,0.0,0.0,0.0,0.0,0.0,0.0,0.0,0.0,0.0,0.0,0.0,0.0,0.0,0.0,0.0,0.0,0.0,0.0,0.0,0.0,0.0,0.0,0.0,0.0
465702,SUN,Pembele,D,6.1,0.0,0.0,0.0,0.0,0.0,0.0,0.0,0.0,0.0,0.0,0.0,0.0,0.0,0.0,0.0,0.0,0.0,0.0,0.0,0.0,0.0,0.0,0.0,0.0,0.0,0.0,0.0,0.0
541462,BOU,Akinmboni,D,6.1,0.0,0.0,0.0,0.0,0.0,0.0,0.0,0.0,0.0,0.0,0.0,0.0,0.0,0.0,0.0,0.0,0.0,0.0,0.0,0.0,0.0,0.0,0.0,0.0,0.0,0.0,0.0,0.0
463748,ARS,Hein,G,6.0,0.0,0.0,0.0,0.0,0.0,0.0,0.0,0.0,0.0,0.0,0.0,0.0,0.0,0.0,0.0,0.0,0.0,0.0,0.0,0.0,0.0,0.0,0.0,0.0,0.0,0.0,0.0,0.0
205651,ARS,G.Jesus,F,11.0,0.0,0.0,0.0,0.0,0.0,0.0,0.0,0.0,0.0,0.0,0.0,0.0,0.0,0.0,0.0,0.0,0.0,0.0,0.0,0.0,0.0,0.0,0.0,0.0,0.0,0.0,0.0,0.0
545477,NEW,A.Murphy,D,6.1,0.0,0.0,0.0,0.0,0.0,0.0,0.0,0.0,0.0,0.0,0.0,0.0,0.0,0.0,0.0,0.0,0.0,0.0,0.0,0.0,0.0,0.0,0.0,0.0,0.0,0.0,0.0,0.0
487117,BHA,Ferguson,F,7.5,0.0,0.0,0.0,0.0,0.0,0.0,0.0,0.0,0.0,0.0,0.0,0.0,0.0,0.0,0.0,0.0,0.0,0.0,0.0,0.0,0.0,0.0,0.0,0.0,0.0,0.0,0.0,0.0
447325,EVE,Tyrer,G,6.0,0.0,0.0,0.0,0.0,0.0,0.0,0.0,0.0,0.0,0.0,0.0,0.0,0.0,0.0,0.0,0.0,0.0,0.0,0.0,0.0,0.0,0.0,0.0,0.0,0.0,0.0,0.0,0.0
209288,BHA,McGill,G,6.0,0.0,0.0,0.0,0.0,0.0,0.0,0.0,0.0,0.0,0.0,0.0,0.0,0.0,0.0,0.0,0.0,0.0,0.0,0.0,0.0,0.0,0.0,0.0,0.0,0.0,0.0,0.0,0.0
172780,TOT,Maddison,M,10.6,0.0,0.0,0.0,0.0,0.0,0.0,0.0,0.0,0.0,0.0,0.0,0.0,0.0,0.0,0.0,0.0,0.0,0.0,0.0,0.0,0.0,0.0,0.0,0.0,0.0,0.0,0.0,0.0
496178,EVE,Dixon,D,6.1,0.0,0.0,0.0,0.0,0.0,0.0,0.0,0.0,0.0,0.0,0.0,0.0,0.0,0.0,0.0,0.0,0.0,0.0,0.0,0.0,0.0,0.0,0.0,0.0,0.0,0.0,0.0,0.0
184667,AVL,Lindelöf,D,6.7,0.0,0.0,0.0,0.0,0.0,0.0,0.0,0.0,0.0,0.0,0.0,0.0,0.0,0.0,0.0,0.0,0.0,0.0,0.0,0.0,0.0,0.0,0.0,0.0,0.0,0.0,0.0,0.0
466117,CRY,Ahamada,M,6.4,0.0,0.0,0.0,0.0,0.0,0.0,0.0,0.0,0.0,0.0,0.0,0.0,0.0,0.0,0.0,0.0,0.0,0.0,0.0,0.0,0.0,0.0,0.0,0.0,0.0,0.0,0.0,0.0
490000,SUN,Nna Noukeu,G,6.0,0.0,0.0,0.0,0.0,0.0,0.0,0.0,0.0,0.0,0.0,0.0,0.0,0.0,0.0,0.0,0.0,0.0,0.0,0.0,0.0,0.0,0.0,0.0,0.0,0.0,0.0,0.0,0.0
593001,WOL,Gonzalez,M,6.3,0.0,0.0,0.0,0.0,0.0,0.0,0.0,0.0,0.0,0.0,0.0,0.0,0.0,0.0,0.0,0.0,0.0,0.0,0.0,0.0,0.0,0.0,0.0,0.0,0.0,0.0,0.0,0.0
640108,NEW,Antoñito C.,M,6.9,0.0,0.0,0.0,0.0,0.0,0.0,0.0,0.0,0.0,0.0,0.0,0.0,0.0,0.0,0.0,0.0,0.0,0.0,0.0,0.0,0.0,0.0,0.0,0.0,0.0,0.0,0.0,0.0
547720,BHA,Tasker,D,6.1,0.0,0.0,0.0,0.0,0.0,0.0,0.0,0.0,0.0,0.0,0.0,0.0,0.0,0.0,0.0,0.0,0.0,0.0,0.0,0.0,0.0,0.0,0.0,0.0,0.0,0.0,0.0,0.0
155503,LIV,Woodman,G,6.0,0.0,0.0,0.0,0.0,0.0,0.0,0.0,0.0,0.0,0.0,0.0,0.0,0.0,0.0,0.0,0.0,0.0,0.0,0.0,0.0,0.0,0.0,0.0,0.0,0.0,0.0,0.0,0.0
507433,BRE,Valdimarsson,G,6.0,0.0,0.0,0.0,0.0,0.0,0.0,0.0,0.0,0.0,0.0,0.0,0.0,0.0,0.0,0.0,0.0,0.0,0.0,0.0,0.0,0.0,0.0,0.0,0.0,0.0,0.0,0.0,0.0
183751,BUR,Benson,M,6.9,0.0,0.0,0.0,0.0,0.0,0.0,0.0,0.0,0.0,0.0,0.0,0.0,0.0,0.0,0.0,0.0,0.0,0.0,0.0,0.0,0.0,0.0,0.0,0.0,0.0,0.0,0.0,0.0
101148,NEW,Lascelles,D,6.1,0.0,0.0,0.0,0.0,0.0,0.0,0.0,0.0,0.0,0.0,0.0,0.0,0.0,0.0,0.0,0.0,0.0,0.0,0.0,0.0,0.0,0.0,0.0,0.0,0.0,0.0,0.0,0.0
477851,SUN,Ba,M,6.9,0.0,0.0,0.0,0.0,0.0,0.0,0.0,0.0,0.0,0.0,0.0,0.0,0.0,0.0,0.0,0.0,0.0,0.0,0.0,0.0,0.0,0.0,0.0,0.0,0.0,0.0,0.0,0.0
616222,MCI,Vitor Reis,D,6.2,0.0,0.0,0.0,0.0,0.0,0.0,0.0,0.0,0.0,0.0,0.0,0.0,0.0,0.0,0.0,0.0,0.0,0.0,0.0,0.0,0.0,0.0,0.0,0.0,0.0,0.0,0.0,0.0
440854,ARS,Kiwior,D,6.8,0.0,0.0,0.0,0.0,0.0,0.0,0.0,0.0,0.0,0.0,0.0,0.0,0.0,0.0,0.0,0.0,0.0,0.0,0.0,0.0,0.0,0.0,0.0,0.0,0.0,0.0,0.0,0.0
72147,AVL,M.Bizot,G,6.6,0.0,0.0,0.0,0.0,0.0,0.0,0.0,0.0,0.0,0.0,0.0,0.0,0.0,0.0,0.0,0.0,0.0,0.0,0.0,0.0,0.0,0.0,0.0,0.0,0.0,0.0,0.0,0.0
517179,WOL,Pond,D,6.1,0.0,0.0,0.0,0.0,0.0,0.0,0.0,0.0,0.0,0.0,0.0,0.0,0.0,0.0,0.0,0.0,0.0,0.0,0.0,0.0,0.0,0.0,0.0,0.0,0.0,0.0,0.0,0.0
489580,LIV,Ramsay,D,6.1,0.0,0.0,0.0,0.0,0.0,0.0,0.0,0.0,0.0,0.0,0.0,0.0,0.0,0.0,0.0,0.0,0.0,0.0,0.0,0.0,0.0,0.0,0.0,0.0,0.0,0.0,0.0,0.0
247245,BUR,Delcroix,D,6.1,0.0,0.0,0.0,0.0,0.0,0.0,0.0,0.0,0.0,0.0,0.0,0.0,0.0,0.0,0.0,0.0,0.0,0.0,0.0,0.0,0.0,0.0,0.0,0.0,0.0,0.0,0.0,0.0
472739,BHA,Rushworth,G,6.0,0.0,0.0,0.0,0.0,0.0,0.0,0.0,0.0,0.0,0.0,0.0,0.0,0.0,0.0,0.0,0.0,0.0,0.0,0.0,0.0,0.0,0.0,0.0,0.0,0.0,0.0,0.0,0.0
235448,BRE,Balcombe,G,6.0,0.0,0.0,0.0,0.0,0.0,0.0,0.0,0.0,0.0,0.0,0.0,0.0,0.0,0.0,0.0,0.0,0.0,0.0,0.0,0.0,0.0,0.0,0.0,0.0,0.0,0.0,0.0,0.0
569014,NFO,Da Silva Moreira,M,6.3,0.0,0.0,0.0,0.0,0.0,0.0,0.0,0.0,0.0,0.0,0.0,0.0,0.0,0.0,0.0,0.0,0.0,0.0,0.0,0.0,0.0,0.0,0.0,0.0,0.0,0.0,0.0,0.0
519634,SUN,Seelt,D,6.1,0.0,0.0,0.0,0.0,0.0,0.0,0.0,0.0,0.0,0.0,0.0,0.0,0.0,0.0,0.0,0.0,0.0,0.0,0.0,0.0,0.0,0.0,0.0,0.0,0.0,0.0,0.0,0.0
111452,NEW,Odysseas,G,6.0,0.0,0.0,0.0,0.0,0.0,0.0,0.0,0.0,0.0,0.0,0.0,0.0,0.0,0.0,0.0,0.0,0.0,0.0,0.0,0.0,0.0,0.0,0.0,0.0,0.0,0.0,0.0,0.0
450072,BUR,Sambo,D,6.1,0.0,0.0,0.0,0.0,0.0,0.0,0.0,0.0,0.0,0.0,0.0,0.0,0.0,0.0,0.0,0.0,0.0,0.0,0.0,0.0,0.0,0.0,0.0,0.0,0.0,0.0,0.0,0.0
492368,LEE,Schmidt,D,6.1,0.0,0.0,0.0,0.0,0.0,0.0,0.0,0.0,0.0,0.0,0.0,0.0,0.0,0.0,0.0,0.0,0.0,0.0,0.0,0.0,0.0,0.0,0.0,0.0,0.0,0.0,0.0,0.0
461421,AVL,Dobbin,M,6.3,0.0,0.0,0.0,0.0,0.0,0.0,0.0,0.0,0.0,0.0,0.0,0.0,0.0,0.0,0.0,0.0,0.0,0.0,0.0,0.0,0.0,0.0,0.0,0.0,0.0,0.0,0.0,0.0
499717,BRE,Meghoma,D,6.3,0.0,0.0,0.0,0.0,0.0,0.0,0.0,0.0,0.0,0.0,0.0,0.0,0.0,0.0,0.0,0.0,0.0,0.0,0.0,0.0,0.0,0.0,0.0,0.0,0.0,0.0,0.0,0.0
169593,CRY,Matthews,G,6.0,0.0,0.0,0.0,0.0,0.0,0.0,0.0,0.0,0.0,0.0,0.0,0.0,0.0,0.0,0.0,0.0,0.0,0.0,0.0,0.0,0.0,0.0,0.0,0.0,0.0,0.0,0.0,0.0
171422,SUN,Browne,M,6.9,0.0,0.0,0.0,0.0,0.0,0.0,0.0,0.0,0.0,0.0,0.0,0.0,0.0,0.0,0.0,0.0,0.0,0.0,0.0,0.0,0.0,0.0,0.0,0.0,0.0,0.0,0.0,0.0
220598,BUR,Obafemi,F,7.2,0.0,0.0,0.0,0.0,0.0,0.0,0.0,0.0,0.0,0.0,0.0,0.0,0.0,0.0,0.0,0.0,0.0,0.0,0.0,0.0,0.0,0.0,0.0,0.0,0.0,0.0,0.0,0.0
551206,BUR,Banel,M,6.9,0.0,0.0,0.0,0.0,0.0,0.0,0.0,0.0,0.0,0.0,0.0,0.0,0.0,0.0,0.0,0.0,0.0,0.0,0.0,0.0,0.0,0.0,0.0,0.0,0.0,0.0,0.0,0.0
590012,CRY,Kporha,D,6.1,0.0,0.0,0.0,0.0,0.0,0.0,0.0,0.0,0.0,0.0,0.0,0.0,0.0,0.0,0.0,0.0,0.0,0.0,0.0,0.0,0.0,0.0,0.0,0.0,0.0,0.0,0.0,0.0
518438,WHU,Casey,D,6.1,0.0,0.0,0.0,0.0,0.0,0.0,0.0,0.0,0.0,0.0,0.0,0.0,0.0,0.0,0.0,0.0,0.0,0.0,0.0,0.0,0.0,0.0,0.0,0.0,0.0,0.0,0.0,0.0
204822,NFO,O.Richards,D,6.1,0.0,0.0,0.0,0.0,0.0,0.0,0.0,0.0,0.0,0.0,0.0,0.0,0.0,0.0,0.0,0.0,0.0,0.0,0.0,0.0,0.0,0.0,0.0,0.0,0.0,0.0,0.0,0.0
111773,NEW,Krafth,D,6.1,0.0,0.0,0.0,0.0,0.0,0.0,0.0,0.0,0.0,0.0,0.0,0.0,0.0,0.0,0.0,0.0,0.0,0.0,0.0,0.0,0.0,0.0,0.0,0.0,0.0,0.0,0.0,0.0
107265,NFO,Gunn,G,6.0,0.0,0.0,0.0,0.0,0.0,0.0,0.0,0.0,0.0,0.0,0.0,0.0,0.0,0.0,0.0,0.0,0.0,0.0,0.0,0.0,0.0,0.0,0.0,0.0,0.0,0.0,0.0,0.0
549067,NFO,Abbott,D,6.1,0.0,0.0,0.0,0.0,0.0,0.0,0.0,0.0,0.0,0.0,0.0,0.0,0.0,0.0,0.0,0.0,0.0,0.0,0.0,0.0,0.0,0.0,0.0,0.0,0.0,0.0,0.0,0.0
220684,SUN,Alese,D,6.1,0.0,0.0,0.0,0.0,0.0,0.0,0.0,0.0,0.0,0.0,0.0,0.0,0.0,0.0,0.0,0.0,0.0,0.0,0.0,0.0,0.0,0.0,0.0,0.0,0.0,0.0,0.0,0.0
86873,FUL,Lecomte,G,6.0,0.0,0.0,0.0,0.0,0.0,0.0,0.0,0.0,0.0,0.0,0.0,0.0,0.0,0.0,0.0,0.0,0.0,0.0,0.0,0.0,0.0,0.0,0.0,0.0,0.0,0.0,0.0,0.0
441024,NEW,Ashby,D,6.1,0.0,0.0,0.0,0.0,0.0,0.0,0.0,0.0,0.0,0.0,0.0,0.0,0.0,0.0,0.0,0.0,0.0,0.0,0.0,0.0,0.0,0.0,0.0,0.0,0.0,0.0,0.0,0.0
81441,NEW,Gillespie,G,6.0,0.0,0.0,0.0,0.0,0.0,0.0,0.0,0.0,0.0,0.0,0.0,0.0,0.0,0.0,0.0,0.0,0.0,0.0,0.0,0.0,0.0,0.0,0.0,0.0,0.0,0.0,0.0,0.0
611975,SUN,Abdullahi,F,7.2,0.0,0.0,0.0,0.0,0.0,0.0,0.0,0.0,0.0,0.0,0.0,0.0,0.0,0.0,0.0,0.0,0.0,0.0,0.0,0.0,0.0,0.0,0.0,0.0,0.0,0.0,0.0,0.0
586268,LIV,Pécsi,G,6.0,0.0,0.0,0.0,0.0,0.0,0.0,0.0,0.0,0.0,0.0,0.0,0.0,0.0,0.0,0.0,0.0,0.0,0.0,0.0,0.0,0.0,0.0,0.0,0.0,0.0,0.0,0.0,0.0
611926,LIV,Nallo,D,6.1,0.0,0.0,0.0,0.0,0.0,0.0,0.0,0.0,0.0,0.0,0.0,0.0,0.0,0.0,0.0,0.0,0.0,0.0,0.0,0.0,0.0,0.0,0.0,0.0,0.0,0.0,0.0,0.0
440955,SUN,Rusyn,F,7.2,0.0,0.0,0.0,0.0,0.0,0.0,0.0,0.0,0.0,0.0,0.0,0.0,0.0,0.0,0.0,0.0,0.0,0.0,0.0,0.0,0.0,0.0,0.0,0.0,0.0,0.0,0.0,0.0
606689,BRE,Donovan,M,6.9,0.0,0.0,0.0,0.0,0.0,0.0,0.0,0.0,0.0,0.0,0.0,0.0,0.0,0.0,0.0,0.0,0.0,0.0,0.0,0.0,0.0,0.0,0.0,0.0,0.0,0.0,0.0,0.0
515024,FUL,Harris,M,6.6,0.0,0.0,0.0,0.0,0.0,0.0,0.0,0.0,0.0,0.0,0.0,0.0,0.0,0.0,0.0,0.0,0.0,0.0,0.0,0.0,0.0,0.0,0.0,0.0,0.0,0.0,0.0,0.0
589507,WOL,Chiwome,F,7.2,0.0,0.0,0.0,0.0,0.0,0.0,0.0,0.0,0.0,0.0,0.0,0.0,0.0,0.0,0.0,0.0,0.0,0.0,0.0,0.0,0.0,0.0,0.0,0.0,0.0,0.0,0.0,0.0
514315,AVL,Sousa,D,6.1,0.0,0.0,0.0,0.0,0.0,0.0,0.0,0.0,0.0,0.0,0.0,0.0,0.0,0.0,0.0,0.0,0.0,0.0,0.0,0.0,0.0,0.0,0.0,0.0,0.0,0.0,0.0,0.0
79602,WOL,Bentley,G,6.0,0.0,0.0,0.0,0.0,0.0,0.0,0.0,0.0,0.0,0.0,0.0,0.0,0.0,0.0,0.0,0.0,0.0,0.0,0.0,0.0,0.0,0.0,0.0,0.0,0.0,0.0,0.0,0.0
21205,MUN,Heaton,G,6.0,0.0,0.0,0.0,0.0,0.0,0.0,0.0,0.0,0.0,0.0,0.0,0.0,0.0,0.0,0.0,0.0,0.0,0.0,0.0,0.0,0.0,0.0,0.0,0.0,0.0,0.0,0.0,0.0
444172,BOU,Dennis,G,6.0,0.0,0.0,0.0,0.0,0.0,0.0,0.0,0.0,0.0,0.0,0.0,0.0,0.0,0.0,0.0,0.0,0.0,0.0,0.0,0.0,0.0,0.0,0.0,0.0,0.0,0.0,0.0,0.0
215460,SUN,Poveda,M,6.9,0.0,0.0,0.0,0.0,0.0,0.0,0.0,0.0,0.0,0.0,0.0,0.0,0.0,0.0,0.0,0.0,0.0,0.0,0.0,0.0,0.0,0.0,0.0,0.0,0.0,0.0,0.0,0.0
462492,AVL,Gauci,G,6.0,0.0,0.0,0.0,0.0,0.0,0.0,0.0,0.0,0.0,0.0,0.0,0.0,0.0,0.0,0.0,0.0,0.0,0.0,0.0,0.0,0.0,0.0,0.0,0.0,0.0,0.0,0.0,0.0
15157,BHA,Milner,M,6.3,0.0,0.0,0.0,0.0,0.0,0.0,0.0,0.0,0.0,0.0,0.0,0.0,0.0,0.0,0.0,0.0,0.0,0.0,0.0,0.0,0.0,0.0,0.0,0.0,0.0,0.0,0.0,0.0
518442,WHU,Orford,M,6.9,0.0,0.0,0.0,0.0,0.0,0.0,0.0,0.0,0.0,0.0,0.0,0.0,0.0,0.0,0.0,0.0,0.0,0.0,0.0,0.0,0.0,0.0,0.0,0.0,0.0,0.0,0.0,0.0
90585,NFO,Boly,D,6.1,0.0,0.0,0.0,0.0,0.0,0.0,0.0,0.0,0.0,0.0,0.0,0.0,0.0,0.0,0.0,0.0,0.0,0.0,0.0,0.0,0.0,0.0,0.0,0.0,0.0,0.0,0.0,0.0
492066,SUN,Huggins,D,6.1,0.0,0.0,0.0,0.0,0.0,0.0,0.0,0.0,0.0,0.0,0.0,0.0,0.0,0.0,0.0,0.0,0.0,0.0,0.0,0.0,0.0,0.0,0.0,0.0,0.0,0.0,0.0,0.0
618873,MUN,Kone,M,6.3,0.0,0.0,0.0,0.0,0.0,0.0,0.0,0.0,0.0,0.0,0.0,0.0,0.0,0.0,0.0,0.0,0.0,0.0,0.0,0.0,0.0,0.0,0.0,0.0,0.0,0.0,0.0,0.0
533710,BRE,Morgan,F,7.2,0.0,0.0,0.0,0.0,0.0,0.0,0.0,0.0,0.0,0.0,0.0,0.0,0.0,0.0,0.0,0.0,0.0,0.0,0.0,0.0,0.0,0.0,0.0,0.0,0.0,0.0,0.0,0.0
576980,CRY,Marsh,F,7.2,0.0,0.0,0.0,0.0,0.0,0.0,0.0,0.0,0.0,0.0,0.0,0.0,0.0,0.0,0.0,0.0,0.0,0.0,0.0,0.0,0.0,0.0,0.0,0.0,0.0,0.0,0.0,0.0
461484,NEW,White,M,6.9,0.0,0.0,0.0,0.0,0.0,0.0,0.0,0.0,0.0,0.0,0.0,0.0,0.0,0.0,0.0,0.0,0.0,0.0,0.0,0.0,0.0,0.0,0.0,0.0,0.0,0.0,0.0,0.0
465920,CHE,Mudryk,M,8.4,0.0,0.0,0.0,0.0,0.0,0.0,0.0,0.0,0.0,0.0,0.0,0.0,0.0,0.0,0.0,0.0,0.0,0.0,0.0,0.0,0.0,0.0,0.0,0.0,0.0,0.0,0.0,0.0
503300,BRE,Cox,G,6.0,0.0,0.0,0.0,0.0,0.0,0.0,0.0,0.0,0.0,0.0,0.0,0.0,0.0,0.0,0.0,0.0,0.0,0.0,0.0,0.0,0.0,0.0,0.0,0.0,0.0,0.0,0.0,0.0
588555,MUN,Harrison,G,6.0,0.0,0.0,0.0,0.0,0.0,0.0,0.0,0.0,0.0,0.0,0.0,0.0,0.0,0.0,0.0,0.0,0.0,0.0,0.0,0.0,0.0,0.0,0.0,0.0,0.0,0.0,0.0,0.0
536119,LEE,Crew,M,6.9,0.0,0.0,0.0,0.0,0.0,0.0,0.0,0.0,0.0,0.0,0.0,0.0,0.0,0.0,0.0,0.0,0.0,0.0,0.0,0.0,0.0,0.0,0.0,0.0,0.0,0.0,0.0,0.0
576323,BUR,Adewumi,M,6.9,0.0,0.0,0.0,0.0,0.0,0.0,0.0,0.0,0.0,0.0,0.0,0.0,0.0,0.0,0.0,0.0,0.0,0.0,0.0,0.0,0.0,0.0,0.0,0.0,0.0,0.0,0.0,0.0
531989,CRY,Ozoh,M,6.3,0.0,0.0,0.0,0.0,0.0,0.0,0.0,0.0,0.0,0.0,0.0,0.0,0.0,0.0,0.0,0.0,0.0,0.0,0.0,0.0,0.0,0.0,0.0,0.0,0.0,0.0,0.0,0.0
495145,BOU,Paulsen,G,6.0,0.0,0.0,0.0,0.0,0.0,0.0,0.0,0.0,0.0,0.0,0.0,0.0,0.0,0.0,0.0,0.0,0.0,0.0,0.0,0.0,0.0,0.0,0.0,0.0,0.0,0.0,0.0,0.0
500058,LIV,Danns,F,7.2,0.0,0.0,0.0,0.0,0.0,0.0,0.0,0.0,0.0,0.0,0.0,0.0,0.0,0.0,0.0,0.0,0.0,0.0,0.0,0.0,0.0,0.0,0.0,0.0,0.0,0.0,0.0,0.0
578614,BUR,Boateng,M,6.9,0.0,0.0,0.0,0.0,0.0,0.0,0.0,0.0,0.0,0.0,0.0,0.0,0.0,0.0,0.0,0.0,0.0,0.0,0.0,0.0,0.0,0.0,0.0,0.0,0.0,0.0,0.0,0.0
450539,BRE,Peart-Harris,M,6.3,0.0,0.0,0.0,0.0,0.0,0.0,0.0,0.0,0.0,0.0,0.0,0.0,0.0,0.0,0.0,0.0,0.0,0.0,0.0,0.0,0.0,0.0,0.0,0.0,0.0,0.0,0.0,0.0
49262,BHA,Steele,G,6.0,0.0,0.0,0.0,0.0,0.0,0.0,0.0,0.0,0.0,0.0,0.0,0.0,0.0,0.0,0.0,0.0,0.0,0.0,0.0,0.0,0.0,0.0,0.0,0.0,0.0,0.0,0.0,0.0
497606,WOL,Chirewa,M,6.3,0.0,0.0,0.0,0.0,0.0,0.0,0.0,0.0,0.0,0.0,0.0,0.0,0.0,0.0,0.0,0.0,0.0,0.0,0.0,0.0,0.0,0.0,0.0,0.0,0.0,0.0,0.0,0.0
530318,CRY,Rodney,M,6.9,0.0,0.0,0.0,0.0,0.0,0.0,0.0,0.0,0.0,0.0,0.0,0.0,0.0,0.0,0.0,0.0,0.0,0.0,0.0,0.0,0.0,0.0,0.0,0.0,0.0,0.0,0.0,0.0
220695,BRE,Maghoma,M,6.9,0.0,0.0,0.0,0.0,0.0,0.0,0.0,0.0,0.0,0.0,0.0,0.0,0.0,0.0,0.0,0.0,0.0,0.0,0.0,0.0,0.0,0.0,0.0,0.0,0.0,0.0,0.0,0.0
551153,SUN,Luís Hemir,F,7.2,0.0,0.0,0.0,0.0,0.0,0.0,0.0,0.0,0.0,0.0,0.0,0.0,0.0,0.0,0.0,0.0,0.0,0.0,0.0,0.0,0.0,0.0,0.0,0.0,0.0,0.0,0.0,0.0
518906,BOU,Bevan,D,6.1,0.0,0.0,0.0,0.0,0.0,0.0,0.0,0.0,0.0,0.0,0.0,0.0,0.0,0.0,0.0,0.0,0.0,0.0,0.0,0.0,0.0,0.0,0.0,0.0,0.0,0.0,0.0,0.0
606775,BOU,Winterburn,M,6.9,0.0,0.0,0.0,0.0,0.0,0.0,0.0,0.0,0.0,0.0,0.0,0.0,0.0,0.0,0.0,0.0,0.0,0.0,0.0,0.0,0.0,0.0,0.0,0.0,0.0,0.0,0.0,0.0
51943,BUR,Hladký,G,6.0,0.0,0.0,0.0,0.0,0.0,0.0,0.0,0.0,0.0,0.0,0.0,0.0,0.0,0.0,0.0,0.0,0.0,0.0,0.0,0.0,0.0,0.0,0.0,0.0,0.0,0.0,0.0,0.0
122074,MCI,Bettinelli,G,6.0,0.0,0.0,0.0,0.0,0.0,0.0,0.0,0.0,0.0,0.0,0.0,0.0,0.0,0.0,0.0,0.0,0.0,0.0,0.0,0.0,0.0,0.0,0.0,0.0,0.0,0.0,0.0,0.0
461567,BUR,Dodgson,D,6.1,0.0,0.0,0.0,0.0,0.0,0.0,0.0,0.0,0.0,0.0,0.0,0.0,0.0,0.0,0.0,0.0,0.0,0.0,0.0,0.0,0.0,0.0,0.0,0.0,0.0,0.0,0.0,0.0
428971,FUL,Benda,G,6.0,0.0,0.0,0.0,0.0,0.0,0.0,0.0,0.0,0.0,0.0,0.0,0.0,0.0,0.0,0.0,0.0,0.0,0.0,0.0,0.0,0.0,0.0,0.0,0.0,0.0,0.0,0.0,0.0
591357,BRE,Trevitt,M,6.9,0.0,0.0,0.0,0.0,0.0,0.0,0.0,0.0,0.0,0.0,0.0,0.0,0.0,0.0,0.0,0.0,0.0,0.0,0.0,0.0,0.0,0.0,0.0,0.0,0.0,0.0,0.0,0.0
97846,LEE,Cairns,G,6.0,0.0,0.0,0.0,0.0,0.0,0.0,0.0,0.0,0.0,0.0,0.0,0.0,0.0,0.0,0.0,0.0,0.0,0.0,0.0,0.0,0.0,0.0,0.0,0.0,0.0,0.0,0.0,0.0
556639,MUN,Fitzgerald,M,6.9,0.0,0.0,0.0,0.0,0.0,0.0,0.0,0.0,0.0,0.0,0.0,0.0,0.0,0.0,0.0,0.0,0.0,0.0,0.0,0.0,0.0,0.0,0.0,0.0,0.0,0.0,0.0,0.0
138001,EVE,King,G,6.0,0.0,0.0,0.0,0.0,0.0,0.0,0.0,0.0,0.0,0.0,0.0,0.0,0.0,0.0,0.0,0.0,0.0,0.0,0.0,0.0,0.0,0.0,0.0,0.0,0.0,0.0,0.0,0.0
499726,TOT,Olusesi,M,6.9,0.0,0.0,0.0,0.0,0.0,0.0,0.0,0.0,0.0,0.0,0.0,0.0,0.0,0.0,0.0,0.0,0.0,0.0,0.0,0.0,0.0,0.0,0.0,0.0,0.0,0.0,0.0,0.0
551221,ARS,Setford,G,6.0,0.0,0.0,0.0,0.0,0.0,0.0,0.0,0.0,0.0,0.0,0.0,0.0,0.0,0.0,0.0,0.0,0.0,0.0,0.0,0.0,0.0,0.0,0.0,0.0,0.0,0.0,0.0,0.0
504296,EVE,Ebere,M,6.9,0.0,0.0,0.0,0.0,0.0,0.0,0.0,0.0,0.0,0.0,0.0,0.0,0.0,0.0,0.0,0.0,0.0,0.0,0.0,0.0,0.0,0.0,0.0,0.0,0.0,0.0,0.0,0.0
483364,WHU,Hegyi,G,6.0,0.0,0.0,0.0,0.0,0.0,0.0,0.0,0.0,0.0,0.0,0.0,0.0,0.0,0.0,0.0,0.0,0.0,0.0,0.0,0.0,0.0,0.0,0.0,0.0,0.0,0.0,0.0,0.0
474907,EVE,Welch,D,6.1,0.0,0.0,0.0,0.0,0.0,0.0,0.0,0.0,0.0,0.0,0.0,0.0,0.0,0.0,0.0,0.0,0.0,0.0,0.0,0.0,0.0,0.0,0.0,0.0,0.0,0.0,0.0,0.0
219937,LIV,R.Williams,D,6.1,0.0,0.0,0.0,0.0,0.0,0.0,0.0,0.0,0.0,0.0,0.0,0.0,0.0,0.0,0.0,0.0,0.0,0.0,0.0,0.0,0.0,0.0,0.0,0.0,0.0,0.0,0.0,0.0
568791,BOU,McKenna,G,6.0,0.0,0.0,0.0,0.0,0.0,0.0,0.0,0.0,0.0,0.0,0.0,0.0,0.0,0.0,0.0,0.0,0.0,0.0,0.0,0.0,0.0,0.0,0.0,0.0,0.0,0.0,0.0,0.0
531363,WOL,Fraser,F,6.7,0.0,0.0,0.0,0.0,0.0,0.0,0.0,0.0,0.0,0.0,0.0,0.0,0.0,0.0,0.0,0.0,0.0,0.0,0.0,0.0,0.0,0.0,0.0,0.0,0.0,0.0,0.0,0.0
547037,MUN,J.Fletcher,M,6.9,0.0,0.0,0.0,0.0,0.0,0.0,0.0,0.0,0.0,0.0,0.0,0.0,0.0,0.0,0.0,0.0,0.0,0.0,0.0,0.0,0.0,0.0,0.0,0.0,0.0,0.0,0.0,0.0
591385,FUL,Amissah,D,6.1,0.0,0.0,0.0,0.0,0.0,0.0,0.0,0.0,0.0,0.0,0.0,0.0,0.0,0.0,0.0,0.0,0.0,0.0,0.0,0.0,0.0,0.0,0.0,0.0,0.0,0.0,0.0,0.0
599303,NEW,Neave,F,7.2,0.0,0.0,0.0,0.0,0.0,0.0,0.0,0.0,0.0,0.0,0.0,0.0,0.0,0.0,0.0,0.0,0.0,0.0,0.0,0.0,0.0,0.0,0.0,0.0,0.0,0.0,0.0,0.0
579075,CRY,Agbinone,M,6.9,0.0,0.0,0.0,0.0,0.0,0.0,0.0,0.0,0.0,0.0,0.0,0.0,0.0,0.0,0.0,0.0,0.0,0.0,0.0,0.0,0.0,0.0,0.0,0.0,0.0,0.0,0.0,0.0
588796,ARS,Kabia,M,6.9,0.0,0.0,0.0,0.0,0.0,0.0,0.0,0.0,0.0,0.0,0.0,0.0,0.0,0.0,0.0,0.0,0.0,0.0,0.0,0.0,0.0,0.0,0.0,0.0,0.0,0.0,0.0,0.0
567121,BHA,Knight,M,6.9,0.0,0.0,0.0,0.0,0.0,0.0,0.0,0.0,0.0,0.0,0.0,0.0,0.0,0.0,0.0,0.0,0.0,0.0,0.0,0.0,0.0,0.0,0.0,0.0,0.0,0.0,0.0,0.0
575034,MUN,Wheatley,F,7.2,0.0,0.0,0.0,0.0,0.0,0.0,0.0,0.0,0.0,0.0,0.0,0.0,0.0,0.0,0.0,0.0,0.0,0.0,0.0,0.0,0.0,0.0,0.0,0.0,0.0,0.0,0.0,0.0
577731,AVL,Broggio,M,6.9,0.0,0.0,0.0,0.0,0.0,0.0,0.0,0.0,0.0,0.0,0.0,0.0,0.0,0.0,0.0,0.0,0.0,0.0,0.0,0.0,0.0,0.0,0.0,0.0,0.0,0.0,0.0,0.0
514613,SUN,Johnson,D,6.1,0.0,0.0,0.0,0.0,0.0,0.0,0.0,0.0,0.0,0.0,0.0,0.0,0.0,0.0,0.0,0.0,0.0,0.0,0.0,0.0,0.0,0.0,0.0,0.0,0.0,0.0,0.0,0.0
596054,WOL,Edozie,M,6.9,0.0,0.0,0.0,0.0,0.0,0.0,0.0,0.0,0.0,0.0,0.0,0.0,0.0,0.0,0.0,0.0,0.0,0.0,0.0,0.0,0.0,0.0,0.0,0.0,0.0,0.0,0.0,0.0
493837,SUN,Matete,M,6.9,0.0,0.0,0.0,0.0,0.0,0.0,0.0,0.0,0.0,0.0,0.0,0.0,0.0,0.0,0.0,0.0,0.0,0.0,0.0,0.0,0.0,0.0,0.0,0.0,0.0,0.0,0.0,0.0
74854,SUN,Moore,G,6.0,0.0,0.0,0.0,0.0,0.0,0.0,0.0,0.0,0.0,0.0,0.0,0.0,0.0,0.0,0.0,0.0,0.0,0.0,0.0,0.0,0.0,0.0,0.0,0.0,0.0,0.0,0.0,0.0
496279,EVE,Heath,M,6.9,0.0,0.0,0.0,0.0,0.0,0.0,0.0,0.0,0.0,0.0,0.0,0.0,0.0,0.0,0.0,0.0,0.0,0.0,0.0,0.0,0.0,0.0,0.0,0.0,0.0,0.0,0.0,0.0
461537,MUN,Mee,G,6.0,0.0,0.0,0.0,0.0,0.0,0.0,0.0,0.0,0.0,0.0,0.0,0.0,0.0,0.0,0.0,0.0,0.0,0.0,0.0,0.0,0.0,0.0,0.0,0.0,0.0,0.0,0.0,0.0
499167,ARS,Nichols,D,6.1,0.0,0.0,0.0,0.0,0.0,0.0,0.0,0.0,0.0,0.0,0.0,0.0,0.0,0.0,0.0,0.0,0.0,0.0,0.0,0.0,0.0,0.0,0.0,0.0,0.0,0.0,0.0,0.0
