fpl_code,team,player,pos,cost,2,3,4,5,6,7,8,9,10,total_pts,ppm
118748,LIV,M.Salah,M,13.5,6.33,5.61,7.67,6.94,6.42,5.93,7.24,6.96,7.1,60.18,4.46
223094,MCI,Haaland,F,13.0,7.09,5.7,6.29,4.51,7.37,6.15,6.06,5.6,6.25,55.03,4.23
244851,CHE,Palmer,M,11.0,5.97,5.94,5.77,5.38,5.94,5.14,5.44,7.84,5.85,53.28,4.84
141746,MUN,B.Fernandes,M,8.5,4.89,6.25,4.35,4.86,5.15,6.81,4.2,5.28,4.86,46.66,5.49
223340,ARS,Saka,M,10.0,5.79,4.17,5.34,4.65,4.58,5.65,4.65,5.13,5.46,45.43,4.54
178301,AVL,Watkins,F,9.5,4.66,4.7,4.22,5.46,4.66,5.37,4.56,4.09,3.68,41.4,4.36
494595,LIV,Wirtz,M,9.0,4.42,3.94,5.2,4.72,4.36,4.02,4.9,4.73,4.9,41.2,4.58
178186,WHU,Bowen,M,8.0,4.55,4.47,5.2,4.68,4.22,3.56,5.05,4.66,4.43,40.82,5.1
219168,NEW,Isak,F,10.5,2.21,4.32,5.46,4.6,4.02,5.13,4.58,5.0,4.99,40.3,3.84
232413,CRY,Eze,M,7.5,4.81,4.21,5.99,4.46,3.93,3.99,4.49,3.27,4.88,40.03,5.34
224117,ARS,Gyökeres,F,9.0,4.71,3.47,4.49,4.04,3.98,4.9,4.14,4.55,4.9,39.18,4.35
437730,BOU,Semenyo,M,7.0,4.91,4.48,4.49,4.3,4.32,4.36,3.93,4.37,3.56,38.72,5.53
232185,CRY,Sarr,M,7.0,4.61,4.1,5.71,4.33,3.77,3.94,4.33,3.21,4.62,38.61,5.52
247412,WOL,Strand Larsen,F,6.5,3.96,4.2,3.73,4.62,4.13,4.23,4.89,4.89,3.73,38.38,5.9
154561,ARS,Raya,G,6.0,4.83,3.57,4.62,4.06,3.74,4.52,4.09,4.28,4.66,38.37,6.4
184029,ARS,Ødegaard,M,7.0,4.9,3.64,4.45,3.9,3.85,4.59,3.96,4.28,4.52,38.07,5.44
154566,TOT,Solanke,F,7.5,3.26,4.53,4.46,4.09,4.8,4.33,4.42,4.01,4.01,37.91,5.05
444102,BOU,Evanilson,F,6.5,4.81,4.37,4.46,4.24,4.2,4.31,3.86,4.33,3.32,37.9,5.83
231747,CRY,Mateta,F,7.0,4.59,4.0,5.69,4.32,3.86,3.94,4.14,2.9,4.23,37.67,5.38
451340,BHA,Mitoma,M,6.5,4.05,3.97,4.0,4.82,3.69,4.18,4.08,3.94,4.67,37.41,5.76
448047,CHE,Enzo,M,7.0,4.16,4.17,4.02,3.87,4.16,3.64,3.78,5.11,4.04,36.95,5.28
60689,NFO,Wood,F,7.5,3.87,4.48,3.13,4.36,5.18,3.64,3.84,3.75,4.09,36.33,4.84
243298,LIV,Gakpo,M,7.5,3.73,3.36,4.61,4.23,3.86,3.55,4.27,4.06,4.26,35.93,4.79
244850,AVL,Rogers,M,7.5,3.79,4.09,3.7,4.64,4.01,4.68,3.97,3.59,3.23,35.7,4.76
226597,ARS,Gabriel,D,6.0,4.76,2.69,4.49,3.39,3.31,4.48,3.76,4.01,4.73,35.62,5.94
215059,CHE,Sánchez,G,5.5,3.87,4.28,3.67,3.72,4.08,3.69,3.91,4.68,3.58,35.49,6.45
438234,MCI,Marmoush,F,8.0,4.49,3.71,4.16,2.98,4.63,3.93,3.95,3.61,3.96,35.41,4.43
121160,MCI,Ederson M.,G,6.0,4.04,3.61,4.15,3.24,4.69,3.6,4.31,3.49,3.96,35.1,5.85
116535,LIV,A.Becker,G,6.0,3.57,3.84,4.41,4.45,3.63,3.47,4.06,3.62,3.95,35.0,5.83
216094,LIV,Frimpong,D,6.0,3.41,3.32,4.96,4.62,3.54,3.08,4.23,3.74,4.09,35.0,5.83
222531,NFO,Gibbs-White,M,7.0,3.68,4.32,2.99,4.2,4.98,3.41,3.51,3.49,3.89,34.48,4.93
457569,BOU,Petrović,G,5.0,4.21,3.43,3.92,3.71,3.9,4.13,3.49,4.17,3.17,34.13,6.83
98747,NEW,Pope,G,5.5,3.66,3.95,4.18,3.5,3.62,4.08,3.43,4.04,3.57,34.02,6.19
111234,EVE,Pickford,G,5.5,3.97,3.79,3.87,3.11,4.09,3.93,3.2,3.87,4.19,34.01,6.18
166989,AVL,Tielemans,M,6.0,3.83,3.89,3.61,4.29,3.8,4.36,3.71,3.43,3.09,34.0,5.67
98980,AVL,Martinez,G,5.0,3.5,3.85,3.81,4.15,4.05,4.54,3.36,3.58,3.06,33.91,6.78
513418,BRE,Schade,M,6.0,4.19,4.69,3.63,3.51,3.95,3.35,3.77,3.28,3.45,33.82,5.64
204480,ARS,Rice,M,6.5,4.2,3.29,3.88,3.56,3.49,4.04,3.55,3.8,3.95,33.76,5.19
85633,NFO,Sels,G,5.5,3.42,4.02,3.14,4.14,4.5,3.18,3.69,3.43,3.94,33.44,6.08
80201,FUL,Leno,G,4.5,4.02,3.34,4.3,3.96,3.41,3.46,3.61,3.19,4.13,33.42,7.43
462424,ARS,Saliba,D,6.0,4.47,2.48,4.18,3.16,3.05,4.11,3.52,3.71,4.45,33.12,5.52
200720,BRE,Kelleher,G,4.5,3.83,4.04,3.74,3.55,3.91,3.61,3.52,3.51,3.37,33.07,7.35
247348,CRY,Muñoz,D,5.5,4.29,3.17,5.55,3.72,2.71,3.73,3.65,2.29,3.92,33.03,6.0
430871,MUN,Cunha,F,8.0,3.5,4.32,3.03,3.41,3.65,4.66,2.97,3.69,3.43,32.67,4.08
149065,WOL,José Sá,G,4.5,3.27,4.03,2.97,4.09,3.12,3.61,3.89,4.33,3.35,32.67,7.26
97032,LIV,Virgil,D,6.0,3.1,3.17,4.68,4.4,3.24,2.84,3.97,3.46,3.79,32.65,5.44
243016,LIV,Mac Allister,M,6.0,3.41,3.21,4.02,3.77,3.51,3.32,3.82,3.69,3.77,32.52,5.42
477424,MCI,Gvardiol,D,6.5,3.91,3.26,3.83,2.49,4.81,3.32,4.07,3.17,3.59,32.46,4.99
446008,MUN,Mbeumo,M,9.0,3.55,4.37,3.06,3.38,3.6,4.64,2.84,3.65,3.35,32.44,3.6
475168,CHE,João Pedro,F,7.5,3.71,3.66,3.55,3.4,3.58,3.16,3.32,4.5,3.52,32.41,4.32
510663,LIV,Ekitiké,F,8.5,3.52,3.09,3.98,3.73,3.48,3.16,3.87,3.63,3.82,32.27,3.8
460842,TOT,Kudus,M,7.5,3.17,3.84,3.79,3.42,4.03,3.71,3.7,3.34,3.26,32.27,4.3
202641,MUN,Onana,G,5.0,3.37,4.5,2.97,3.57,3.31,4.41,2.89,3.71,3.54,32.27,6.45
153133,FUL,Iwobi,M,6.5,3.88,3.22,4.0,3.96,3.45,3.38,3.05,3.26,3.91,32.1,4.94
208706,NEW,Bruno G.,M,6.0,3.49,3.84,3.95,3.39,3.1,3.72,3.35,3.62,3.54,31.99,5.33
172649,CRY,Henderson,G,5.0,3.97,3.19,4.31,3.4,3.27,3.58,3.61,2.85,3.65,31.82,6.36
489639,BHA,Verbruggen,G,4.5,3.68,3.37,3.26,3.62,3.05,3.56,3.44,3.3,4.08,31.37,6.97
216646,BRE,Wissa,F,7.5,2.35,3.45,3.22,3.53,4.11,3.52,3.98,3.33,3.7,31.2,4.16
179268,CHE,Cucurella,D,5.5,3.58,3.84,3.14,3.15,3.46,2.56,3.37,4.92,3.01,31.03,5.64
224024,WHU,L.Paquetá,M,5.5,3.4,3.39,3.92,3.55,3.29,2.69,3.74,3.46,3.33,30.77,5.59
448514,MCI,Aït-Nouri,D,6.0,3.72,3.08,3.67,2.36,4.49,3.1,3.88,2.99,3.45,30.75,5.12
230376,WOL,J.Arias,M,6.0,3.19,3.5,2.98,3.61,3.31,3.36,3.85,3.9,3.05,30.74,5.12
247632,CHE,Neto,M,7.0,3.53,3.53,3.42,3.18,3.39,2.92,3.13,4.21,3.31,30.63,4.38
184254,TOT,Vicario,G,5.0,2.83,3.61,3.31,3.09,3.84,3.55,3.49,3.47,3.42,30.59,6.12
433036,MCI,Reijnders,M,6.0,3.92,3.39,3.51,2.71,3.81,3.29,3.41,3.16,3.37,30.57,5.09
180974,NEW,Joelinton,M,5.5,3.35,3.69,3.78,3.24,2.94,3.48,3.2,3.44,3.43,30.54,5.55
432422,NEW,Tonali,M,5.5,3.33,3.61,3.73,3.21,2.97,3.51,3.22,3.5,3.4,30.48,5.54
235826,LEE,Piroe,F,6.0,2.76,3.52,3.13,3.38,3.41,3.79,3.68,3.69,3.04,30.4,5.07
517052,CHE,N.Jackson,F,6.5,3.44,3.5,3.41,3.1,3.31,2.81,3.09,4.41,3.25,30.33,4.67
165809,MCI,Bernardo,M,6.0,4.02,3.38,3.55,2.47,3.87,3.21,3.33,3.07,3.23,30.14,5.02
232826,NEW,Gordon,M,7.5,3.36,3.55,3.72,3.12,2.79,3.56,3.14,3.51,3.34,30.08,4.01
201595,LEE,Perri,G,4.5,2.8,3.25,3.21,3.36,3.46,3.41,3.78,3.64,2.98,29.9,6.64
50175,BHA,Welbeck,F,6.0,3.18,3.13,3.31,3.87,2.92,3.35,3.25,3.11,3.73,29.83,4.97
433312,WOL,Munetsi,M,5.0,2.98,3.3,2.89,3.55,3.12,3.22,3.68,3.78,3.12,29.64,5.93
119471,NEW,Schär,D,5.5,2.58,3.7,4.03,2.82,2.69,3.85,2.84,3.66,3.37,29.54,5.37
424876,LIV,Szoboszlai,M,6.0,2.95,2.8,3.79,3.53,3.13,2.83,3.52,3.32,3.42,29.3,4.88
494521,BOU,Truffert,D,4.5,4.04,2.9,3.36,3.07,3.49,3.62,2.78,3.76,2.06,29.07,6.46
440089,BRE,Damsgaard,M,6.0,3.49,3.85,3.11,3.07,3.37,2.96,3.21,2.87,2.98,28.92,4.82
440993,EVE,Ndiaye,M,6.5,3.28,3.17,3.22,2.57,3.5,3.28,2.63,3.46,3.73,28.85,4.44
498016,SUN,Roefs,G,4.5,3.54,3.34,2.88,3.21,3.04,2.91,3.5,2.85,3.56,28.83,6.41
441164,TOT,Pedro Porro,D,5.5,2.07,3.45,3.43,2.78,4.06,3.51,3.36,3.34,2.82,28.82,5.24
220566,MCI,Rodrigo,M,6.0,1.76,2.01,3.41,3.0,4.11,3.58,3.68,3.36,3.64,28.54,4.76
171314,MCI,Rúben,D,6.0,3.37,2.76,3.36,2.2,4.3,2.89,3.71,2.72,3.16,28.48,4.75
215439,WHU,Souček,M,6.0,3.18,3.13,3.54,3.27,3.05,2.58,3.39,3.21,3.11,28.47,4.74
67089,BUR,Dúbravka,G,5.0,3.97,2.94,3.02,3.47,2.62,2.74,3.65,3.04,2.96,28.42,5.68
481655,ARS,Zubimendi,M,5.0,3.45,2.81,3.23,3.02,2.98,3.39,3.07,3.17,3.29,28.39,5.68
486672,CHE,Caicedo,M,5.0,3.21,3.21,3.07,3.04,3.15,2.89,2.98,3.58,3.08,28.2,5.64
445122,ARS,J.Timber,D,6.0,3.41,2.01,3.53,2.79,2.66,3.63,3.04,3.25,3.78,28.11,4.69
201658,BOU,Tavernier,M,5.5,3.66,3.2,3.3,3.07,3.22,3.15,2.81,3.14,2.48,28.02,5.09
114283,EVE,Grealish,M,6.0,2.96,3.15,3.18,2.58,3.45,3.16,2.56,3.33,3.61,27.99,4.66
204716,LIV,Konaté,D,5.5,2.61,2.74,3.96,3.79,2.76,2.38,3.4,2.93,3.22,27.78,5.05
463067,BHA,Georginio,F,5.5,3.09,2.99,2.99,3.51,2.72,3.06,3.06,2.9,3.44,27.75,5.05
487838,NEW,Hall,D,5.5,2.4,3.46,3.78,2.69,2.59,3.65,2.65,3.39,3.12,27.73,5.04
209244,MCI,Foden,M,9.0,3.25,3.24,3.23,2.05,3.77,3.1,3.05,2.72,3.2,27.62,3.07
544877,LIV,Kerkez,D,6.0,2.64,2.77,3.93,3.71,2.77,2.38,3.35,2.88,3.19,27.61,4.6
499169,ARS,Lewis-Skelly,D,5.5,3.87,2.13,3.5,2.62,2.5,3.37,2.87,3.03,3.61,27.5,5.0
437499,CRY,Lacroix,D,4.5,3.61,2.6,4.57,3.03,2.19,3.21,3.04,1.96,3.2,27.4,6.09
448089,WOL,Gomes,M,5.0,2.84,3.13,2.71,3.28,2.94,2.99,3.3,3.4,2.77,27.35,5.47
493250,MUN,Amad,M,7.5,2.98,3.71,2.49,2.93,2.97,3.81,2.36,3.04,2.86,27.15,3.62
441266,LIV,Gravenberch,M,5.0,2.93,2.78,3.31,3.16,2.93,2.74,3.17,3.02,3.05,27.1,5.42
17761,EVE,Tarkowski,D,4.5,3.18,3.23,3.14,1.74,3.64,3.11,1.92,3.15,3.99,27.09,6.02
101178,WHU,Ward-Prowse,M,5.0,2.93,2.93,3.32,3.09,2.88,2.44,3.27,3.03,2.89,26.77,5.35
592031,BHA,Minteh,M,6.0,3.08,2.89,2.87,3.41,2.54,3.01,2.83,2.7,3.26,26.59,4.43
84450,SUN,Xhaka,M,5.0,3.28,3.17,2.81,2.96,2.83,2.84,3.13,2.58,2.99,26.58,5.32
200617,LEE,James,M,6.0,2.33,2.96,2.85,2.94,3.04,3.22,3.23,3.24,2.73,26.53,4.42
215136,NFO,N.Williams,D,5.0,2.49,3.53,1.92,3.84,4.42,2.19,2.53,2.42,3.17,26.5,5.3
227444,NFO,Milenković,D,5.5,2.49,3.51,1.93,3.88,4.38,2.18,2.55,2.43,3.15,26.5,4.82
209036,CRY,Guéhi,D,5.0,3.5,2.48,4.42,2.96,2.07,3.12,2.92,1.88,3.09,26.44,5.29
102057,FUL,Raúl,F,6.0,2.99,2.53,3.43,3.35,2.79,2.8,2.48,2.69,3.39,26.44,4.41
91889,WHU,Füllkrug,F,6.5,2.98,2.94,3.35,3.04,2.79,2.19,3.24,2.97,2.91,26.42,4.06
502500,BRE,Thiago,F,5.5,3.53,3.95,2.82,2.64,2.91,2.52,2.83,2.54,2.59,26.33,4.79
222683,BOU,Kluivert,M,6.5,3.06,3.09,3.11,2.9,3.05,3.09,2.65,3.06,2.32,26.33,4.05
215413,EVE,Dewsbury-Hall,M,5.0,3.03,2.93,2.97,2.45,3.16,2.93,2.44,3.1,3.25,26.26,5.25
199798,AVL,Konsa,D,5.0,2.6,2.95,3.12,3.85,3.21,4.2,2.44,2.26,1.6,26.22,5.24
209046,NFO,Hudson-Odoi,M,6.0,2.81,3.2,2.31,3.16,3.69,2.59,2.71,2.65,2.94,26.07,4.34
535301,BHA,Baleba,M,4.5,2.92,2.81,2.76,3.17,2.6,2.9,2.87,2.81,3.19,26.03,5.78
516939,WOL,Agbadou,D,4.5,2.2,3.37,1.92,3.45,2.22,2.69,3.61,4.04,2.48,25.98,5.77
244042,FUL,Muniz,F,5.5,3.14,2.47,3.42,3.32,2.64,2.74,2.34,2.58,3.32,25.97,4.72
449434,NEW,Elanga,M,7.0,2.83,3.14,3.35,2.7,2.36,3.09,2.58,2.89,2.9,25.83,3.69
225796,CHE,James,D,5.5,3.1,3.26,2.69,2.63,2.88,2.16,2.68,3.93,2.48,25.81,4.69
444180,BUR,Anthony,M,6.0,3.83,2.89,2.64,3.03,2.42,2.61,3.15,2.78,2.35,25.7,4.28
153682,FUL,Wilson,M,5.5,3.42,2.77,3.42,3.18,2.57,2.52,2.23,2.42,3.05,25.59,4.65
427623,CRY,Richards,D,4.5,3.37,2.41,4.18,2.82,2.02,3.04,2.84,1.84,2.95,25.47,5.66
512462,EVE,O'Brien,D,4.5,3.01,3.02,2.95,1.65,3.43,2.95,1.82,2.92,3.73,25.46,5.66
199796,AVL,Cash,D,5.0,2.58,2.87,2.99,3.69,3.11,4.05,2.4,2.17,1.55,25.41,5.08
466525,LEE,Stach,M,4.5,2.42,2.78,2.69,2.83,2.86,3.01,3.1,3.04,2.65,25.39,5.64
78916,NEW,Burn,D,5.0,2.17,3.15,3.47,2.43,2.36,3.31,2.44,3.14,2.86,25.35,5.07
575476,NFO,Murillo,D,5.0,2.36,3.33,1.83,3.7,4.25,2.1,2.42,2.31,3.02,25.31,5.06
221466,BOU,Senesi,D,4.5,3.52,2.44,2.94,2.66,3.12,3.18,2.35,3.27,1.69,25.17,5.59
480455,EVE,Branthwaite,D,4.5,2.98,3.0,2.94,1.63,3.37,2.86,1.78,2.9,3.7,25.16,5.59
232928,EVE,Garner,M,4.5,2.94,2.81,2.85,2.35,2.99,2.78,2.35,2.92,3.1,25.09,5.57
204646,AVL,Malen,M,6.5,3.42,3.21,2.5,3.28,2.63,3.42,2.47,2.22,1.85,25.0,3.85
244723,CRY,Mitchell,D,5.0,3.25,2.39,4.15,2.79,2.01,2.88,2.75,1.82,2.94,24.99,5.0
174874,FUL,Andersen,D,4.5,3.21,2.05,3.68,3.13,2.45,2.4,2.37,2.14,3.53,24.96,5.55
224967,EVE,Mykolenko,D,4.5,2.95,2.97,2.91,1.61,3.28,2.82,1.77,2.83,3.64,24.78,5.51
172567,BUR,Cullen,M,4.5,3.31,2.79,2.67,2.84,2.51,2.61,2.88,2.69,2.46,24.75,5.5
511499,TOT,Tel,M,6.0,2.43,3.03,2.89,2.62,3.21,2.92,2.81,2.61,2.21,24.72,4.12
215379,NFO,Anderson,M,5.5,2.68,3.05,2.32,3.0,3.35,2.46,2.54,2.51,2.79,24.7,4.49
226944,AVL,Kamara,M,4.5,2.74,2.8,2.68,3.03,2.81,3.08,2.67,2.51,2.33,24.65,5.48
441191,NEW,Livramento,D,5.0,2.14,3.04,3.37,2.36,2.32,3.2,2.37,3.04,2.78,24.62,4.92
596777,MUN,Dorgu,D,4.5,2.66,4.17,1.7,2.41,2.47,4.18,1.51,2.76,2.68,24.53,5.45
122806,AVL,McGinn,M,5.5,2.67,2.66,2.63,3.19,2.73,3.36,2.61,2.43,2.15,24.43,4.44
456512,NFO,Ndoye,M,6.5,2.5,3.04,2.14,3.02,3.59,2.46,2.48,2.44,2.76,24.42,3.76
535818,SUN,Adingra,M,5.5,3.12,2.96,2.58,2.74,2.56,2.52,2.86,2.33,2.73,24.41,4.44
159506,NFO,Aina,D,5.0,2.29,3.24,1.77,3.58,4.04,1.99,2.34,2.23,2.92,24.4,4.88
432830,BRE,Collins,D,5.0,3.0,3.87,2.48,2.66,3.08,2.2,2.82,1.96,2.32,24.39,4.88
510362,WOL,Toti,D,4.5,2.03,3.25,1.76,3.26,2.03,2.5,3.35,3.8,2.32,24.31,5.4
469142,BHA,Van Hecke,D,4.5,3.16,2.21,2.36,2.95,1.95,2.96,2.61,2.54,3.56,24.3,5.4
249231,BRE,Lewis-Potter,D,5.0,3.04,3.9,2.59,2.63,3.03,2.14,2.72,2.02,2.21,24.28,4.86
465730,BHA,De Cuyper,D,4.5,3.06,2.3,2.42,3.03,1.98,2.88,2.56,2.49,3.48,24.22,5.38
586309,EVE,Barry,F,6.0,2.82,2.53,2.75,2.14,3.03,2.65,2.08,2.95,3.14,24.08,4.01
226182,LEE,Bogle,D,4.5,1.65,2.48,2.55,2.85,2.71,2.81,3.57,3.23,2.14,24.0,5.33
444765,BRE,Van den Berg,D,4.5,2.92,3.8,2.43,2.62,3.02,2.16,2.81,1.93,2.27,23.95,5.32
244954,AVL,Pau,D,5.0,2.38,2.67,2.81,3.43,2.91,3.82,2.21,2.03,1.46,23.72,4.74
56979,BRE,Henderson,M,4.5,3.03,3.27,2.55,2.5,2.75,2.45,2.53,2.23,2.4,23.7,5.27
212314,FUL,Lukić,M,4.5,2.86,2.44,3.0,2.85,2.48,2.5,2.33,2.43,2.79,23.67,5.26
232892,FUL,Bassey,D,4.5,3.05,1.94,3.48,2.97,2.32,2.27,2.26,2.03,3.29,23.62,5.25
209365,MUN,De Ligt,D,4.5,2.58,4.02,1.63,2.32,2.32,3.83,1.41,2.6,2.57,23.27,5.17
80801,EVE,Gana,M,4.5,2.68,2.63,2.57,2.3,2.75,2.54,2.27,2.7,2.8,23.25,5.17
221632,TOT,Romero,D,5.0,1.52,2.73,2.74,2.19,3.31,2.92,2.7,2.81,2.24,23.16,4.63
180135,LEE,Longstaff,M,4.5,2.21,2.55,2.46,2.64,2.57,2.72,2.82,2.77,2.36,23.11,5.13
216051,MUN,Dalot,D,5.0,2.43,3.9,1.62,2.28,2.36,3.85,1.43,2.6,2.5,22.96,4.59
547027,SUN,Diarra,M,5.0,2.85,2.77,2.44,2.56,2.42,2.4,2.71,2.11,2.61,22.87,4.57
496221,CRY,Wharton,M,4.5,2.66,2.42,3.11,2.58,2.31,2.44,2.56,2.07,2.69,22.83,5.07
214590,WHU,Wan-Bissaka,D,5.0,2.3,2.66,2.72,2.68,2.81,1.65,2.77,2.85,2.37,22.82,4.56
444463,CHE,Fofana,D,5.0,1.7,2.71,2.41,2.45,2.77,2.01,2.7,3.75,2.32,22.81,4.56
155408,BOU,Cook,M,5.0,0.0,2.94,2.99,2.81,2.91,2.96,2.69,2.93,2.51,22.74,4.55
433154,EVE,McNeil,M,6.0,2.63,2.07,2.26,2.1,2.76,2.67,2.16,2.93,3.15,22.74,3.79
158499,BOU,Christie,M,5.0,3.1,2.53,2.6,2.5,2.56,2.53,2.25,2.55,2.01,22.63,4.53
431639,BUR,Flemming,F,6.0,3.93,2.53,2.24,2.66,2.04,2.2,2.86,2.41,1.75,22.61,3.77
202993,TOT,Bentancur,M,4.5,2.26,2.57,2.58,2.37,2.7,2.57,2.5,2.45,2.29,22.31,4.96
509291,WOL,André,M,4.5,2.34,2.55,2.24,2.64,2.36,2.42,2.62,2.71,2.29,22.18,4.93
244858,BRE,Carvalho,M,5.0,2.86,3.47,2.46,2.2,2.44,2.08,2.42,2.01,2.15,22.09,4.42
201666,NEW,Barnes,M,6.5,2.68,2.7,2.77,2.21,1.85,2.56,2.16,2.57,2.54,22.04,3.39
441271,WOL,Hoever,D,4.0,1.94,2.81,1.65,2.86,1.95,2.27,3.06,3.34,2.07,21.95,5.49
154296,TOT,J.Palhinha,M,4.5,1.75,2.59,2.6,2.4,2.76,2.57,2.5,2.4,2.3,21.86,4.86
207189,FUL,Berge,M,4.5,2.63,2.28,2.72,2.63,2.31,2.29,2.14,2.18,2.62,21.81,4.85
219847,ARS,Havertz,F,8.0,3.0,1.91,2.7,2.22,2.12,2.72,2.04,2.32,2.58,21.62,2.7
248056,LEE,Tanaka,M,4.5,2.06,2.45,2.37,2.36,2.41,2.52,2.59,2.57,2.25,21.58,4.8
502697,EVE,Alcaraz,M,5.0,2.42,2.29,2.31,1.86,2.63,2.45,2.04,2.66,2.83,21.49,4.3
214048,WHU,Kilman,D,4.5,2.17,2.52,2.54,2.52,2.7,1.55,2.58,2.68,2.21,21.46,4.77
87835,WOL,Doherty,D,4.5,1.81,2.82,1.57,2.83,1.86,2.21,2.96,3.33,2.02,21.41,4.76
210494,WHU,N.Aguerd,D,4.5,2.14,2.46,2.54,2.5,2.65,1.53,2.6,2.65,2.21,21.28,4.73
83299,BHA,Dunk,D,4.5,2.68,2.02,2.12,2.66,1.71,2.54,2.21,2.22,2.98,21.13,4.7
194010,BRE,Henry,D,4.5,2.68,3.37,2.18,2.31,2.66,1.9,2.38,1.65,1.98,21.11,4.69
167074,FUL,Tete,D,4.5,2.8,1.79,3.13,2.62,2.08,2.03,1.94,1.79,2.89,21.08,4.68
613804,WHU,Diouf,D,4.5,2.33,2.53,2.65,2.4,2.47,1.47,2.55,2.49,2.17,21.06,4.68
223911,BOU,Mepham,D,4.5,2.97,2.02,2.45,2.2,2.53,2.67,1.98,2.75,1.41,20.98,4.66
484420,SUN,E.Le Fée,M,4.5,2.6,2.46,2.22,2.3,2.21,2.18,2.49,2.03,2.4,20.9,4.64
243526,LEE,Gudmundsson,D,4.5,1.48,2.17,2.2,2.45,2.35,2.42,3.12,2.77,1.89,20.84,4.63
492859,LEE,Gnonto,M,5.5,1.81,2.26,2.23,2.36,2.32,2.57,2.58,2.45,2.07,20.65,3.75
54469,BOU,Smith,D,4.5,2.93,1.99,2.4,2.16,2.5,2.59,1.92,2.69,1.4,20.59,4.57
491279,TOT,Van de Ven,D,5.0,1.3,2.41,2.41,1.9,2.96,2.59,2.39,2.55,1.96,20.48,4.1
214225,LEE,Rodon,D,4.5,1.44,2.08,2.15,2.42,2.27,2.29,3.18,2.77,1.81,20.43,4.54
486385,EVE,Beto,F,6.5,2.21,2.41,2.31,1.61,2.48,2.3,1.72,2.49,2.77,20.3,3.12
174592,BUR,Edwards,M,5.0,3.15,2.28,2.06,2.44,1.85,2.05,2.48,2.16,1.79,20.26,4.05
570526,TOT,Bergvall,M,4.5,2.04,2.29,2.35,2.16,2.48,2.29,2.25,2.26,2.04,20.17,4.48
169528,FUL,Robinson,D,5.0,0.0,0.43,3.64,3.11,2.44,2.4,2.41,2.16,3.52,20.11,4.02
444145,ARS,Martinelli,M,7.5,3.02,1.67,2.45,1.92,1.9,2.53,1.9,2.13,2.48,20.0,2.67
116216,ARS,Trossard,M,7.5,2.41,1.79,2.51,2.07,1.92,2.52,1.96,2.29,2.47,19.93,2.66
242898,TOT,Johnson,M,7.0,1.52,2.26,2.16,2.14,2.65,2.47,2.49,2.09,1.97,19.76,2.82
198869,ARS,White,D,6.0,3.42,1.52,2.37,1.65,1.66,2.44,1.9,2.12,2.63,19.71,3.28
434752,LEE,Bijol,D,4.5,1.36,2.03,2.09,2.32,2.2,2.25,2.99,2.66,1.71,19.61,4.36
59859,MCI,Gündoğan,M,6.0,2.93,2.23,2.34,1.32,2.68,1.94,2.18,1.85,2.14,19.61,3.27
624773,CHE,Estêvão,M,6.0,1.85,2.06,1.95,1.96,2.34,1.73,2.09,3.11,2.08,19.16,3.19
180736,CHE,Chalobah,D,5.0,2.86,2.91,2.15,1.73,1.84,1.3,1.75,2.74,1.65,18.93,3.79
466052,MCI,Cherki,M,7.0,2.6,1.9,2.28,1.14,2.75,2.03,2.23,1.8,2.19,18.93,2.7
550864,MUN,Yoro,D,4.5,2.15,3.4,1.28,1.84,1.83,3.13,1.04,2.06,2.04,18.77,4.17
462116,WHU,Todibo,D,4.5,1.85,2.17,2.19,2.2,2.39,1.35,2.26,2.37,1.94,18.73,4.16
482442,TOT,P.M.Sarr,M,5.0,1.83,2.22,2.18,1.92,2.35,2.17,2.15,1.98,1.47,18.28,3.66
156689,FUL,Andreas,M,5.5,1.97,1.52,2.31,2.21,2.08,2.07,1.64,1.76,2.66,18.21,3.31
487676,SUN,Hume,D,4.5,2.93,2.12,1.46,1.95,1.9,1.65,2.5,1.09,2.55,18.14,4.03
508395,BRE,Yarmoliuk,M,4.5,2.29,2.49,1.96,1.94,2.06,1.78,2.05,1.76,1.79,18.13,4.03
465351,MCI,Matheus N.,D,6.0,2.25,1.79,2.21,1.24,2.7,1.85,2.19,1.74,2.04,18.02,3.0
248875,MCI,Doku,M,7.5,2.35,1.84,2.12,1.2,2.54,1.93,2.1,1.82,2.02,17.91,2.39
232653,AVL,J.Ramsey,M,5.5,1.84,2.09,1.78,2.44,2.05,2.49,2.2,1.64,1.29,17.82,3.24
549912,SUN,Talbi,M,5.0,2.34,2.22,1.79,2.0,1.86,1.8,2.08,1.55,1.94,17.58,3.52
487053,TOT,Udogie,D,5.0,1.16,2.06,2.08,1.68,2.57,2.22,2.14,1.95,1.66,17.54,3.51
109646,CHE,Tosin,D,5.0,2.76,2.82,1.65,1.56,1.79,1.17,1.64,2.45,1.5,17.35,3.47
503714,BUR,Ugochukwu,M,4.5,2.44,1.94,1.82,2.03,1.67,1.77,2.06,1.86,1.72,17.32,3.85
248857,ARS,Madueke,M,6.5,2.21,0.99,2.1,1.58,1.59,2.41,1.88,2.17,2.34,17.26,2.66
58621,BUR,Walker,D,4.5,3.32,1.7,1.22,2.39,0.98,1.54,2.57,2.01,1.49,17.21,3.83
465527,BUR,Hannibal,M,4.5,2.68,1.93,1.77,2.04,1.55,1.72,2.1,1.85,1.55,17.2,3.82
199598,LEE,Ampadu,D,4.5,1.19,1.74,1.83,2.06,1.93,1.98,2.65,2.32,1.49,17.19,3.82
209289,FUL,Smith Rowe,M,6.0,2.62,1.96,2.15,2.12,1.69,1.67,1.44,1.44,2.05,17.13,2.86
463936,CHE,Gittens,M,6.0,1.94,2.01,1.81,1.63,1.99,1.43,1.75,2.7,1.85,17.12,2.85
564406,SUN,Mayenda,F,6.0,2.72,2.29,1.4,1.73,1.61,1.34,1.84,2.21,1.83,16.96,2.83
212319,TOT,Richarlison,F,7.0,1.36,1.95,1.97,1.61,2.29,2.04,2.1,1.82,1.81,16.94,2.42
223827,SUN,Ballard,D,4.0,2.81,1.95,1.33,1.78,1.75,1.5,2.3,0.96,2.43,16.8,4.2
577669,SUN,Sadiki,M,4.5,2.04,2.03,1.64,1.91,1.76,1.81,1.99,1.56,2.05,16.8,3.73
472713,BRE,Hickey,D,4.0,1.25,2.1,1.81,1.97,2.4,1.68,2.28,1.57,1.73,16.79,4.2
441302,AVL,Maatsen,D,5.0,1.67,1.94,1.88,2.48,2.19,2.69,1.58,1.4,0.89,16.71,3.34
501837,WOL,Mosquera,D,4.0,0.95,1.83,1.21,2.4,1.51,1.52,2.45,2.88,1.81,16.57,4.14
231480,WOL,S.Bueno,D,4.5,1.08,2.13,1.21,2.18,1.12,1.84,2.45,2.87,1.66,16.53,3.67
477717,BUR,Estève,D,4.0,3.18,1.61,1.1,2.36,0.88,1.46,2.53,1.96,1.44,16.51,4.13
232859,TOT,Spence,D,4.5,1.03,1.99,1.64,1.58,2.08,2.07,2.03,2.1,1.75,16.28,3.62
210462,NFO,Sangaré,M,4.5,1.93,2.34,1.73,2.35,2.61,1.39,1.28,1.12,1.48,16.23,3.61
209400,CRY,Kamada,M,5.0,1.27,1.28,2.83,1.89,1.57,1.84,1.96,1.39,2.07,16.08,3.22
510281,MCI,Savinho,M,7.5,2.09,1.5,1.94,0.86,2.46,1.78,1.95,1.54,1.89,16.02,2.14
204968,NFO,Yates,M,4.5,1.86,2.38,1.57,2.43,2.66,1.29,1.15,1.16,1.49,16.0,3.56
101188,AVL,Digne,D,5.0,1.87,1.79,1.88,2.5,1.8,2.74,1.45,1.19,0.73,15.96,3.19
114243,NEW,J.Murphy,M,6.5,1.5,1.91,2.1,1.55,1.3,1.96,1.61,1.98,1.85,15.74,2.42
494960,BUR,Hartman,D,4.5,3.16,1.63,1.16,2.16,0.9,1.39,2.3,1.79,1.26,15.74,3.5
533463,BOU,O.Dango,M,6.0,2.05,1.73,1.9,1.76,2.02,1.91,1.48,1.91,0.94,15.69,2.62
550839,TOT,Odobert,M,5.5,1.24,1.88,1.8,1.47,2.12,1.85,1.91,1.71,1.44,15.41,2.8
482973,NFO,Igor Jesus,F,6.0,1.48,2.06,1.09,2.06,2.53,1.4,1.53,1.46,1.77,15.4,2.57
477064,MCI,Lewis,D,5.5,1.95,1.42,1.86,0.82,2.51,1.59,1.92,1.41,1.79,15.27,2.78
152551,CRY,Lerma,M,4.5,1.86,1.52,2.21,1.69,1.37,1.64,1.74,1.19,1.91,15.13,3.36
223541,LIV,Chiesa,M,5.5,1.24,1.07,2.33,2.07,1.52,1.12,2.03,1.79,1.96,15.12,2.75
200785,BOU,Adams,M,4.5,3.06,1.44,1.57,1.49,1.62,1.66,1.47,1.63,1.1,15.05,3.34
643135,WOL,Fer López,M,5.0,1.14,1.71,1.22,1.97,1.46,1.67,2.07,2.25,1.39,14.88,2.98
211975,MCI,Akanji,D,5.5,1.73,1.35,1.82,0.91,2.43,1.52,1.96,1.42,1.7,14.86,2.7
607464,BRE,Kayode,D,4.5,2.34,2.87,1.64,1.5,1.7,1.17,1.45,0.91,1.16,14.73,3.27
206915,LIV,C.Jones,M,5.5,1.25,1.23,2.01,1.86,1.51,1.3,1.9,1.76,1.86,14.69,2.67
159533,FUL,Adama,M,5.5,1.76,1.23,1.94,1.89,1.51,1.49,1.27,1.48,2.08,14.65,2.66
195384,ARS,Merino,M,6.5,2.0,0.88,1.84,1.3,1.3,1.96,1.47,1.71,2.01,14.46,2.22
482609,CHE,Gusto,D,5.0,1.53,1.69,1.45,1.39,1.66,1.16,1.55,2.56,1.42,14.41,2.88
184349,FUL,Sessegnon,M,5.0,2.86,2.13,1.74,1.58,1.19,1.17,1.0,1.08,1.66,14.4,2.88
450070,WHU,Summerville,M,5.0,0.0,0.0,1.08,1.9,2.23,1.67,2.55,2.42,2.36,14.21,2.84
444884,LIV,Elliott,M,5.5,1.14,1.04,2.09,1.89,1.46,1.12,1.89,1.74,1.85,14.21,2.58
231057,WOL,Bellegarde,M,5.5,1.12,1.48,1.17,1.85,1.48,1.6,2.02,2.16,1.32,14.2,2.58
122798,LIV,Robertson,D,5.5,1.15,1.11,2.16,1.93,1.41,1.06,1.86,1.59,1.81,14.07,2.56
509416,BHA,Ayari,M,4.5,1.55,1.44,1.39,1.88,1.22,1.57,1.53,1.47,1.9,13.96,3.1
95658,MUN,Maguire,D,4.5,2.07,3.28,1.28,1.17,1.13,2.13,0.4,1.27,1.21,13.94,3.1
75115,WHU,Wilson,F,5.5,1.4,1.5,1.94,1.67,1.44,0.89,1.86,1.62,1.52,13.85,2.52
466075,ARS,Calafiori,D,5.5,2.1,0.56,1.76,1.2,1.15,1.92,1.46,1.62,1.99,13.76,2.5
434399,SUN,Reinildo,D,4.0,2.34,1.56,1.05,1.43,1.43,1.2,1.91,0.73,2.06,13.7,3.43
449871,AVL,Onana,M,4.5,1.32,1.48,1.33,1.91,1.56,2.04,1.51,1.34,1.07,13.57,3.01
174594,LEE,Nmecha,F,5.0,0.76,1.3,1.34,1.54,1.53,1.73,1.89,1.86,1.32,13.27,2.65
551210,CHE,Hato,D,5.0,1.36,1.61,1.37,1.3,1.56,1.03,1.42,2.3,1.29,13.25,2.65
158534,WHU,Walker-Peters,D,4.5,1.25,2.0,1.74,1.54,1.52,0.71,1.51,1.59,1.36,13.22,2.94
463034,CHE,Delap,F,7.0,1.46,1.62,1.36,1.22,1.53,0.91,1.35,2.44,1.34,13.22,1.89
492777,LIV,Bradley,D,5.0,1.0,1.02,1.99,1.86,1.29,1.0,1.77,1.48,1.65,13.06,2.61
126184,MCI,Aké,D,5.0,1.59,1.15,1.59,0.64,2.15,1.36,1.75,1.26,1.54,13.03,2.61
221820,MUN,Martinez,D,4.5,0.0,0.0,0.0,0.81,2.07,3.78,1.34,2.55,2.47,13.03,2.9
440323,BUR,Broja,F,5.0,1.69,1.24,1.32,1.65,1.15,1.36,1.69,1.48,1.45,13.02,2.6
532529,BHA,Hinshelwood,M,5.5,1.34,1.22,1.28,1.79,1.04,1.59,1.47,1.39,1.87,12.99,2.36
467779,BHA,Wieffer,M,4.5,1.63,1.2,1.18,1.66,1.15,1.48,1.48,1.37,1.73,12.87,2.86
516895,MUN,Mainoo,M,4.5,1.39,1.93,1.09,1.27,1.42,1.97,0.96,1.46,1.33,12.82,2.85
424044,BOU,H.Traorè,M,5.5,2.03,1.24,1.5,1.38,1.54,1.49,1.12,1.69,0.69,12.67,2.3
77794,NEW,Trippier,D,5.0,0.83,1.55,1.87,1.13,0.94,1.75,1.22,1.73,1.59,12.6,2.52
219249,BHA,O'Riley,M,4.5,1.42,1.08,1.21,1.75,1.01,1.49,1.44,1.28,1.84,12.53,2.78
61256,MUN,Casemiro,M,4.5,1.18,2.0,0.89,1.24,1.31,2.19,0.83,1.52,1.33,12.49,2.78
465694,MCI,N.Gonzalez,M,5.0,2.45,1.43,1.46,0.09,2.09,1.12,1.53,0.96,1.36,12.48,2.5
128295,ARS,Nørgaard,M,5.0,1.94,0.41,1.68,1.03,0.94,1.79,1.24,1.52,1.85,12.38,2.48
440854,ARS,Kiwior,D,5.5,2.08,0.2,1.83,0.95,0.84,1.83,1.18,1.48,1.89,12.29,2.23
171287,LIV,Gomez,D,5.0,0.88,0.98,1.85,1.7,1.26,0.94,1.6,1.35,1.56,12.12,2.42
543295,BRE,Milambo,M,5.5,1.01,1.63,1.02,1.22,1.63,1.29,1.65,1.23,1.43,12.11,2.2
500040,ARS,Mosquera,D,5.5,2.12,0.11,1.86,0.9,0.78,1.72,1.13,1.43,1.91,11.96,2.17
97299,MCI,Stones,D,5.5,1.6,0.99,1.52,0.34,2.08,1.2,1.63,1.13,1.47,11.95,2.17
149484,AVL,Mings,D,5.0,1.0,1.24,1.29,1.9,1.54,2.11,1.16,0.97,0.57,11.78,2.36
578153,MCI,Khusanov,D,5.0,1.46,1.0,1.46,0.49,1.96,1.2,1.66,1.08,1.4,11.7,2.34
427637,LEE,Aaronson,M,5.5,0.58,1.16,1.07,1.33,1.4,1.53,1.66,1.72,1.2,11.66,2.12
463981,BOU,Hill,D,4.0,1.57,0.98,1.25,1.1,1.51,1.57,1.08,1.64,0.66,11.36,2.84
220237,NEW,Botman,D,5.0,0.65,1.36,1.66,1.07,0.89,1.6,1.02,1.57,1.41,11.23,2.25
232112,MUN,Ugarte,M,4.5,1.3,1.72,0.8,1.15,1.13,1.78,0.84,1.28,1.18,11.19,2.49
166477,FUL,Castagne,D,4.5,1.55,0.83,1.65,1.44,1.04,1.03,0.9,0.86,1.75,11.06,2.46
108413,CRY,Hughes,M,4.5,1.58,1.17,1.76,1.21,0.91,1.13,1.21,0.61,1.31,10.9,2.42
538207,NEW,Osula,F,5.0,1.41,1.53,1.79,0.72,0.3,1.61,0.8,1.47,1.26,10.88,2.18
200089,NEW,Willock,M,4.5,0.0,0.0,1.57,1.2,1.11,1.81,1.49,1.8,1.72,10.7,2.38
514254,BHA,Gomez,M,4.5,1.13,0.9,1.03,1.43,0.84,1.31,1.19,1.08,1.59,10.51,2.34
230001,MUN,Mazraoui,D,4.5,1.09,2.1,0.67,0.99,0.92,2.0,0.42,1.2,1.08,10.47,2.33
167512,SUN,O'Nien,D,4.0,0.0,0.0,0.16,1.65,1.69,1.42,2.25,0.89,2.37,10.42,2.6
207283,BRE,Jensen,M,4.5,1.47,1.84,0.98,0.96,1.27,0.77,1.2,0.72,0.93,10.15,2.26
224995,BOU,Sinisterra,M,5.0,1.67,0.86,1.25,1.01,1.27,1.39,0.78,1.51,0.14,9.87,1.97
513433,BHA,Gruda,M,5.0,1.2,0.8,0.9,1.47,0.56,1.2,1.12,0.9,1.68,9.82,1.96
483081,WOL,R.Gomes,M,4.5,0.68,1.13,0.52,1.38,0.86,1.08,1.55,1.71,0.86,9.78,2.17
221399,LEE,Harrison,M,5.0,0.26,0.93,0.88,1.09,1.17,1.3,1.6,1.56,0.97,9.76,1.95
606921,CRY,Esse,M,5.0,1.43,0.95,2.12,1.17,0.53,1.08,1.18,-0.04,1.26,9.69,1.94
204120,BHA,Boscagli,D,4.5,1.09,0.72,0.81,1.32,0.61,1.22,1.09,1.03,1.77,9.67,2.15
91651,MCI,Kovačić,M,6.0,0.0,0.0,1.66,0.48,1.99,1.29,1.57,1.12,1.46,9.56,1.59
436893,BOU,J.Araujo,D,4.5,1.39,0.82,1.09,0.97,1.27,1.31,0.83,1.35,0.4,9.43,2.09
111478,BHA,Veltman,D,4.5,1.13,0.73,0.87,1.28,0.55,1.29,1.01,0.93,1.61,9.4,2.09
218364,CRY,Sosa,D,4.5,1.41,0.73,2.15,1.01,0.46,1.01,1.1,0.01,1.3,9.21,2.05
433952,LEE,Ramazani,M,5.0,0.25,0.87,0.83,1.08,1.14,1.37,1.49,1.38,0.79,9.2,1.84
184341,MUN,Mount,M,5.5,0.73,1.92,0.12,0.81,0.99,2.13,0.31,1.19,0.97,9.18,1.67
547719,NEW,L.Miley,M,4.5,0.74,1.33,1.46,0.74,0.42,1.29,0.73,1.21,1.06,8.97,1.99
231416,BHA,F.Kadıoğlu,D,4.5,1.05,0.64,0.73,1.24,0.49,1.11,1.07,0.92,1.61,8.86,1.97
210156,NFO,Awoniyi,F,5.5,0.55,1.36,0.13,1.43,2.02,0.63,0.77,0.76,1.14,8.79,1.6
510500,NFO,Jota,M,5.0,0.63,1.36,0.3,1.42,1.96,0.6,0.64,0.58,1.07,8.56,1.71
503139,BOU,Scott,M,4.5,1.51,0.7,0.99,0.82,1.09,1.12,0.74,1.18,0.41,8.55,1.9
111317,BOU,Brooks,M,5.0,1.49,0.74,1.03,0.88,1.09,1.23,0.58,1.32,0.08,8.43,1.69
109345,BHA,March,M,5.5,0.0,0.0,0.79,1.56,0.65,1.28,1.24,1.09,1.79,8.41,1.53
550090,BHA,Coppola,D,4.5,1.02,0.6,0.65,1.14,0.45,1.1,0.92,0.89,1.52,8.3,1.85
243571,EVE,Patterson,D,4.5,0.82,0.9,1.01,0.21,1.33,1.01,0.34,1.15,1.51,8.29,1.84
497894,MUN,Højlund,F,6.0,0.71,1.91,0.03,0.64,0.83,2.12,-0.08,1.03,0.87,8.06,1.34
106760,MUN,Shaw,D,5.0,0.97,1.86,0.27,0.81,0.66,1.78,-0.06,0.86,0.74,7.89,1.58
57328,CRY,Clyne,D,4.0,1.11,0.56,1.75,0.87,0.39,0.96,0.96,0.21,1.06,7.87,1.97
499175,ARS,Nwaneri,M,6.0,0.0,0.0,2.1,1.15,0.0,2.25,0.0,0.0,2.36,7.86,1.31
514356,CHE,Lavia,M,4.5,0.0,1.15,0.79,0.77,1.07,0.4,0.87,1.77,0.82,7.63,1.7
489706,CRY,Devenny,M,4.5,1.24,0.64,1.92,0.91,0.31,0.78,0.96,-0.36,1.12,7.52,1.67
197024,WHU,G.Rodriguez,M,4.5,0.72,0.81,1.02,0.86,0.83,0.38,1.0,0.94,0.81,7.38,1.64
608181,BHA,Tzimas,F,5.0,0.0,0.0,0.0,1.54,0.29,1.43,1.24,1.03,1.85,7.38,1.48
179458,BUR,Bruun Larsen,M,5.0,1.72,0.64,0.51,1.0,0.34,0.55,1.19,0.91,0.52,7.37,1.47
577725,FUL,King,M,4.5,0.9,0.29,1.2,1.01,0.62,0.7,0.53,0.64,1.27,7.17,1.59
485047,NFO,Morato,D,4.0,0.34,1.13,0.1,1.37,1.69,0.37,0.61,0.5,1.04,7.15,1.79
478969,BUR,Ekdal,D,4.0,2.87,1.38,0.76,1.01,-0.04,0.18,0.76,0.32,-0.18,7.07,1.77
215711,AVL,Bailey,M,6.0,0.0,0.0,0.75,1.92,1.17,2.08,0.76,0.42,-0.19,6.91,1.15
135720,TOT,Danso,D,4.5,-0.15,0.94,0.97,0.6,1.36,0.98,0.83,0.73,0.52,6.76,1.5
536694,CRY,M.França,M,5.0,0.0,0.0,0.0,1.23,0.86,1.25,1.42,0.41,1.54,6.71,1.34
225321,NEW,Ramsdale,G,5.0,0.0,0.0,1.56,0.51,0.26,1.34,0.63,1.24,0.97,6.52,1.3
242880,CHE,B.Badiashile,D,5.0,0.0,0.0,0.0,0.8,1.22,0.33,1.0,2.14,0.88,6.37,1.27
449027,LIV,Mamardashvili,G,5.5,0.0,0.0,0.0,0.0,1.13,0.64,1.7,1.28,1.6,6.36,1.16
499309,SUN,Marc Guiu,F,5.0,0.48,0.84,0.58,0.82,0.68,0.74,1.2,0.0,0.95,6.29,1.26
184754,WOL,Hee Chan,M,5.5,0.0,0.77,-0.19,1.09,0.41,0.64,1.38,1.61,0.37,6.08,1.11
205651,ARS,G.Jesus,F,6.5,0.0,0.0,0.0,0.0,0.0,0.0,1.63,1.97,2.39,6.0,0.92
250199,NFO,Dominguez,M,4.5,0.0,0.0,0.0,0.0,0.0,0.24,1.81,1.81,2.07,5.93,1.32
124165,SUN,Roberts,M,5.5,1.0,0.79,0.34,0.57,0.57,0.51,0.91,0.36,0.79,5.85,1.06
167887,BUR,Laurent,M,4.5,1.21,0.45,0.22,0.79,0.31,0.45,1.06,0.79,0.51,5.78,1.28
437505,SUN,Isidor,F,5.5,1.14,0.72,0.27,0.5,0.38,0.34,0.86,0.76,0.76,5.74,1.04
158983,LIV,Endo,M,4.5,0.0,0.0,0.0,0.0,0.0,0.62,1.87,1.36,1.69,5.53,1.23
219924,FUL,Diop,D,4.0,0.73,-0.23,1.23,0.92,0.41,0.43,0.35,0.43,1.26,5.52,1.38
231065,BRE,Pinnock,D,4.5,0.67,1.51,0.43,0.51,0.93,0.28,0.72,0.06,0.42,5.52,1.23
88894,AVL,Barkley,M,4.5,0.0,0.0,0.0,1.87,1.08,2.17,0.48,0.23,-0.34,5.49,1.22
241231,BUR,Jordan,D,4.0,0.0,-0.56,-0.37,0.77,0.14,0.64,2.0,1.61,1.25,5.47,1.37
233963,WHU,Mavropanos,D,4.5,0.14,0.53,0.76,0.68,0.7,-0.0,1.0,0.83,0.6,5.24,1.16
222694,LEE,Struijk,D,4.5,-0.55,0.27,0.37,0.68,0.74,0.85,1.24,1.02,0.48,5.09,1.13
213999,WHU,Álvarez,M,4.5,0.22,0.53,0.73,0.67,0.58,-0.03,0.83,0.73,0.6,4.88,1.08
577114,WHU,L.Guilherme,M,5.0,0.5,0.79,0.87,0.55,0.44,-0.21,0.77,0.69,0.46,4.85,0.97
204580,BRE,Janelt,M,4.5,0.0,0.0,0.66,0.7,0.99,0.56,0.83,0.5,0.55,4.78,1.06
515597,AVL,Bogarde,D,4.0,0.0,0.0,0.47,1.48,0.86,1.82,0.32,0.04,-0.62,4.38,1.09
547701,TOT,Gray,M,4.5,-0.46,0.59,0.53,0.21,1.03,0.78,0.77,0.59,0.34,4.38,0.97
205533,CRY,Nketiah,F,5.5,0.0,0.0,0.0,0.0,0.0,0.0,1.17,0.95,2.22,4.34,0.79
191866,BRE,Ajer,D,4.5,0.64,1.46,0.14,0.27,0.8,0.02,0.59,-0.1,0.28,4.1,0.91
499300,EVE,Aznou,D,4.0,0.36,0.46,0.5,-0.56,0.93,0.58,-0.22,0.81,1.2,4.08,1.02
437738,LEE,Bornauw,D,4.5,-0.69,0.29,0.25,0.52,0.53,0.67,1.14,0.98,0.3,4.0,0.89
227127,TOT,Bissouma,M,4.5,-0.54,0.58,0.52,0.13,1.06,0.72,0.7,0.49,0.27,3.94,0.87
111773,NEW,Krafth,D,4.5,0.0,0.0,0.0,0.0,0.0,1.37,0.41,1.19,0.9,3.87,0.86
447715,BUR,A.Ramsey,M,4.5,0.89,-0.39,-0.17,0.59,0.39,0.48,0.94,0.71,0.38,3.82,0.85
223434,BHA,Igor,D,4.5,0.0,-0.11,0.1,0.86,-0.22,0.66,0.47,0.38,1.23,3.38,0.75
458249,MUN,Zirkzee,F,5.5,0.0,0.0,-0.61,0.35,0.0,2.2,-0.39,0.89,0.66,3.09,0.56
487702,BUR,Koleosho,M,5.0,1.13,-0.0,-0.09,0.53,-0.13,0.25,0.73,0.38,-0.01,2.78,0.56
168636,BOU,Enes Ünal,F,5.5,0.0,0.0,0.0,0.0,0.0,0.0,0.81,1.54,0.25,2.6,0.47
180804,BUR,Tuanzebe,D,4.0,0.9,-0.09,-0.11,0.65,-0.06,0.18,0.77,0.37,-0.07,2.53,0.63
575458,NFO,Jair Cunha,D,4.5,0.0,0.0,-0.9,1.11,1.79,-0.27,0.1,-0.08,0.63,2.39,0.53
232792,BHA,Lamptey,D,4.5,0.0,0.0,0.0,0.0,0.0,0.72,0.0,0.0,1.5,2.22,0.49
223336,SUN,Neil,M,5.0,0.45,0.21,-0.14,0.24,0.15,-0.0,0.59,0.04,0.49,2.02,0.4
490094,EVE,Iroegbunam,M,4.5,0.0,0.0,0.0,0.0,0.76,0.33,-0.79,0.49,1.1,1.9,0.42
121709,CRY,Benitez,G,4.5,0.0,0.0,0.0,0.0,0.0,0.54,0.77,-0.44,1.0,1.86,0.41
214285,LIV,Tsimikas,D,5.0,0.0,0.0,0.0,0.0,0.0,0.0,0.0,0.0,1.74,1.74,0.35
493125,TOT,Dragusin,D,4.5,0.0,0.0,0.0,0.0,0.0,0.0,0.71,0.58,0.32,1.61,0.36
486520,LEE,Gruev,M,4.5,-1.1,-0.12,-0.13,0.22,0.37,0.6,0.85,0.76,0.07,1.51,0.34
445044,TOT,Kulusevski,M,6.5,0.0,0.0,0.0,0.0,0.0,0.0,0.0,0.0,1.29,1.29,0.2
606745,MUN,Heaven,D,4.0,0.0,1.71,-0.48,0.05,0.0,0.0,0.0,0.0,0.0,1.29,0.32
532605,CHE,Andrey Santos,M,4.5,0.0,0.0,0.0,0.0,0.0,0.0,0.0,0.0,0.97,0.97,0.22
491007,CHE,D.Essugo,M,4.5,0.0,0.0,0.0,0.0,0.0,0.0,0.0,0.0,0.8,0.8,0.18
246301,FUL,J.Cuenca,D,4.0,0.73,0.0,0.0,0.0,0.0,0.0,0.0,0.0,0.0,0.73,0.18
226956,BRE,Roerslev,D,4.5,0.0,0.0,0.0,0.0,0.75,-0.19,0.42,-0.41,0.01,0.58,0.13
84182,WHU,Areola,G,4.5,0.0,0.0,0.0,0.0,0.11,-0.84,0.56,0.47,0.02,0.32,0.07
214572,TOT,Austin,G,4.0,0.0,0.0,0.0,0.0,0.0,0.0,0.0,0.0,0.0,0.0,0.0
235448,BRE,Balcombe,G,4.0,0.0,0.0,0.0,0.0,0.0,0.0,0.0,0.0,0.0,0.0,0.0
492066,SUN,Huggins,D,4.0,0.0,0.0,0.0,0.0,0.0,0.0,0.0,0.0,0.0,0.0,0.0
573062,FUL,Godo,F,5.0,0.0,0.0,0.0,0.0,0.0,0.0,0.0,0.0,0.0,0.0,0.0
215460,SUN,Poveda,M,4.5,0.0,0.0,0.0,0.0,0.0,0.0,0.0,0.0,0.0,0.0,0.0
122074,MCI,Bettinelli,G,5.0,0.0,0.0,0.0,0.0,0.0,0.0,0.0,0.0,0.0,0.0,0.0
82143,WHU,Foderingham,G,4.0,0.0,0.0,0.0,0.0,0.0,0.0,0.0,0.0,0.0,0.0,0.0
441024,NEW,Ashby,D,4.5,0.0,0.0,0.0,0.0,0.0,0.0,0.0,0.0,0.0,0.0,0.0
86873,FUL,Lecomte,G,4.0,0.0,0.0,0.0,0.0,0.0,0.0,0.0,0.0,0.0,0.0,0.0
492831,BUR,Amdouni,F,5.5,0.0,0.0,0.0,0.0,0.0,0.0,0.0,0.0,0.0,0.0,0.0
172780,TOT,Maddison,M,6.5,0.0,0.0,0.0,0.0,0.0,0.0,0.0,0.0,0.0,0.0,0.0
535928,LIV,Bajcetic,M,4.5,0.0,0.0,0.0,0.0,0.0,0.0,0.0,0.0,0.0,0.0,0.0
451432,NFO,David Carmo,D,4.0,0.0,0.0,0.0,0.0,0.0,0.0,0.0,0.0,0.0,0.0,0.0
622758,CHE,Anselmino,D,4.5,0.0,0.0,0.0,0.0,0.0,0.0,0.0,0.0,0.0,0.0,0.0
447325,EVE,Tyrer,G,4.0,0.0,0.0,0.0,0.0,0.0,0.0,0.0,0.0,0.0,0.0,0.0
219937,LIV,R.Williams,D,4.5,0.0,0.0,0.0,0.0,0.0,0.0,0.0,0.0,0.0,0.0,0.0
450539,BRE,Peart-Harris,M,4.5,0.0,0.0,0.0,0.0,0.0,0.0,0.0,0.0,0.0,0.0,0.0
59735,LEE,Darlow,G,4.0,0.0,0.0,0.0,0.0,0.0,0.0,0.0,0.0,0.0,0.0,0.0
169593,CRY,Matthews,G,4.0,0.0,0.0,0.0,0.0,0.0,0.0,0.0,0.0,0.0,0.0,0.0
97846,LEE,Cairns,G,4.0,0.0,0.0,0.0,0.0,0.0,0.0,0.0,0.0,0.0,0.0,0.0
489571,BUR,Green,G,4.0,0.0,0.0,0.0,0.0,0.0,0.0,0.0,0.0,0.0,0.0,0.0
59949,EVE,Coleman,D,4.0,0.0,0.0,0.0,0.0,0.0,0.0,0.0,0.0,0.0,0.0,0.0
551153,SUN,Luís Hemir,F,5.0,0.0,0.0,0.0,0.0,0.0,0.0,0.0,0.0,0.0,0.0,0.0
450542,CRY,J.Rak-Sakyi,M,4.5,0.0,0.0,0.0,0.0,0.0,0.0,0.0,0.0,0.0,0.0,0.0
472769,MCI,O’Reilly,M,5.5,0.0,0.0,0.0,0.0,0.0,0.0,0.0,0.0,0.0,0.0,0.0
469247,AVL,Iling Jr,M,4.5,0.0,0.0,0.0,0.0,0.0,0.0,0.0,0.0,0.0,0.0,0.0
438464,CRY,Doucouré,M,4.5,0.0,0.0,0.0,0.0,0.0,0.0,0.0,0.0,0.0,0.0,0.0
432720,MCI,Trafford,G,4.5,0.0,0.0,0.0,0.0,0.0,0.0,0.0,0.0,0.0,0.0,0.0
566164,MCI,Nypan,M,4.5,0.0,0.0,0.0,0.0,0.0,0.0,0.0,0.0,0.0,0.0,0.0
516211,BHA,Sima,M,5.0,0.0,0.0,0.0,0.0,0.0,0.0,0.0,0.0,0.0,0.0,0.0
490721,WOL,H.Bueno,D,4.5,0.0,0.0,0.0,0.0,0.0,0.0,0.0,0.0,0.0,0.0,0.0
438098,ARS,Fábio Vieira,M,5.5,0.0,0.0,0.0,0.0,0.0,0.0,0.0,0.0,0.0,0.0,0.0
575204,MCI,Echeverri,M,5.0,0.0,0.0,0.0,0.0,0.0,0.0,0.0,0.0,0.0,0.0,0.0
168991,BOU,Philip,M,4.5,0.0,0.0,0.0,0.0,0.0,0.0,0.0,0.0,0.0,0.0,0.0
611695,BHA,Yalcouye,M,4.5,0.0,0.0,0.0,0.0,0.0,0.0,0.0,0.0,0.0,0.0,0.0
641221,WOL,Pedro Lima,D,4.0,0.0,0.0,0.0,0.0,0.0,0.0,0.0,0.0,0.0,0.0,0.0
447203,LIV,Darwin,F,7.0,0.0,0.0,0.0,0.0,0.0,0.0,0.0,0.0,0.0,0.0,0.0
508479,CHE,Jörgensen,G,5.0,0.0,0.0,0.0,0.0,0.0,0.0,0.0,0.0,0.0,0.0,0.0
560262,BOU,Kroupi.Jr,F,5.0,0.0,0.0,0.0,0.0,0.0,0.0,0.0,0.0,0.0,0.0,0.0
647850,BHA,Kostoulas,M,5.0,0.0,0.0,0.0,0.0,0.0,0.0,0.0,0.0,0.0,0.0,0.0
451302,MUN,Bayindir,G,4.5,0.0,0.0,0.0,0.0,0.0,0.0,0.0,0.0,0.0,0.0,0.0
441192,BHA,Sarmiento,M,4.5,0.0,0.0,0.0,0.0,0.0,0.0,0.0,0.0,0.0,0.0,0.0
606798,AVL,A.García,D,4.5,0.0,0.0,0.0,0.0,0.0,0.0,0.0,0.0,0.0,0.0,0.0
515621,CRY,Chadi Riad,D,4.5,0.0,0.0,0.0,0.0,0.0,0.0,0.0,0.0,0.0,0.0,0.0
474120,BHA,Enciso,M,5.0,0.0,0.0,0.0,0.0,0.0,0.0,0.0,0.0,0.0,0.0,0.0
491012,EVE,Y.Chermiti,F,5.0,0.0,0.0,0.0,0.0,0.0,0.0,0.0,0.0,0.0,0.0,0.0
155405,MCI,Phillips,M,4.5,0.0,0.0,0.0,0.0,0.0,0.0,0.0,0.0,0.0,0.0,0.0
469272,BUR,Tchaouna,M,5.0,0.0,0.0,0.0,0.0,0.0,0.0,0.0,0.0,0.0,0.0,0.0
575901,BOU,Soler,D,4.5,0.0,0.0,0.0,0.0,0.0,0.0,0.0,0.0,0.0,0.0,0.0
610799,TOT,Vuskovic,D,4.0,0.0,0.0,0.0,0.0,0.0,0.0,0.0,0.0,0.0,0.0,0.0
109745,ARS,Arrizabalaga,G,5.5,0.0,0.0,0.0,0.0,0.0,0.0,0.0,0.0,0.0,0.0,0.0
44699,BUR,Barnes,F,5.0,0.0,0.0,0.0,0.0,0.0,0.0,0.0,0.0,0.0,0.0,0.0
204822,NFO,O.Richards,D,4.0,0.0,0.0,0.0,0.0,0.0,0.0,0.0,0.0,0.0,0.0,0.0
138001,WOL,King,G,4.0,0.0,0.0,0.0,0.0,0.0,0.0,0.0,0.0,0.0,0.0,0.0
495145,BOU,Paulsen,G,4.0,0.0,0.0,0.0,0.0,0.0,0.0,0.0,0.0,0.0,0.0,0.0
497606,WOL,Chirewa,M,4.5,0.0,0.0,0.0,0.0,0.0,0.0,0.0,0.0,0.0,0.0,0.0
565297,LEE,Mateo Joseph,F,5.0,0.0,0.0,0.0,0.0,0.0,0.0,0.0,0.0,0.0,0.0,0.0
477580,BOU,Zabarnyi,D,4.5,0.0,0.0,0.0,0.0,0.0,0.0,0.0,0.0,0.0,0.0,0.0
460028,CHE,Colwill,D,5.0,0.0,0.0,0.0,0.0,0.0,0.0,0.0,0.0,0.0,0.0,0.0
449988,WOL,Fábio Silva,F,6.0,0.0,0.0,0.0,0.0,0.0,0.0,0.0,0.0,0.0,0.0,0.0
485055,TOT,Kinsky,G,4.5,0.0,0.0,0.0,0.0,0.0,0.0,0.0,0.0,0.0,0.0,0.0
432714,MCI,McAtee,M,5.5,0.0,0.0,0.0,0.0,0.0,0.0,0.0,0.0,0.0,0.0,0.0
493105,MUN,Garnacho,M,6.5,0.0,0.0,0.0,0.0,0.0,0.0,0.0,0.0,0.0,0.0,0.0
195546,AVL,Buendía,M,5.0,0.0,0.0,0.0,0.0,0.0,0.0,0.0,0.0,0.0,0.0,0.0
549074,BHA,Watson,M,4.5,0.0,0.0,0.0,0.0,0.0,0.0,0.0,0.0,0.0,0.0,0.0
232571,SUN,Patterson,G,4.5,0.0,0.0,0.0,0.0,0.0,0.0,0.0,0.0,0.0,0.0,0.0
626464,BRE,Nunes,M,5.0,0.0,0.0,0.0,0.0,0.0,0.0,0.0,0.0,0.0,0.0,0.0
661712,MUN,D.Leon,D,4.0,0.0,0.0,0.0,0.0,0.0,0.0,0.0,0.0,0.0,0.0,0.0
109533,WHU,Emerson,D,4.5,0.0,0.0,0.0,0.0,0.0,0.0,0.0,0.0,0.0,0.0,0.0
496208,LIV,Doak,M,5.0,0.0,0.0,0.0,0.0,0.0,0.0,0.0,0.0,0.0,0.0,0.0
490881,MUN,Collyer,M,4.5,0.0,0.0,0.0,0.0,0.0,0.0,0.0,0.0,0.0,0.0,0.0
553299,TOT,Takai,D,4.0,0.0,0.0,0.0,0.0,0.0,0.0,0.0,0.0,0.0,0.0,0.0
628204,BRE,Konak,M,4.5,0.0,0.0,0.0,0.0,0.0,0.0,0.0,0.0,0.0,0.0,0.0
437495,LEE,Meslier,G,4.5,0.0,0.0,0.0,0.0,0.0,0.0,0.0,0.0,0.0,0.0,0.0
577016,CHE,Acheampong,D,4.5,0.0,0.0,0.0,0.0,0.0,0.0,0.0,0.0,0.0,0.0,0.0
437742,ARS,Sambi,M,5.0,0.0,0.0,0.0,0.0,0.0,0.0,0.0,0.0,0.0,0.0,0.0
477555,MCI,Bobb,M,5.5,0.0,0.0,0.0,0.0,0.0,0.0,0.0,0.0,0.0,0.0,0.0
623095,TOT,Min-hyeok,M,4.5,0.0,0.0,0.0,0.0,0.0,0.0,0.0,0.0,0.0,0.0,0.0
199670,CRY,Édouard,F,5.0,0.0,0.0,0.0,0.0,0.0,0.0,0.0,0.0,0.0,0.0,0.0
110735,BHA,Webster,D,4.5,0.0,0.0,0.0,0.0,0.0,0.0,0.0,0.0,0.0,0.0,0.0
88248,MCI,Ortega Moreno,G,5.5,0.0,0.0,0.0,0.0,0.0,0.0,0.0,0.0,0.0,0.0,0.0
471798,CHE,Slonina,G,4.5,0.0,0.0,0.0,0.0,0.0,0.0,0.0,0.0,0.0,0.0,0.0
518030,BUR,Weiss,G,4.0,0.0,0.0,0.0,0.0,0.0,0.0,0.0,0.0,0.0,0.0,0.0
222690,MUN,Malacia,D,4.0,0.0,0.0,0.0,0.0,0.0,0.0,0.0,0.0,0.0,0.0,0.0
547676,MUN,Fredricson,D,4.0,0.0,0.0,0.0,0.0,0.0,0.0,0.0,0.0,0.0,0.0,0.0
149519,WHU,Cornet,M,4.5,0.0,0.0,0.0,0.0,0.0,0.0,0.0,0.0,0.0,0.0,0.0
428580,BRE,Onyeka,M,4.5,0.0,0.0,0.0,0.0,0.0,0.0,0.0,0.0,0.0,0.0,0.0
169359,NEW,Targett,D,4.5,0.0,0.0,0.0,0.0,0.0,0.0,0.0,0.0,0.0,0.0,0.0
101982,WOL,Johnstone,G,4.5,0.0,0.0,0.0,0.0,0.0,0.0,0.0,0.0,0.0,0.0,0.0
495161,NFO,Stamenic,M,4.5,0.0,0.0,0.0,0.0,0.0,0.0,0.0,0.0,0.0,0.0,0.0
609873,EVE,Armstrong,M,4.5,0.0,0.0,0.0,0.0,0.0,0.0,0.0,0.0,0.0,0.0,0.0
462635,LEE,Gelhardt,F,5.0,0.0,0.0,0.0,0.0,0.0,0.0,0.0,0.0,0.0,0.0,0.0
463748,ARS,Hein,G,5.0,0.0,0.0,0.0,0.0,0.0,0.0,0.0,0.0,0.0,0.0,0.0
550615,CHE,George,M,5.0,0.0,0.0,0.0,0.0,0.0,0.0,0.0,0.0,0.0,0.0,0.0
235674,TOT,Solomon,M,6.0,0.0,0.0,0.0,0.0,0.0,0.0,0.0,0.0,0.0,0.0,0.0
206325,ARS,Zinchenko,D,5.5,0.0,0.0,0.0,0.0,0.0,0.0,0.0,0.0,0.0,0.0,0.0
441240,BOU,Faivre,M,4.5,0.0,0.0,0.0,0.0,0.0,0.0,0.0,0.0,0.0,0.0,0.0
436234,TOT,Bryan,M,5.0,0.0,0.0,0.0,0.0,0.0,0.0,0.0,0.0,0.0,0.0,0.0
200641,ARS,Nelson,M,5.5,0.0,0.0,0.0,0.0,0.0,0.0,0.0,0.0,0.0,0.0,0.0
209243,MUN,Sancho,M,6.0,0.0,0.0,0.0,0.0,0.0,0.0,0.0,0.0,0.0,0.0,0.0
536916,BHA,Buonanotte,M,5.0,0.0,0.0,0.0,0.0,0.0,0.0,0.0,0.0,0.0,0.0,0.0
577974,MUN,Amass,D,4.0,0.0,0.0,0.0,0.0,0.0,0.0,0.0,0.0,0.0,0.0,0.0
596047,MUN,Obi,F,5.0,0.0,0.0,0.0,0.0,0.0,0.0,0.0,0.0,0.0,0.0,0.0
437748,BUR,Trésor,M,5.0,0.0,0.0,0.0,0.0,0.0,0.0,0.0,0.0,0.0,0.0,0.0
153366,FUL,Reed,M,4.5,0.0,0.0,0.0,0.0,0.0,0.0,0.0,0.0,0.0,0.0,0.0
490145,TOT,Scarlett,F,5.0,0.0,0.0,0.0,0.0,0.0,0.0,0.0,0.0,0.0,0.0,0.0
106468,AVL,Alex Moreno,D,4.5,0.0,0.0,0.0,0.0,0.0,0.0,0.0,0.0,0.0,0.0,0.0
429414,WOL,Kalajdžić,F,5.0,0.0,0.0,0.0,0.0,0.0,0.0,0.0,0.0,0.0,0.0,0.0
229600,EVE,Travers,G,4.5,0.0,0.0,0.0,0.0,0.0,0.0,0.0,0.0,0.0,0.0,0.0
183751,BUR,Benson,M,4.5,0.0,0.0,0.0,0.0,0.0,0.0,0.0,0.0,0.0,0.0,0.0
248937,LEE,Greenwood,M,5.0,0.0,0.0,0.0,0.0,0.0,0.0,0.0,0.0,0.0,0.0,0.0
477851,SUN,Ba,M,4.5,0.0,0.0,0.0,0.0,0.0,0.0,0.0,0.0,0.0,0.0,0.0
499717,BRE,Meghoma,D,4.0,0.0,0.0,0.0,0.0,0.0,0.0,0.0,0.0,0.0,0.0,0.0
541462,BOU,Akinmboni,D,4.0,0.0,0.0,0.0,0.0,0.0,0.0,0.0,0.0,0.0,0.0,0.0
208912,BUR,Worrall,D,4.0,0.0,0.0,0.0,0.0,0.0,0.0,0.0,0.0,0.0,0.0,0.0
115556,TOT,Davies,D,4.5,0.0,0.0,0.0,0.0,0.0,0.0,0.0,0.0,0.0,0.0,0.0
569014,NFO,Da Silva Moreira,M,4.5,0.0,0.0,0.0,0.0,0.0,0.0,0.0,0.0,0.0,0.0,0.0
536119,LEE,Crew,M,4.5,0.0,0.0,0.0,0.0,0.0,0.0,0.0,0.0,0.0,0.0,0.0
470294,LEE,Gyabi,M,4.5,0.0,0.0,0.0,0.0,0.0,0.0,0.0,0.0,0.0,0.0,0.0
51943,BUR,Hladký,G,4.0,0.0,0.0,0.0,0.0,0.0,0.0,0.0,0.0,0.0,0.0,0.0
15157,BHA,Milner,M,4.5,0.0,0.0,0.0,0.0,0.0,0.0,0.0,0.0,0.0,0.0,0.0
606689,BRE,Donovan,M,4.5,0.0,0.0,0.0,0.0,0.0,0.0,0.0,0.0,0.0,0.0,0.0
462492,AVL,Gauci,G,4.5,0.0,0.0,0.0,0.0,0.0,0.0,0.0,0.0,0.0,0.0,0.0
626844,SUN,Aleksić,M,4.5,0.0,0.0,0.0,0.0,0.0,0.0,0.0,0.0,0.0,0.0,0.0
220684,SUN,Alese,D,4.0,0.0,0.0,0.0,0.0,0.0,0.0,0.0,0.0,0.0,0.0,0.0
513834,BHA,Moran,M,4.5,0.0,0.0,0.0,0.0,0.0,0.0,0.0,0.0,0.0,0.0,0.0
466117,CRY,Ahamada,M,4.5,0.0,0.0,0.0,0.0,0.0,0.0,0.0,0.0,0.0,0.0,0.0
220598,BUR,Obafemi,F,5.0,0.0,0.0,0.0,0.0,0.0,0.0,0.0,0.0,0.0,0.0,0.0
593001,WOL,Gonzalez,M,4.5,0.0,0.0,0.0,0.0,0.0,0.0,0.0,0.0,0.0,0.0,0.0
155503,LIV,Woodman,G,4.0,0.0,0.0,0.0,0.0,0.0,0.0,0.0,0.0,0.0,0.0,0.0
507433,BRE,Valdimarsson,G,4.0,0.0,0.0,0.0,0.0,0.0,0.0,0.0,0.0,0.0,0.0,0.0
151589,AVL,Dendoncker,M,4.5,0.0,0.0,0.0,0.0,0.0,0.0,0.0,0.0,0.0,0.0,0.0
475123,NFO,C.Miguel,G,4.5,0.0,0.0,0.0,0.0,0.0,0.0,0.0,0.0,0.0,0.0,0.0
111452,NEW,Odysseas,G,4.5,0.0,0.0,0.0,0.0,0.0,0.0,0.0,0.0,0.0,0.0,0.0
101148,NEW,Lascelles,D,4.5,0.0,0.0,0.0,0.0,0.0,0.0,0.0,0.0,0.0,0.0,0.0
477547,SUN,Hjelde,D,4.0,0.0,0.0,0.0,0.0,0.0,0.0,0.0,0.0,0.0,0.0,0.0
247245,BUR,Delcroix,D,4.0,0.0,0.0,0.0,0.0,0.0,0.0,0.0,0.0,0.0,0.0,0.0
229384,WHU,Irving,M,4.5,0.0,0.0,0.0,0.0,0.0,0.0,0.0,0.0,0.0,0.0,0.0
489580,LIV,Ramsay,D,4.5,0.0,0.0,0.0,0.0,0.0,0.0,0.0,0.0,0.0,0.0,0.0
465702,SUN,Pembele,D,4.0,0.0,0.0,0.0,0.0,0.0,0.0,0.0,0.0,0.0,0.0,0.0
492368,LEE,Schmidt,D,4.0,0.0,0.0,0.0,0.0,0.0,0.0,0.0,0.0,0.0,0.0,0.0
72147,AVL,M.Bizot,G,4.5,0.0,0.0,0.0,0.0,0.0,0.0,0.0,0.0,0.0,0.0,0.0
461421,AVL,Dobbin,M,4.5,0.0,0.0,0.0,0.0,0.0,0.0,0.0,0.0,0.0,0.0,0.0
467169,MUN,Antony,M,5.5,0.0,0.0,0.0,0.0,0.0,0.0,0.0,0.0,0.0,0.0,0.0
531363,WOL,Fraser,F,5.0,0.0,0.0,0.0,0.0,0.0,0.0,0.0,0.0,0.0,0.0,0.0
450072,BUR,Sambo,D,4.0,0.0,0.0,0.0,0.0,0.0,0.0,0.0,0.0,0.0,0.0,0.0
616222,MCI,Vitor Reis,D,5.0,0.0,0.0,0.0,0.0,0.0,0.0,0.0,0.0,0.0,0.0,0.0
586268,LIV,Pécsi,G,4.5,0.0,0.0,0.0,0.0,0.0,0.0,0.0,0.0,0.0,0.0,0.0
171422,SUN,Browne,M,4.5,0.0,0.0,0.0,0.0,0.0,0.0,0.0,0.0,0.0,0.0,0.0
611975,SUN,Abdullahi,F,5.0,0.0,0.0,0.0,0.0,0.0,0.0,0.0,0.0,0.0,0.0,0.0
106617,LEE,Bamford,F,5.0,0.0,0.0,0.0,0.0,0.0,0.0,0.0,0.0,0.0,0.0,0.0
530318,CRY,Rodney,M,4.5,0.0,0.0,0.0,0.0,0.0,0.0,0.0,0.0,0.0,0.0,0.0
465920,CHE,Mudryk,M,5.5,0.0,0.0,0.0,0.0,0.0,0.0,0.0,0.0,0.0,0.0,0.0
250735,BUR,Churlinov,M,4.5,0.0,0.0,0.0,0.0,0.0,0.0,0.0,0.0,0.0,0.0,0.0
90585,NFO,Boly,D,4.0,0.0,0.0,0.0,0.0,0.0,0.0,0.0,0.0,0.0,0.0,0.0
440955,SUN,Rusyn,F,5.0,0.0,0.0,0.0,0.0,0.0,0.0,0.0,0.0,0.0,0.0,0.0
503300,BRE,Cox,G,4.0,0.0,0.0,0.0,0.0,0.0,0.0,0.0,0.0,0.0,0.0,0.0
79602,WOL,Bentley,G,4.0,0.0,0.0,0.0,0.0,0.0,0.0,0.0,0.0,0.0,0.0,0.0
81441,NEW,Gillespie,G,4.0,0.0,0.0,0.0,0.0,0.0,0.0,0.0,0.0,0.0,0.0,0.0
493837,SUN,Matete,M,4.5,0.0,0.0,0.0,0.0,0.0,0.0,0.0,0.0,0.0,0.0,0.0
21205,MUN,Heaton,G,4.0,0.0,0.0,0.0,0.0,0.0,0.0,0.0,0.0,0.0,0.0,0.0
490000,SUN,Nna Noukeu,G,4.0,0.0,0.0,0.0,0.0,0.0,0.0,0.0,0.0,0.0,0.0,0.0
519895,BUR,Sonne,D,4.0,0.0,0.0,0.0,0.0,0.0,0.0,0.0,0.0,0.0,0.0,0.0
590012,CRY,Kporha,D,4.0,0.0,0.0,0.0,0.0,0.0,0.0,0.0,0.0,0.0,0.0,0.0
518438,WHU,Casey,D,4.0,0.0,0.0,0.0,0.0,0.0,0.0,0.0,0.0,0.0,0.0,0.0
551206,BUR,Banel,M,4.5,0.0,0.0,0.0,0.0,0.0,0.0,0.0,0.0,0.0,0.0,0.0
444172,BOU,Dennis,G,4.0,0.0,0.0,0.0,0.0,0.0,0.0,0.0,0.0,0.0,0.0,0.0
461567,BUR,Dodgson,D,4.0,0.0,0.0,0.0,0.0,0.0,0.0,0.0,0.0,0.0,0.0,0.0
74854,SUN,Moore,G,4.0,0.0,0.0,0.0,0.0,0.0,0.0,0.0,0.0,0.0,0.0,0.0
213198,CHE,Nkunku,M,6.0,0.0,0.0,0.0,0.0,0.0,0.0,0.0,0.0,0.0,0.0,0.0
500696,SUN,Triantis,D,4.0,0.0,0.0,0.0,0.0,0.0,0.0,0.0,0.0,0.0,0.0,0.0
220695,BRE,Maghoma,M,4.5,0.0,0.0,0.0,0.0,0.0,0.0,0.0,0.0,0.0,0.0,0.0
49262,BHA,Steele,G,4.0,0.0,0.0,0.0,0.0,0.0,0.0,0.0,0.0,0.0,0.0,0.0
536109,WHU,Scarles,D,4.0,-0.31,0.09,0.43,0.0,0.05,-1.16,0.44,0.38,0.03,-0.05,-0.01
519634,SUN,Seelt,D,4.0,2.02,1.41,0.11,-0.5,-0.73,-0.91,-0.12,-1.18,-0.26,-0.16,-0.04
458297,SUN,Ekwah,M,4.5,0.08,-0.43,0.0,0.0,0.0,0.0,0.0,0.0,0.0,-0.35,-0.08
461188,BUR,Humphreys,D,4.0,0.88,-0.39,-0.62,0.17,-0.68,-0.4,0.45,-0.06,-0.31,-0.96,-0.24
549329,BUR,Lucas Pires,D,4.0,0.93,-0.56,-0.8,0.16,-0.76,-0.4,0.47,-0.06,-0.6,-1.62,-0.41
461199,SUN,Mundle,M,5.0,0.0,0.0,-0.57,-0.28,-0.33,-0.38,0.26,-0.58,0.23,-1.64,-0.33
554197,SUN,Rigg,M,5.0,0.16,-0.3,-0.62,-0.24,-0.48,-0.42,0.15,-0.63,0.18,-2.2,-0.44
461195,SUN,Cirkin,D,4.5,0.0,0.0,-1.12,-0.35,-0.25,-0.47,0.39,-0.65,0.2,-2.25,-0.5
435973,BUR,Foster,F,5.5,1.11,-0.66,-1.22,0.05,-1.2,-0.49,0.42,-0.11,-0.69,-2.78,-0.51
192290,BUR,Roberts,D,4.5,0.0,0.0,0.0,0.0,-1.59,-0.94,0.1,-0.61,-1.11,-4.14,-0.92
