Team,Name,Pos,BV,2_Pts,3_Pts,4_Pts,5_Pts,6_Pts,7_Pts,8_Pts,9_Pts,10_Pts,total_pts,ID,SV
LIV,M.Salah,M,13.5,6.33,5.61,7.67,6.94,6.42,5.93,7.24,6.96,7.1,60.18,45106,13.5
MCI,Haaland,F,13.0,7.09,5.7,6.29,4.51,7.37,6.15,6.06,5.6,6.25,55.03,1677501,13.0
CHE,Palmer,M,11.0,5.97,5.94,5.77,5.38,5.94,5.14,5.44,7.84,5.85,53.28,242906,11.0
MUN,B.Fernandes,M,8.5,4.89,6.25,4.35,4.86,5.15,6.81,4.2,5.28,4.86,46.66,160701,8.5
ARS,Saka,M,10.0,5.79,4.17,5.34,4.65,4.58,5.65,4.65,5.13,5.46,45.43,106430,10.0
AVL,Watkins,F,9.5,4.66,4.7,4.22,5.46,4.66,5.37,4.56,4.09,3.68,41.4,183114,9.5
LIV,Wirtz,M,9.0,4.42,3.94,5.2,4.72,4.36,4.02,4.9,4.73,4.9,41.2,4293356,9.0
WHU,Bowen,M,8.0,4.55,4.47,5.2,4.68,4.22,3.56,5.05,4.66,4.43,40.82,161049,8.0
NEW,Isak,F,10.5,2.21,4.32,5.46,4.6,4.02,5.13,4.58,5.0,4.99,40.3,2200000,10.5
CRY,Eze,M,7.5,4.81,4.21,5.99,4.46,3.93,3.99,4.49,3.27,4.88,40.03,180321,7.5
ARS,Gyökeres,F,9.0,4.71,3.47,4.49,4.04,3.98,4.9,4.14,4.55,4.9,39.18,4329253,9.0
BOU,Semenyo,M,7.0,4.91,4.48,4.49,4.3,4.32,4.36,3.93,4.37,3.56,38.72,2930166,7.0
CRY,Sarr,M,7.0,4.61,4.1,5.71,4.33,3.77,3.94,4.33,3.21,4.62,38.61,3912183,7.0
WOL,Strand Larsen,F,6.5,3.96,4.2,3.73,4.62,4.13,4.23,4.89,4.89,3.73,38.38,3893792,6.5
ARS,Raya,G,6.0,4.83,3.57,4.62,4.06,3.74,4.52,4.09,4.28,4.66,38.37,192208,6.0
ARS,Ødegaard,M,7.0,4.9,3.64,4.45,3.9,3.85,4.59,3.96,4.28,4.52,38.07,201990,7.0
TOT,Solanke,F,7.5,3.26,4.53,4.46,4.09,4.8,4.33,4.42,4.01,4.01,37.91,230753,7.5
BOU,Evanilson,F,6.5,4.81,4.37,4.46,4.24,4.2,4.31,3.86,4.33,3.32,37.9,3925510,6.5
CRY,Mateta,F,7.0,4.59,4.0,5.69,4.32,3.86,3.94,4.14,2.9,4.23,37.67,201968,7.0
BHA,Mitoma,M,6.5,4.05,3.97,4.0,4.82,3.69,4.18,4.08,3.94,4.67,37.41,1783652,6.5
CHE,Enzo,M,7.0,4.16,4.17,4.02,3.87,4.16,3.64,3.78,5.11,4.04,36.95,2930183,7.0
NFO,Wood,F,7.5,3.87,4.48,3.13,4.36,5.18,3.64,3.84,3.75,4.09,36.33,57345,7.5
LIV,Gakpo,M,7.5,3.73,3.36,4.61,4.23,3.86,3.55,4.27,4.06,4.26,35.93,2818755,7.5
AVL,Rogers,M,7.5,3.79,4.09,3.7,4.64,4.01,4.68,3.97,3.59,3.23,35.7,3762913,7.5
ARS,Gabriel,D,6.0,4.76,2.69,4.49,3.39,3.31,4.48,3.76,4.01,4.73,35.62,181081,6.0
CHE,Sánchez,G,5.5,3.87,4.28,3.67,3.72,4.08,3.69,3.91,4.68,3.58,35.49,192988,5.5
MCI,Marmoush,F,8.0,4.49,3.71,4.16,2.98,4.63,3.93,3.95,3.61,3.96,35.41,4059073,8.0
MCI,Ederson M.,G,6.0,4.04,3.61,4.15,3.24,4.69,3.6,4.31,3.49,3.96,35.1,45113,6.0
LIV,A.Becker,G,6.0,3.57,3.84,4.41,4.45,3.63,3.47,4.06,3.62,3.95,35.0,90826,6.0
LIV,Frimpong,D,6.0,3.41,3.32,4.96,4.62,3.54,3.08,4.23,3.74,4.09,35.0,4293354,6.0
NFO,Gibbs-White,M,7.0,3.68,4.32,2.99,4.2,4.98,3.41,3.51,3.49,3.89,34.48,88531,7.0
BOU,Petrović,G,5.0,4.21,3.43,3.92,3.71,3.9,4.13,3.49,4.17,3.17,34.13,3648390,5.0
NEW,Pope,G,5.5,3.66,3.95,4.18,3.5,3.62,4.08,3.43,4.04,3.57,34.02,24087,5.5
EVE,Pickford,G,5.5,3.97,3.79,3.87,3.11,4.09,3.93,3.2,3.87,4.19,34.01,23433,5.5
AVL,Tielemans,M,6.0,3.83,3.89,3.61,4.29,3.8,4.36,3.71,3.43,3.09,34.0,110910,6.0
AVL,Martinez,G,5.0,3.5,3.85,3.81,4.15,4.05,4.54,3.36,3.58,3.06,33.91,131313,5.0
BRE,Schade,M,6.0,4.19,4.69,3.63,3.51,3.95,3.35,3.77,3.28,3.45,33.82,2833740,6.0
ARS,Rice,M,6.5,4.2,3.29,3.88,3.56,3.49,4.04,3.55,3.8,3.95,33.76,32973,6.5
NFO,Sels,G,5.5,3.42,4.02,3.14,4.14,4.5,3.18,3.69,3.43,3.94,33.44,3763426,5.5
FUL,Leno,G,4.5,4.02,3.34,4.3,3.96,3.41,3.46,3.61,3.19,4.13,33.42,88472,4.5
ARS,Saliba,D,6.0,4.47,2.48,4.18,3.16,3.05,4.11,3.52,3.71,4.45,33.12,1677493,6.0
BRE,Kelleher,G,4.5,3.83,4.04,3.74,3.55,3.91,3.61,3.52,3.51,3.37,33.07,140028,4.5
CRY,Muñoz,D,5.5,4.29,3.17,5.55,3.72,2.71,3.73,3.65,2.29,3.92,33.03,3762190,5.5
MUN,Cunha,F,8.0,3.5,4.32,3.03,3.41,3.65,4.66,2.97,3.69,3.43,32.67,3627793,8.0
WOL,José Sá,G,4.5,3.27,4.03,2.97,4.09,3.12,3.61,3.89,4.33,3.35,32.67,231959,4.5
LIV,Virgil,D,6.0,3.1,3.17,4.68,4.4,3.24,2.84,3.97,3.46,3.79,32.65,23238,6.0
LIV,Mac Allister,M,6.0,3.41,3.21,4.02,3.77,3.51,3.32,3.82,3.69,3.77,32.52,163914,6.0
MCI,Gvardiol,D,6.5,3.91,3.26,3.83,2.49,4.81,3.32,4.07,3.17,3.59,32.46,3634364,6.5
MUN,Mbeumo,M,9.0,3.55,4.37,3.06,3.38,3.6,4.64,2.84,3.65,3.35,32.44,192214,9.0
CHE,João Pedro,F,7.5,3.71,3.66,3.55,3.4,3.58,3.16,3.32,4.5,3.52,32.41,164449,7.5
LIV,Ekitiké,F,8.5,3.52,3.09,3.98,3.73,3.48,3.16,3.87,3.63,3.82,32.27,4322253,8.5
TOT,Kudus,M,7.5,3.17,3.84,3.79,3.42,4.03,3.71,3.7,3.34,3.26,32.27,3649502,7.5
MUN,Onana,G,5.0,3.37,4.5,2.97,3.57,3.31,4.41,2.89,3.71,3.54,32.27,3628569,5.0
FUL,Iwobi,M,6.5,3.88,3.22,4.0,3.96,3.45,3.38,3.05,3.26,3.91,32.1,23326,6.5
NEW,Bruno G.,M,6.0,3.49,3.84,3.95,3.39,3.1,3.72,3.35,3.62,3.54,31.99,283020,6.0
CRY,Henderson,G,5.0,3.97,3.19,4.31,3.4,3.27,3.58,3.61,2.85,3.65,31.82,137863,5.0
BHA,Verbruggen,G,4.5,3.68,3.37,3.26,3.62,3.05,3.56,3.44,3.3,4.08,31.37,3591888,4.5
BRE,Wissa,F,7.5,2.35,3.45,3.22,3.53,4.11,3.52,3.98,3.33,3.7,31.2,242911,7.5
CHE,Cucurella,D,5.5,3.58,3.84,3.14,3.15,3.46,2.56,3.37,4.92,3.01,31.03,257179,5.5
WHU,L.Paquetá,M,5.5,3.4,3.39,3.92,3.55,3.29,2.69,3.74,3.46,3.33,30.77,2235927,5.5
MCI,Aït-Nouri,D,6.0,3.72,3.08,3.67,2.36,4.49,3.1,3.88,2.99,3.45,30.75,187323,6.0
WOL,J.Arias,M,6.0,3.19,3.5,2.98,3.61,3.31,3.36,3.85,3.9,3.05,30.74,4316723,6.0
CHE,Neto,M,7.0,3.53,3.53,3.42,3.18,3.39,2.92,3.13,4.21,3.31,30.63,139207,7.0
TOT,Vicario,G,5.0,2.83,3.61,3.31,3.09,3.84,3.55,3.49,3.47,3.42,30.59,3584409,5.0
MCI,Reijnders,M,6.0,3.92,3.39,3.51,2.71,3.81,3.29,3.41,3.16,3.37,30.57,4293358,6.0
NEW,Joelinton,M,5.5,3.35,3.69,3.78,3.24,2.94,3.48,3.2,3.44,3.43,30.54,137599,5.5
NEW,Tonali,M,5.5,3.33,3.61,3.73,3.21,2.97,3.51,3.22,3.5,3.4,30.48,3591232,5.5
LEE,Piroe,F,6.0,2.76,3.52,3.13,3.38,3.41,3.79,3.68,3.69,3.04,30.4,4293436,6.0
CHE,N.Jackson,F,6.5,3.44,3.5,3.41,3.1,3.31,2.81,3.09,4.41,3.25,30.33,3590554,6.5
MCI,Bernardo,M,6.0,4.02,3.38,3.55,2.47,3.87,3.21,3.33,3.07,3.23,30.14,45081,6.0
NEW,Gordon,M,7.5,3.36,3.55,3.72,3.12,2.79,3.56,3.14,3.51,3.34,30.08,242870,7.5
LEE,Perri,G,4.5,2.8,3.25,3.21,3.36,3.46,3.41,3.78,3.64,2.98,29.9,4329252,4.5
BHA,Welbeck,F,6.0,3.18,3.13,3.31,3.87,2.92,3.35,3.25,3.11,3.73,29.83,23331,6.0
WOL,Munetsi,M,5.0,2.98,3.3,2.89,3.55,3.12,3.22,3.68,3.78,3.12,29.64,4070205,5.0
NEW,Schär,D,5.5,2.58,3.7,4.03,2.82,2.69,3.85,2.84,3.66,3.37,29.54,91161,5.5
LIV,Szoboszlai,M,6.0,2.95,2.8,3.79,3.53,3.13,2.83,3.52,3.32,3.42,29.3,3590555,6.0
BOU,Truffert,D,4.5,4.04,2.9,3.36,3.07,3.49,3.62,2.78,3.76,2.06,29.07,4293382,4.5
BRE,Damsgaard,M,6.0,3.49,3.85,3.11,3.07,3.37,2.96,3.21,2.87,2.98,28.92,2064482,6.0
EVE,Ndiaye,M,6.5,3.28,3.17,3.22,2.57,3.5,3.28,2.63,3.46,3.73,28.85,3893793,6.5
SUN,Roefs,G,4.5,3.54,3.34,2.88,3.21,3.04,2.91,3.5,2.85,3.56,28.83,4338689,4.5
TOT,Pedro Porro,D,5.5,2.07,3.45,3.43,2.78,4.06,3.51,3.36,3.34,2.82,28.82,2930177,5.5
MCI,Rodrigo,M,6.0,1.76,2.01,3.41,3.0,4.11,3.58,3.68,3.36,3.64,28.54,132974,6.0
MCI,Rúben,D,6.0,3.37,2.76,3.36,2.2,4.3,2.89,3.71,2.72,3.16,28.48,186737,6.0
WHU,Souček,M,6.0,3.18,3.13,3.54,3.27,3.05,2.58,3.39,3.21,3.11,28.47,160700,6.0
BUR,Dúbravka,G,5.0,3.97,2.94,3.02,3.47,2.62,2.74,3.65,3.04,2.96,28.42,77662,5.0
ARS,Zubimendi,M,5.0,3.45,2.81,3.23,3.02,2.98,3.39,3.07,3.17,3.29,28.39,4297973,5.0
CHE,Caicedo,M,5.0,3.21,3.21,3.07,3.04,3.15,2.89,2.98,3.58,3.08,28.2,203010,5.0
ARS,J.Timber,D,6.0,3.41,2.01,3.53,2.79,2.66,3.63,3.04,3.25,3.78,28.11,3627958,6.0
BOU,Tavernier,M,5.5,3.66,3.2,3.3,3.07,3.22,3.15,2.81,3.14,2.48,28.02,1954998,5.5
EVE,Grealish,M,6.0,2.96,3.15,3.18,2.58,3.45,3.16,2.56,3.33,3.61,27.99,131338,6.0
LIV,Konaté,D,5.5,2.61,2.74,3.96,3.79,2.76,2.38,3.4,2.93,3.22,27.78,225319,5.5
BHA,Georginio,F,5.5,3.09,2.99,2.99,3.51,2.72,3.06,3.06,2.9,3.44,27.75,3932747,5.5
NEW,Hall,D,5.5,2.4,3.46,3.78,2.69,2.59,3.65,2.65,3.39,3.12,27.73,2707125,5.5
MCI,Foden,M,9.0,3.25,3.24,3.23,2.05,3.77,3.1,3.05,2.72,3.2,27.62,55898,9.0
LIV,Kerkez,D,6.0,2.64,2.77,3.93,3.71,2.77,2.38,3.35,2.88,3.19,27.61,3628155,6.0
ARS,Lewis-Skelly,D,5.5,3.87,2.13,3.5,2.62,2.5,3.37,2.87,3.03,3.61,27.5,3973402,5.5
CRY,Lacroix,D,4.5,3.61,2.6,4.57,3.03,2.19,3.21,3.04,1.96,3.2,27.4,3947465,4.5
WOL,Gomes,M,5.0,2.84,3.13,2.71,3.28,2.94,2.99,3.3,3.4,2.77,27.35,2930170,5.0
MUN,Amad,M,7.5,2.98,3.71,2.49,2.93,2.97,3.81,2.36,3.04,2.86,27.15,198784,7.5
LIV,Gravenberch,M,5.0,2.93,2.78,3.31,3.16,2.93,2.74,3.17,3.02,3.05,27.1,3652436,5.0
EVE,Tarkowski,D,4.5,3.18,3.23,3.14,1.74,3.64,3.11,1.92,3.15,3.99,27.09,23287,4.5
WHU,Ward-Prowse,M,5.0,2.93,2.93,3.32,3.09,2.88,2.44,3.27,3.03,2.89,26.77,23404,5.0
BHA,Minteh,M,6.0,3.08,2.89,2.87,3.41,2.54,3.01,2.83,2.7,3.26,26.59,3879494,6.0
SUN,Xhaka,M,5.0,3.28,3.17,2.81,2.96,2.83,2.84,3.13,2.58,2.99,26.58,4332524,5.0
LEE,James,M,6.0,2.33,2.96,2.85,2.94,3.04,3.22,3.23,3.24,2.73,26.53,4293434,6.0
NFO,N.Williams,D,5.0,2.49,3.53,1.92,3.84,4.42,2.19,2.53,2.42,3.17,26.5,156926,5.0
NFO,Milenković,D,5.5,2.49,3.51,1.93,3.88,4.38,2.18,2.55,2.43,3.15,26.5,3893837,5.5
CRY,Guéhi,D,5.0,3.5,2.48,4.42,2.96,2.07,3.12,2.92,1.88,3.09,26.44,231961,5.0
FUL,Raúl,F,6.0,2.99,2.53,3.43,3.35,2.79,2.8,2.48,2.69,3.39,26.44,88528,6.0
WHU,Füllkrug,F,6.5,2.98,2.94,3.35,3.04,2.79,2.19,3.24,2.97,2.91,26.42,3914553,6.5
BRE,Thiago,F,5.5,3.53,3.95,2.82,2.64,2.91,2.52,2.83,2.54,2.59,26.33,3879507,5.5
BOU,Kluivert,M,6.5,3.06,3.09,3.11,2.9,3.05,3.09,2.65,3.06,2.32,26.33,3584408,6.5
EVE,Dewsbury-Hall,M,5.0,3.03,2.93,2.97,2.45,3.16,2.93,2.44,3.1,3.25,26.26,242878,5.0
AVL,Konsa,D,5.0,2.6,2.95,3.12,3.85,3.21,4.2,2.44,2.26,1.6,26.22,134708,5.0
NFO,Hudson-Odoi,M,6.0,2.81,3.2,2.31,3.16,3.69,2.59,2.71,2.65,2.94,26.07,69539,6.0
BHA,Baleba,M,4.5,2.92,2.81,2.76,3.17,2.6,2.9,2.87,2.81,3.19,26.03,3651385,4.5
WOL,Agbadou,D,4.5,2.2,3.37,1.92,3.45,2.22,2.69,3.61,4.04,2.48,25.98,4051799,4.5
FUL,Muniz,F,5.5,3.14,2.47,3.42,3.32,2.64,2.74,2.34,2.58,3.32,25.97,3556539,5.5
NEW,Elanga,M,7.0,2.83,3.14,3.35,2.7,2.36,3.09,2.58,2.89,2.9,25.83,219749,7.0
CHE,James,D,5.5,3.1,3.26,2.69,2.63,2.88,2.16,2.68,3.93,2.48,25.81,148332,5.5
BUR,Anthony,M,6.0,3.83,2.89,2.64,3.03,2.42,2.61,3.15,2.78,2.35,25.7,230755,6.0
FUL,Wilson,M,5.5,3.42,2.77,3.42,3.18,2.57,2.52,2.23,2.42,3.05,25.59,234793,5.5
CRY,Richards,D,4.5,3.37,2.41,4.18,2.82,2.02,3.04,2.84,1.84,2.95,25.47,1908560,4.5
EVE,O'Brien,D,4.5,3.01,3.02,2.95,1.65,3.43,2.95,1.82,2.92,3.73,25.46,3907762,4.5
AVL,Cash,D,5.0,2.58,2.87,2.99,3.69,3.11,4.05,2.4,2.17,1.55,25.41,181873,5.0
LEE,Stach,M,4.5,2.42,2.78,2.69,2.83,2.86,3.01,3.1,3.04,2.65,25.39,4317775,4.5
NEW,Burn,D,5.0,2.17,3.15,3.47,2.43,2.36,3.31,2.44,3.14,2.86,25.35,92423,5.0
NFO,Murillo,D,5.0,2.36,3.33,1.83,3.7,4.25,2.1,2.42,2.31,3.02,25.31,3651901,5.0
BOU,Senesi,D,4.5,3.52,2.44,2.94,2.66,3.12,3.18,2.35,3.27,1.69,25.17,2018115,4.5
EVE,Branthwaite,D,4.5,2.98,3.0,2.94,1.63,3.37,2.86,1.78,2.9,3.7,25.16,242875,4.5
EVE,Garner,M,4.5,2.94,2.81,2.85,2.35,2.99,2.78,2.35,2.92,3.1,25.09,255546,4.5
AVL,Malen,M,6.5,3.42,3.21,2.5,3.28,2.63,3.42,2.47,2.22,1.85,25.0,4054663,6.5
CRY,Mitchell,D,5.0,3.25,2.39,4.15,2.79,2.01,2.88,2.75,1.82,2.94,24.99,174861,5.0
FUL,Andersen,D,4.5,3.21,2.05,3.68,3.13,2.45,2.4,2.37,2.14,3.53,24.96,187804,4.5
EVE,Mykolenko,D,4.5,2.95,2.97,2.91,1.61,3.28,2.82,1.77,2.83,3.64,24.78,274827,4.5
BUR,Cullen,M,4.5,3.31,2.79,2.67,2.84,2.51,2.61,2.88,2.69,2.46,24.75,3584337,4.5
TOT,Tel,M,6.0,2.43,3.03,2.89,2.62,3.21,2.92,2.81,2.61,2.21,24.72,4072115,6.0
NFO,Anderson,M,5.5,2.68,3.05,2.32,3.0,3.35,2.46,2.54,2.51,2.79,24.7,200376,5.5
AVL,Kamara,M,4.5,2.74,2.8,2.68,3.03,2.81,3.08,2.67,2.51,2.33,24.65,1697059,4.5
NEW,Livramento,D,5.0,2.14,3.04,3.37,2.36,2.32,3.2,2.37,3.04,2.78,24.62,237976,5.0
MUN,Dorgu,D,4.5,2.66,4.17,1.7,2.41,2.47,4.18,1.51,2.76,2.68,24.53,4072114,4.5
AVL,McGinn,M,5.5,2.67,2.66,2.63,3.19,2.73,3.36,2.61,2.43,2.15,24.43,131333,5.5
NFO,Ndoye,M,6.5,2.5,3.04,2.14,3.02,3.59,2.46,2.48,2.44,2.76,24.42,4332525,6.5
SUN,Adingra,M,5.5,3.12,2.96,2.58,2.74,2.56,2.52,2.86,2.33,2.73,24.41,1727418,5.5
NFO,Aina,D,5.0,2.29,3.24,1.77,3.58,4.04,1.99,2.34,2.23,2.92,24.4,3628750,5.0
BRE,Collins,D,5.0,3.0,3.87,2.48,2.66,3.08,2.2,2.82,1.96,2.32,24.39,234803,5.0
WOL,Toti,D,4.5,2.03,3.25,1.76,3.26,2.03,2.5,3.35,3.8,2.32,24.31,280711,4.5
BHA,Van Hecke,D,4.5,3.16,2.21,2.36,2.95,1.95,2.96,2.61,2.54,3.56,24.3,2209114,4.5
BRE,Lewis-Potter,D,5.0,3.04,3.9,2.59,2.63,3.03,2.14,2.72,2.02,2.21,24.28,1814996,5.0
BHA,De Cuyper,D,4.5,3.06,2.3,2.42,3.03,1.98,2.88,2.56,2.49,3.48,24.22,4297977,4.5
EVE,Barry,F,6.0,2.82,2.53,2.75,2.14,3.03,2.65,2.08,2.95,3.14,24.08,4307736,6.0
LEE,Bogle,D,4.5,1.65,2.48,2.55,2.85,2.71,2.81,3.57,3.23,2.14,24.0,4293425,4.5
BRE,Van den Berg,D,4.5,2.92,3.8,2.43,2.62,3.02,2.16,2.81,1.93,2.27,23.95,3879483,4.5
AVL,Pau,D,5.0,2.38,2.67,2.81,3.43,2.91,3.82,2.21,2.03,1.46,23.72,3627877,5.0
BRE,Henderson,M,4.5,3.03,3.27,2.55,2.5,2.75,2.45,2.53,2.23,2.4,23.7,4307740,4.5
FUL,Lukić,M,4.5,2.86,2.44,3.0,2.85,2.48,2.5,2.33,2.43,2.79,23.67,2930172,4.5
FUL,Bassey,D,4.5,3.05,1.94,3.48,2.97,2.32,2.27,2.26,2.03,3.29,23.62,3629982,4.5
MUN,De Ligt,D,4.5,2.58,4.02,1.63,2.32,2.32,3.83,1.41,2.6,2.57,23.27,3922519,4.5
EVE,Gana,M,4.5,2.68,2.63,2.57,2.3,2.75,2.54,2.27,2.7,2.8,23.25,2268238,4.5
TOT,Romero,D,5.0,1.52,2.73,2.74,2.19,3.31,2.92,2.7,2.81,2.24,23.16,241952,5.0
LEE,Longstaff,M,4.5,2.21,2.55,2.46,2.64,2.57,2.72,2.82,2.77,2.36,23.11,95817,4.5
MUN,Dalot,D,5.0,2.43,3.9,1.62,2.28,2.36,3.85,1.43,2.6,2.5,22.96,242908,5.0
SUN,Diarra,M,5.0,2.85,2.77,2.44,2.56,2.42,2.4,2.71,2.11,2.61,22.87,4293456,5.0
CRY,Wharton,M,4.5,2.66,2.42,3.11,2.58,2.31,2.44,2.56,2.07,2.69,22.83,3763100,4.5
WHU,Wan-Bissaka,D,5.0,2.3,2.66,2.72,2.68,2.81,1.65,2.77,2.85,2.37,22.82,32948,5.0
CHE,Fofana,D,5.0,1.7,2.71,2.41,2.45,2.77,2.01,2.7,3.75,2.32,22.81,186823,5.0
BOU,Cook,M,5.0,0.0,2.94,2.99,2.81,2.91,2.96,2.69,2.93,2.51,22.74,230747,5.0
EVE,McNeil,M,6.0,2.63,2.07,2.26,2.1,2.76,2.67,2.16,2.93,3.15,22.74,96761,6.0
BOU,Christie,M,5.0,3.1,2.53,2.6,2.5,2.56,2.53,2.25,2.55,2.01,22.63,258290,5.0
BUR,Flemming,F,6.0,3.93,2.53,2.24,2.66,2.04,2.2,2.86,2.41,1.75,22.61,4293411,6.0
TOT,Bentancur,M,4.5,2.26,2.57,2.58,2.37,2.7,2.57,2.5,2.45,2.29,22.31,291492,4.5
WOL,André,M,4.5,2.34,2.55,2.24,2.64,2.36,2.42,2.62,2.71,2.29,22.18,3947663,4.5
BRE,Carvalho,M,5.0,2.86,3.47,2.46,2.2,2.44,2.08,2.42,2.01,2.15,22.09,231167,5.0
NEW,Barnes,M,6.5,2.68,2.7,2.77,2.21,1.85,2.56,2.16,2.57,2.54,22.04,45039,6.5
WOL,Hoever,D,4.0,1.94,2.81,1.65,2.86,1.95,2.27,3.06,3.34,2.07,21.95,184652,4.0
TOT,J.Palhinha,M,4.5,1.75,2.59,2.6,2.4,2.76,2.57,2.5,2.4,2.3,21.86,4338693,4.5
FUL,Berge,M,4.5,2.63,2.28,2.72,2.63,2.31,2.29,2.14,2.18,2.62,21.81,3584353,4.5
ARS,Havertz,F,8.0,3.0,1.91,2.7,2.22,2.12,2.72,2.04,2.32,2.58,21.62,182529,8.0
LEE,Tanaka,M,4.5,2.06,2.45,2.37,2.36,2.41,2.52,2.59,2.57,2.25,21.58,4293427,4.5
EVE,Alcaraz,M,5.0,2.42,2.29,2.31,1.86,2.63,2.45,2.04,2.66,2.83,21.49,2853885,5.0
WHU,Kilman,D,4.5,2.17,2.52,2.54,2.52,2.7,1.55,2.58,2.68,2.21,21.46,106466,4.5
WOL,Doherty,D,4.5,1.81,2.82,1.57,2.83,1.86,2.21,2.96,3.33,2.02,21.41,3628568,4.5
WHU,N.Aguerd,D,4.5,2.14,2.46,2.54,2.5,2.65,1.53,2.6,2.65,2.21,21.28,1695166,4.5
BHA,Dunk,D,4.5,2.68,2.02,2.12,2.66,1.71,2.54,2.21,2.22,2.98,21.13,45008,4.5
BRE,Henry,D,4.5,2.68,3.37,2.18,2.31,2.66,1.9,2.38,1.65,1.98,21.11,192195,4.5
FUL,Tete,D,4.5,2.8,1.79,3.13,2.62,2.08,2.03,1.94,1.79,2.89,21.08,231155,4.5
WHU,Diouf,D,4.5,2.33,2.53,2.65,2.4,2.47,1.47,2.55,2.49,2.17,21.06,4307742,4.5
BOU,Mepham,D,4.5,2.97,2.02,2.45,2.2,2.53,2.67,1.98,2.75,1.41,20.98,230738,4.5
SUN,E.Le Fée,M,4.5,2.6,2.46,2.22,2.3,2.21,2.18,2.49,2.03,2.4,20.9,4293457,4.5
LEE,Gudmundsson,D,4.5,1.48,2.17,2.2,2.45,2.35,2.42,3.12,2.77,1.89,20.84,4297978,4.5
LEE,Gnonto,M,5.5,1.81,2.26,2.23,2.36,2.32,2.57,2.58,2.45,2.07,20.65,4293433,5.5
BOU,Smith,D,4.5,2.93,1.99,2.4,2.16,2.5,2.59,1.92,2.69,1.4,20.59,230742,4.5
TOT,Van de Ven,D,5.0,1.3,2.41,2.41,1.9,2.96,2.59,2.39,2.55,1.96,20.48,3638005,5.0
LEE,Rodon,D,4.5,1.44,2.08,2.15,2.42,2.27,2.29,3.18,2.77,1.81,20.43,4293423,4.5
EVE,Beto,F,6.5,2.21,2.41,2.31,1.61,2.48,2.3,1.72,2.49,2.77,20.3,3650885,6.5
BUR,Edwards,M,5.0,3.15,2.28,2.06,2.44,1.85,2.05,2.48,2.16,1.79,20.26,4293409,5.0
TOT,Bergvall,M,4.5,2.04,2.29,2.35,2.16,2.48,2.29,2.25,2.26,2.04,20.17,3879490,4.5
FUL,Robinson,D,5.0,0.0,0.43,3.64,3.11,2.44,2.4,2.41,2.16,3.52,20.11,231153,5.0
ARS,Martinelli,M,7.5,3.02,1.67,2.45,1.92,1.9,2.53,1.9,2.13,2.48,20.0,140008,7.5
ARS,Trossard,M,7.5,2.41,1.79,2.51,2.07,1.92,2.52,1.96,2.29,2.47,19.93,132424,7.5
TOT,Johnson,M,7.0,1.52,2.26,2.16,2.14,2.65,2.47,2.49,2.09,1.97,19.76,230991,7.0
ARS,White,D,6.0,3.42,1.52,2.37,1.65,1.66,2.44,1.9,2.12,2.63,19.71,176641,6.0
LEE,Bijol,D,4.5,1.36,2.03,2.09,2.32,2.2,2.25,2.99,2.66,1.71,19.61,4293420,4.5
MCI,Gündoğan,M,6.0,2.93,2.23,2.34,1.32,2.68,1.94,2.18,1.85,2.14,19.61,3936624,6.0
CHE,Estêvão,M,6.0,1.85,2.06,1.95,1.96,2.34,1.73,2.09,3.11,2.08,19.16,4293364,6.0
CHE,Chalobah,D,5.0,2.86,2.91,2.15,1.73,1.84,1.3,1.75,2.74,1.65,18.93,242981,5.0
MCI,Cherki,M,7.0,2.6,1.9,2.28,1.14,2.75,2.03,2.23,1.8,2.19,18.93,4293359,7.0
MUN,Yoro,D,4.5,2.15,3.4,1.28,1.84,1.83,3.13,1.04,2.06,2.04,18.77,3893844,4.5
WHU,Todibo,D,4.5,1.85,2.17,2.19,2.2,2.39,1.35,2.26,2.37,1.94,18.73,3920508,4.5
TOT,P.M.Sarr,M,5.0,1.83,2.22,2.18,1.92,2.35,2.17,2.15,1.98,1.47,18.28,1783664,5.0
FUL,Andreas,M,5.5,1.97,1.52,2.31,2.21,2.08,2.07,1.64,1.76,2.66,18.21,242909,5.5
SUN,Hume,D,4.5,2.93,2.12,1.46,1.95,1.9,1.65,2.5,1.09,2.55,18.14,4293451,4.5
BRE,Yarmoliuk,M,4.5,2.29,2.49,1.96,1.94,2.06,1.78,2.05,1.76,1.79,18.13,2624511,4.5
MCI,Matheus N.,D,6.0,2.25,1.79,2.21,1.24,2.7,1.85,2.19,1.74,2.04,18.02,2139824,6.0
MCI,Doku,M,7.5,2.35,1.84,2.12,1.2,2.54,1.93,2.1,1.82,2.02,17.91,3647914,7.5
AVL,J.Ramsey,M,5.5,1.84,2.09,1.78,2.44,2.05,2.49,2.2,1.64,1.29,17.82,186002,5.5
SUN,Talbi,M,5.0,2.34,2.22,1.79,2.0,1.86,1.8,2.08,1.55,1.94,17.58,4307735,5.0
TOT,Udogie,D,5.0,1.16,2.06,2.08,1.68,2.57,2.22,2.14,1.95,1.66,17.54,3556529,5.0
CHE,Tosin,D,5.0,2.76,2.82,1.65,1.56,1.79,1.17,1.64,2.45,1.5,17.35,231147,5.0
BUR,Ugochukwu,M,4.5,2.44,1.94,1.82,2.03,1.67,1.77,2.06,1.86,1.72,17.32,3631216,4.5
ARS,Madueke,M,6.5,2.21,0.99,2.1,1.58,1.59,2.41,1.88,2.17,2.34,17.26,2882403,6.5
BUR,Walker,D,4.5,3.32,1.7,1.22,2.39,0.98,1.54,2.57,2.01,1.49,17.21,23260,4.5
BUR,Hannibal,M,4.5,2.68,1.93,1.77,2.04,1.55,1.72,2.1,1.85,1.55,17.2,3663310,4.5
LEE,Ampadu,D,4.5,1.19,1.74,1.83,2.06,1.93,1.98,2.65,2.32,1.49,17.19,4293421,4.5
FUL,Smith Rowe,M,6.0,2.62,1.96,2.15,2.12,1.69,1.67,1.44,1.44,2.05,17.13,197966,6.0
CHE,Gittens,M,6.0,1.94,2.01,1.81,1.63,1.99,1.43,1.75,2.7,1.85,17.12,4297975,6.0
SUN,Mayenda,F,6.0,2.72,2.29,1.4,1.73,1.61,1.34,1.84,2.21,1.83,16.96,4293468,6.0
TOT,Richarlison,F,7.0,1.36,1.95,1.97,1.61,2.29,2.04,2.1,1.82,1.81,16.94,45474,7.0
SUN,Ballard,D,4.0,2.81,1.95,1.33,1.78,1.75,1.5,2.3,0.96,2.43,16.8,4293444,4.0
SUN,Sadiki,M,4.5,2.04,2.03,1.64,1.91,1.76,1.81,1.99,1.56,2.05,16.8,4297974,4.5
BRE,Hickey,D,4.0,1.25,2.1,1.81,1.97,2.4,1.68,2.28,1.57,1.73,16.79,1803646,4.0
AVL,Maatsen,D,5.0,1.67,1.94,1.88,2.48,2.19,2.69,1.58,1.4,0.89,16.71,3629422,5.0
WOL,Mosquera,D,4.0,0.95,1.83,1.21,2.4,1.51,1.52,2.45,2.88,1.81,16.57,3737495,4.0
WOL,S.Bueno,D,4.5,1.08,2.13,1.21,2.18,1.12,1.84,2.45,2.87,1.66,16.53,3651663,4.5
BUR,Estève,D,4.0,3.18,1.61,1.1,2.36,0.88,1.46,2.53,1.96,1.44,16.51,3763423,4.0
TOT,Spence,D,4.5,1.03,1.99,1.64,1.58,2.08,2.07,2.03,2.1,1.75,16.28,230938,4.5
NFO,Sangaré,M,4.5,1.93,2.34,1.73,2.35,2.61,1.39,1.28,1.12,1.48,16.23,3652441,4.5
CRY,Kamada,M,5.0,1.27,1.28,2.83,1.89,1.57,1.84,1.96,1.39,2.07,16.08,3879498,5.0
MCI,Savinho,M,7.5,2.09,1.5,1.94,0.86,2.46,1.78,1.95,1.54,1.89,16.02,3894951,7.5
NFO,Yates,M,4.5,1.86,2.38,1.57,2.43,2.66,1.29,1.15,1.16,1.49,16.0,230985,4.5
AVL,Digne,D,5.0,1.87,1.79,1.88,2.5,1.8,2.74,1.45,1.19,0.73,15.96,91483,5.0
NEW,J.Murphy,M,6.5,1.5,1.91,2.1,1.55,1.3,1.96,1.61,1.98,1.85,15.74,185623,6.5
BUR,Hartman,D,4.5,3.16,1.63,1.16,2.16,0.9,1.39,2.3,1.79,1.26,15.74,4293399,4.5
BOU,O.Dango,M,6.0,2.05,1.73,1.9,1.76,2.02,1.91,1.48,1.91,0.94,15.69,2882402,6.0
TOT,Odobert,M,5.5,1.24,1.88,1.8,1.47,2.12,1.85,1.91,1.71,1.44,15.41,3638871,5.5
NFO,Igor Jesus,F,6.0,1.48,2.06,1.09,2.06,2.53,1.4,1.53,1.46,1.77,15.4,4297976,6.0
MCI,Lewis,D,5.5,1.95,1.42,1.86,0.82,2.51,1.59,1.92,1.41,1.79,15.27,2087563,5.5
CRY,Lerma,M,4.5,1.86,1.52,2.21,1.69,1.37,1.64,1.74,1.19,1.91,15.13,230744,4.5
LIV,Chiesa,M,5.5,1.24,1.07,2.33,2.07,1.52,1.12,2.03,1.79,1.96,15.12,3946281,5.5
BOU,Adams,M,4.5,3.06,1.44,1.57,1.49,1.62,1.66,1.47,1.63,1.1,15.05,1783669,4.5
WOL,Fer López,M,5.0,1.14,1.71,1.22,1.97,1.46,1.67,2.07,2.25,1.39,14.88,4293394,5.0
MCI,Akanji,D,5.5,1.73,1.35,1.82,0.91,2.43,1.52,1.96,1.42,1.7,14.86,2258875,5.5
BRE,Kayode,D,4.5,2.34,2.87,1.64,1.5,1.7,1.17,1.45,0.91,1.16,14.73,4068254,4.5
LIV,C.Jones,M,5.5,1.25,1.23,2.01,1.86,1.51,1.3,1.9,1.76,1.86,14.69,154682,5.5
FUL,Adama,M,5.5,1.76,1.23,1.94,1.89,1.51,1.49,1.27,1.48,2.08,14.65,3639047,5.5
ARS,Merino,M,6.5,2.0,0.88,1.84,1.3,1.3,1.96,1.47,1.71,2.01,14.46,3943790,6.5
CHE,Gusto,D,5.0,1.53,1.69,1.45,1.39,1.66,1.16,1.55,2.56,1.42,14.41,3556528,5.0
FUL,Sessegnon,M,5.0,2.86,2.13,1.74,1.58,1.19,1.17,1.0,1.08,1.66,14.4,3905453,5.0
WHU,Summerville,M,5.0,0.0,0.0,1.08,1.9,2.23,1.67,2.55,2.42,2.36,14.21,3912182,5.0
LIV,Elliott,M,5.5,1.14,1.04,2.09,1.89,1.46,1.12,1.89,1.74,1.85,14.21,241953,5.5
WOL,Bellegarde,M,5.5,1.12,1.48,1.17,1.85,1.48,1.6,2.02,2.16,1.32,14.2,3652440,5.5
LIV,Robertson,D,5.5,1.15,1.11,2.16,1.93,1.41,1.06,1.86,1.59,1.81,14.07,45120,5.5
BHA,Ayari,M,4.5,1.55,1.44,1.39,1.88,1.22,1.57,1.53,1.47,1.9,13.96,2930169,4.5
MUN,Maguire,D,4.5,2.07,3.28,1.28,1.17,1.13,2.13,0.4,1.27,1.21,13.94,23076,4.5
WHU,Wilson,F,5.5,1.4,1.5,1.94,1.67,1.44,0.89,1.86,1.62,1.52,13.85,4338690,5.5
ARS,Calafiori,D,5.5,2.1,0.56,1.76,1.2,1.15,1.92,1.46,1.62,1.99,13.76,3907046,5.5
SUN,Reinildo,D,4.0,2.34,1.56,1.05,1.43,1.43,1.2,1.91,0.73,2.06,13.7,4297979,4.0
AVL,Onana,M,4.5,1.32,1.48,1.33,1.91,1.56,2.04,1.51,1.34,1.07,13.57,2018116,4.5
LEE,Nmecha,F,5.0,0.76,1.3,1.34,1.54,1.53,1.73,1.89,1.86,1.32,13.27,4293418,5.0
CHE,Hato,D,5.0,1.36,1.61,1.37,1.3,1.56,1.03,1.42,2.3,1.29,13.25,4338692,5.0
WHU,Walker-Peters,D,4.5,1.25,2.0,1.74,1.54,1.52,0.71,1.51,1.59,1.36,13.22,46637,4.5
CHE,Delap,F,7.0,1.46,1.62,1.36,1.22,1.53,0.91,1.35,2.44,1.34,13.22,3893803,7.0
LIV,Bradley,D,5.0,1.0,1.02,1.99,1.86,1.29,1.0,1.77,1.48,1.65,13.06,3744084,5.0
MCI,Aké,D,5.0,1.59,1.15,1.59,0.64,2.15,1.36,1.75,1.26,1.54,13.03,23346,5.0
MUN,Martinez,D,4.5,0.0,0.0,0.0,0.81,2.07,3.78,1.34,2.55,2.47,13.03,1818085,4.5
BUR,Broja,F,5.0,1.69,1.24,1.32,1.65,1.15,1.36,1.69,1.48,1.45,13.02,242869,5.0
BHA,Hinshelwood,M,5.5,1.34,1.22,1.28,1.79,1.04,1.59,1.47,1.39,1.87,12.99,3674479,5.5
BHA,Wieffer,M,4.5,1.63,1.2,1.18,1.66,1.15,1.48,1.48,1.37,1.73,12.87,3893796,4.5
MUN,Mainoo,M,4.5,1.39,1.93,1.09,1.27,1.42,1.97,0.96,1.46,1.33,12.82,3715024,4.5
BOU,H.Traorè,M,5.5,2.03,1.24,1.5,1.38,1.54,1.49,1.12,1.69,0.69,12.67,2930176,5.5
NEW,Trippier,D,5.0,0.83,1.55,1.87,1.13,0.94,1.75,1.22,1.73,1.59,12.6,278659,5.0
BHA,O'Riley,M,4.5,1.42,1.08,1.21,1.75,1.01,1.49,1.44,1.28,1.84,12.53,3940833,4.5
MUN,Casemiro,M,4.5,1.18,2.0,0.89,1.24,1.31,2.19,0.83,1.52,1.33,12.49,2170280,4.5
MCI,N.Gonzalez,M,5.0,2.45,1.43,1.46,0.09,2.09,1.12,1.53,0.96,1.36,12.48,4070128,5.0
ARS,Nørgaard,M,5.0,1.94,0.41,1.68,1.03,0.94,1.79,1.24,1.52,1.85,12.38,192201,5.0
ARS,Kiwior,D,5.5,2.08,0.2,1.83,0.95,0.84,1.83,1.18,1.48,1.89,12.29,2893237,5.5
LIV,Gomez,D,5.0,0.88,0.98,1.85,1.7,1.26,0.94,1.6,1.35,1.56,12.12,23120,5.0
BRE,Milambo,M,5.5,1.01,1.63,1.02,1.22,1.63,1.29,1.65,1.23,1.43,12.11,4293392,5.5
ARS,Mosquera,D,5.5,2.12,0.11,1.86,0.9,0.78,1.72,1.13,1.43,1.91,11.96,4323283,5.5
MCI,Stones,D,5.5,1.6,0.99,1.52,0.34,2.08,1.2,1.63,1.13,1.47,11.95,23044,5.5
AVL,Mings,D,5.0,1.0,1.24,1.29,1.9,1.54,2.11,1.16,0.97,0.57,11.78,131314,5.0
MCI,Khusanov,D,5.0,1.46,1.0,1.46,0.49,1.96,1.2,1.66,1.08,1.4,11.7,4058397,5.0
LEE,Aaronson,M,5.5,0.58,1.16,1.07,1.33,1.4,1.53,1.66,1.72,1.2,11.66,4293431,5.5
BOU,Hill,D,4.0,1.57,0.98,1.25,1.1,1.51,1.57,1.08,1.64,0.66,11.36,280848,4.0
NEW,Botman,D,5.0,0.65,1.36,1.66,1.07,0.89,1.6,1.02,1.57,1.41,11.23,1727421,5.0
MUN,Ugarte,M,4.5,1.3,1.72,0.8,1.15,1.13,1.78,0.84,1.28,1.18,11.19,3947650,4.5
FUL,Castagne,D,4.5,1.55,0.83,1.65,1.44,1.04,1.03,0.9,0.86,1.75,11.06,182119,4.5
CRY,Hughes,M,4.5,1.58,1.17,1.76,1.21,0.91,1.13,1.21,0.61,1.31,10.9,45036,4.5
NEW,Osula,F,5.0,1.41,1.53,1.79,0.72,0.3,1.61,0.8,1.47,1.26,10.88,3584389,5.0
NEW,Willock,M,4.5,0.0,0.0,1.57,1.2,1.11,1.81,1.49,1.8,1.72,10.7,84632,4.5
BHA,Gomez,M,4.5,1.13,0.9,1.03,1.43,0.84,1.31,1.19,1.08,1.59,10.51,4050503,4.5
MUN,Mazraoui,D,4.5,1.09,2.1,0.67,0.99,0.92,2.0,0.42,1.2,1.08,10.47,3922520,4.5
SUN,O'Nien,D,4.0,0.0,0.0,0.16,1.65,1.69,1.42,2.25,0.89,2.37,10.42,4293446,4.0
BRE,Jensen,M,4.5,1.47,1.84,0.98,0.96,1.27,0.77,1.2,0.72,0.93,10.15,192210,4.5
BOU,Sinisterra,M,5.0,1.67,0.86,1.25,1.01,1.27,1.39,0.78,1.51,0.14,9.87,1783667,5.0
BHA,Gruda,M,5.0,1.2,0.8,0.9,1.47,0.56,1.2,1.12,0.9,1.68,9.82,3923371,5.0
WOL,R.Gomes,M,4.5,0.68,1.13,0.52,1.38,0.86,1.08,1.55,1.71,0.86,9.78,3879504,4.5
LEE,Harrison,M,5.0,0.26,0.93,0.88,1.09,1.17,1.3,1.6,1.56,0.97,9.76,4293435,5.0
CRY,Esse,M,5.0,1.43,0.95,2.12,1.17,0.53,1.08,1.18,-0.04,1.26,9.69,4057906,5.0
BHA,Boscagli,D,4.5,1.09,0.72,0.81,1.32,0.61,1.22,1.09,1.03,1.77,9.67,4293378,4.5
MCI,Kovačić,M,6.0,0.0,0.0,1.66,0.48,1.99,1.29,1.57,1.12,1.46,9.56,92389,6.0
BOU,J.Araujo,D,4.5,1.39,0.82,1.09,0.97,1.27,1.31,0.83,1.35,0.4,9.43,3922518,4.5
BHA,Veltman,D,4.5,1.13,0.73,0.87,1.28,0.55,1.29,1.01,0.93,1.61,9.4,177020,4.5
CRY,Sosa,D,4.5,1.41,0.73,2.15,1.01,0.46,1.01,1.1,0.01,1.3,9.21,4307737,4.5
LEE,Ramazani,M,5.0,0.25,0.87,0.83,1.08,1.14,1.37,1.49,1.38,0.79,9.2,4293432,5.0
MUN,Mount,M,5.5,0.73,1.92,0.12,0.81,0.99,2.13,0.31,1.19,0.97,9.18,139802,5.5
NEW,L.Miley,M,4.5,0.74,1.33,1.46,0.74,0.42,1.29,0.73,1.21,1.06,8.97,3709125,4.5
BHA,F.Kadıoğlu,D,4.5,1.05,0.64,0.73,1.24,0.49,1.11,1.07,0.92,1.61,8.86,3943791,4.5
NFO,Awoniyi,F,5.5,0.55,1.36,0.13,1.43,2.02,0.63,0.77,0.76,1.14,8.79,1727417,5.5
NFO,Jota,M,5.0,0.63,1.36,0.3,1.42,1.96,0.6,0.64,0.58,1.07,8.56,3924957,5.0
BOU,Scott,M,4.5,1.51,0.7,0.99,0.82,1.09,1.12,0.74,1.18,0.41,8.55,3638526,4.5
BOU,Brooks,M,5.0,1.49,0.74,1.03,0.88,1.09,1.23,0.58,1.32,0.08,8.43,230752,5.0
BHA,March,M,5.5,0.0,0.0,0.79,1.56,0.65,1.28,1.24,1.09,1.79,8.41,45018,5.5
BHA,Coppola,D,4.5,1.02,0.6,0.65,1.14,0.45,1.1,0.92,0.89,1.52,8.3,4293377,4.5
EVE,Patterson,D,4.5,0.82,0.9,1.01,0.21,1.33,1.01,0.34,1.15,1.51,8.29,274923,4.5
MUN,Højlund,F,6.0,0.71,1.91,0.03,0.64,0.83,2.12,-0.08,1.03,0.87,8.06,3634387,6.0
MUN,Shaw,D,5.0,0.97,1.86,0.27,0.81,0.66,1.78,-0.06,0.86,0.74,7.89,23188,5.0
CRY,Clyne,D,4.0,1.11,0.56,1.75,0.87,0.39,0.96,0.96,0.21,1.06,7.87,189201,4.0
ARS,Nwaneri,M,6.0,0.0,0.0,2.1,1.15,0.0,2.25,0.0,0.0,2.36,7.86,3963752,6.0
CHE,Lavia,M,4.5,0.0,1.15,0.79,0.77,1.07,0.4,0.87,1.77,0.82,7.63,1783661,4.5
CRY,Devenny,M,4.5,1.24,0.64,1.92,0.91,0.31,0.78,0.96,-0.36,1.12,7.52,4015014,4.5
WHU,G.Rodriguez,M,4.5,0.72,0.81,1.02,0.86,0.83,0.38,1.0,0.94,0.81,7.38,3914568,4.5
BHA,Tzimas,F,5.0,0.0,0.0,0.0,1.54,0.29,1.43,1.24,1.03,1.85,7.38,4293380,5.0
BUR,Bruun Larsen,M,5.0,1.72,0.64,0.51,1.0,0.34,0.55,1.19,0.91,0.52,7.37,4307739,5.0
FUL,King,M,4.5,0.9,0.29,1.2,1.01,0.62,0.7,0.53,0.64,1.27,7.17,4034328,4.5
NFO,Morato,D,4.0,0.34,1.13,0.1,1.37,1.69,0.37,0.61,0.5,1.04,7.15,3947674,4.0
BUR,Ekdal,D,4.0,2.87,1.38,0.76,1.01,-0.04,0.18,0.76,0.32,-0.18,7.07,3584351,4.0
AVL,Bailey,M,6.0,0.0,0.0,0.75,1.92,1.17,2.08,0.76,0.42,-0.19,6.91,240547,6.0
TOT,Danso,D,4.5,-0.15,0.94,0.97,0.6,1.36,0.98,0.83,0.73,0.52,6.76,4069391,4.5
CRY,M.França,M,5.0,0.0,0.0,0.0,1.23,0.86,1.25,1.42,0.41,1.54,6.71,3634426,5.0
NEW,Ramsdale,G,5.0,0.0,0.0,1.56,0.51,0.26,1.34,0.63,1.24,0.97,6.52,140080,5.0
CHE,B.Badiashile,D,5.0,0.0,0.0,0.0,0.8,1.22,0.33,1.0,2.14,0.88,6.37,2840078,5.0
LIV,Mamardashvili,G,5.5,0.0,0.0,0.0,0.0,1.13,0.64,1.7,1.28,1.6,6.36,4293350,5.5
SUN,Marc Guiu,F,5.0,0.48,0.84,0.58,0.82,0.68,0.74,1.2,0.0,0.95,6.29,3879488,5.0
WOL,Hee Chan,M,5.5,0.0,0.77,-0.19,1.09,0.41,0.64,1.38,1.61,0.37,6.08,257178,5.5
ARS,G.Jesus,F,6.5,0.0,0.0,0.0,0.0,0.0,0.0,1.63,1.97,2.39,6.0,32986,6.5
NFO,Dominguez,M,4.5,0.0,0.0,0.0,0.0,0.0,0.24,1.81,1.81,2.07,5.93,3652110,4.5
SUN,Roberts,M,5.5,1.0,0.79,0.34,0.57,0.57,0.51,0.91,0.36,0.79,5.85,4293466,5.5
BUR,Laurent,M,4.5,1.21,0.45,0.22,0.79,0.31,0.45,1.06,0.79,0.51,5.78,4293406,4.5
SUN,Isidor,F,5.5,1.14,0.72,0.27,0.5,0.38,0.34,0.86,0.76,0.76,5.74,4293469,5.5
LIV,Endo,M,4.5,0.0,0.0,0.0,0.0,0.0,0.62,1.87,1.36,1.69,5.53,3643150,4.5
FUL,Diop,D,4.0,0.73,-0.23,1.23,0.92,0.41,0.43,0.35,0.43,1.26,5.52,88449,4.0
BRE,Pinnock,D,4.5,0.67,1.51,0.43,0.51,0.93,0.28,0.72,0.06,0.42,5.52,192197,4.5
AVL,Barkley,M,4.5,0.0,0.0,0.0,1.87,1.08,2.17,0.48,0.23,-0.34,5.49,3638248,4.5
BUR,Jordan,D,4.0,0.0,-0.56,-0.37,0.77,0.14,0.64,2.0,1.61,1.25,5.47,3584356,4.0
WHU,Mavropanos,D,4.5,0.14,0.53,0.76,0.68,0.7,-0.0,1.0,0.83,0.6,5.24,3646579,4.5
LEE,Struijk,D,4.5,-0.55,0.27,0.37,0.68,0.74,0.85,1.24,1.02,0.48,5.09,4293422,4.5
WHU,Álvarez,M,4.5,0.22,0.53,0.73,0.67,0.58,-0.03,0.83,0.73,0.6,4.88,3638504,4.5
WHU,L.Guilherme,M,5.0,0.5,0.79,0.87,0.55,0.44,-0.21,0.77,0.69,0.46,4.85,3879499,5.0
BRE,Janelt,M,4.5,0.0,0.0,0.66,0.7,0.99,0.56,0.83,0.5,0.55,4.78,192211,4.5
AVL,Bogarde,D,4.0,0.0,0.0,0.47,1.48,0.86,1.82,0.32,0.04,-0.62,4.38,3948113,4.0
TOT,Gray,M,4.5,-0.46,0.59,0.53,0.21,1.03,0.78,0.77,0.59,0.34,4.38,3879523,4.5
CRY,Nketiah,F,5.5,0.0,0.0,0.0,0.0,0.0,0.0,1.17,0.95,2.22,4.34,76982,5.5
BRE,Ajer,D,4.5,0.64,1.46,0.14,0.27,0.8,0.02,0.59,-0.1,0.28,4.1,234799,4.5
EVE,Aznou,D,4.0,0.36,0.46,0.5,-0.56,0.93,0.58,-0.22,0.81,1.2,4.08,4330835,4.0
LEE,Bornauw,D,4.5,-0.69,0.29,0.25,0.52,0.53,0.67,1.14,0.98,0.3,4.0,4293419,4.5
TOT,Bissouma,M,4.5,-0.54,0.58,0.52,0.13,1.06,0.72,0.7,0.49,0.27,3.94,90433,4.5
NEW,Krafth,D,4.5,0.0,0.0,0.0,0.0,0.0,1.37,0.41,1.19,0.9,3.87,139838,4.5
BUR,A.Ramsey,M,4.5,0.89,-0.39,-0.17,0.59,0.39,0.48,0.94,0.71,0.38,3.82,3646973,4.5
BHA,Igor,D,4.5,0.0,-0.11,0.1,0.86,-0.22,0.66,0.47,0.38,1.23,3.38,3629364,4.5
MUN,Zirkzee,F,5.5,0.0,0.0,-0.61,0.35,0.0,2.2,-0.39,0.89,0.66,3.09,3893805,5.5
BUR,Koleosho,M,5.0,1.13,-0.0,-0.09,0.53,-0.13,0.25,0.73,0.38,-0.01,2.78,3638774,5.0
BOU,Enes Ünal,F,5.5,0.0,0.0,0.0,0.0,0.0,0.0,0.81,1.54,0.25,2.6,3763425,5.5
BUR,Tuanzebe,D,4.0,0.9,-0.09,-0.11,0.65,-0.06,0.18,0.77,0.37,-0.07,2.53,3879559,4.0
NFO,Jair Cunha,D,4.5,0.0,0.0,-0.9,1.11,1.79,-0.27,0.1,-0.08,0.63,2.39,4307738,4.5
BHA,Lamptey,D,4.5,0.0,0.0,0.0,0.0,0.0,0.72,0.0,0.0,1.5,2.22,156990,4.5
SUN,Neil,M,5.0,0.45,0.21,-0.14,0.24,0.15,-0.0,0.59,0.04,0.49,2.02,4293458,5.0
EVE,Iroegbunam,M,4.5,0.0,0.0,0.0,0.0,0.76,0.33,-0.79,0.49,1.1,1.9,495578,4.5
CRY,Benitez,G,4.5,0.0,0.0,0.0,0.0,0.0,0.54,0.77,-0.44,1.0,1.86,4293386,4.5
LIV,Tsimikas,D,5.0,0.0,0.0,0.0,0.0,0.0,0.0,0.0,0.0,1.74,1.74,178132,5.0
TOT,Dragusin,D,4.5,0.0,0.0,0.0,0.0,0.0,0.0,0.71,0.58,0.32,1.61,3745030,4.5
LEE,Gruev,M,4.5,-1.1,-0.12,-0.13,0.22,0.37,0.6,0.85,0.76,0.07,1.51,4293428,4.5
TOT,Kulusevski,M,6.5,0.0,0.0,0.0,0.0,0.0,0.0,0.0,0.0,1.29,1.29,291491,6.5
MUN,Heaven,D,4.0,0.0,1.71,-0.48,0.05,0.0,0.0,0.0,0.0,0.0,1.29,4111078,4.0
CHE,Andrey Santos,M,4.5,0.0,0.0,0.0,0.0,0.0,0.0,0.0,0.0,0.97,0.97,2840080,4.5
CHE,D.Essugo,M,4.5,0.0,0.0,0.0,0.0,0.0,0.0,0.0,0.0,0.8,0.8,4293363,4.5
FUL,J.Cuenca,D,4.0,0.73,0.0,0.0,0.0,0.0,0.0,0.0,0.0,0.0,0.73,3912181,4.0
BRE,Roerslev,D,4.5,0.0,0.0,0.0,0.0,0.75,-0.19,0.42,-0.41,0.01,0.58,192204,4.5
WHU,Areola,G,4.5,0.0,0.0,0.0,0.0,0.11,-0.84,0.56,0.47,0.02,0.32,183126,4.5
TOT,Austin,G,4.0,0.0,0.0,0.0,0.0,0.0,0.0,0.0,0.0,0.0,0.0,1677507,4.0
BRE,Balcombe,G,4.0,0.0,0.0,0.0,0.0,0.0,0.0,0.0,0.0,0.0,0.0,4293389,4.0
SUN,Huggins,D,4.0,0.0,0.0,0.0,0.0,0.0,0.0,0.0,0.0,0.0,0.0,4293453,4.0
FUL,Godo,F,5.0,0.0,0.0,0.0,0.0,0.0,0.0,0.0,0.0,0.0,0.0,4045122,5.0
SUN,Poveda,M,4.5,0.0,0.0,0.0,0.0,0.0,0.0,0.0,0.0,0.0,0.0,4293467,4.5
MCI,Bettinelli,G,5.0,0.0,0.0,0.0,0.0,0.0,0.0,0.0,0.0,0.0,0.0,237977,5.0
WHU,Foderingham,G,4.0,0.0,0.0,0.0,0.0,0.0,0.0,0.0,0.0,0.0,0.0,3584350,4.0
NEW,Ashby,D,4.5,0.0,0.0,0.0,0.0,0.0,0.0,0.0,0.0,0.0,0.0,273787,4.5
FUL,Lecomte,G,4.0,0.0,0.0,0.0,0.0,0.0,0.0,0.0,0.0,0.0,0.0,4329251,4.0
BUR,Amdouni,F,5.5,0.0,0.0,0.0,0.0,0.0,0.0,0.0,0.0,0.0,0.0,3628161,5.5
TOT,Maddison,M,6.5,0.0,0.0,0.0,0.0,0.0,0.0,0.0,0.0,0.0,0.0,88492,6.5
LIV,Bajcetic,M,4.5,0.0,0.0,0.0,0.0,0.0,0.0,0.0,0.0,0.0,0.0,2207564,4.5
NFO,David Carmo,D,4.0,0.0,0.0,0.0,0.0,0.0,0.0,0.0,0.0,0.0,0.0,4293374,4.0
CHE,Anselmino,D,4.5,0.0,0.0,0.0,0.0,0.0,0.0,0.0,0.0,0.0,0.0,4213165,4.5
EVE,Tyrer,G,4.0,0.0,0.0,0.0,0.0,0.0,0.0,0.0,0.0,0.0,0.0,4293384,4.0
LIV,R.Williams,D,4.5,0.0,0.0,0.0,0.0,0.0,0.0,0.0,0.0,0.0,0.0,192955,4.5
BRE,Peart-Harris,M,4.5,0.0,0.0,0.0,0.0,0.0,0.0,0.0,0.0,0.0,0.0,4293390,4.5
LEE,Darlow,G,4.0,0.0,0.0,0.0,0.0,0.0,0.0,0.0,0.0,0.0,0.0,4293416,4.0
CRY,Matthews,G,4.0,0.0,0.0,0.0,0.0,0.0,0.0,0.0,0.0,0.0,0.0,3947060,4.0
LEE,Cairns,G,4.0,0.0,0.0,0.0,0.0,0.0,0.0,0.0,0.0,0.0,0.0,4293417,4.0
BUR,Green,G,4.0,0.0,0.0,0.0,0.0,0.0,0.0,0.0,0.0,0.0,0.0,4293397,4.0
EVE,Coleman,D,4.0,0.0,0.0,0.0,0.0,0.0,0.0,0.0,0.0,0.0,0.0,23059,4.0
SUN,Luís Hemir,F,5.0,0.0,0.0,0.0,0.0,0.0,0.0,0.0,0.0,0.0,0.0,4293472,5.0
CRY,J.Rak-Sakyi,M,4.5,0.0,0.0,0.0,0.0,0.0,0.0,0.0,0.0,0.0,0.0,3645684,4.5
MCI,O’Reilly,M,5.5,0.0,0.0,0.0,0.0,0.0,0.0,0.0,0.0,0.0,0.0,4057260,5.5
AVL,Iling Jr,M,4.5,0.0,0.0,0.0,0.0,0.0,0.0,0.0,0.0,0.0,0.0,3879493,4.5
CRY,Doucouré,M,4.5,0.0,0.0,0.0,0.0,0.0,0.0,0.0,0.0,0.0,0.0,1812135,4.5
MCI,Trafford,G,4.5,0.0,0.0,0.0,0.0,0.0,0.0,0.0,0.0,0.0,0.0,3628567,4.5
MCI,Nypan,M,4.5,0.0,0.0,0.0,0.0,0.0,0.0,0.0,0.0,0.0,0.0,4311577,4.5
BHA,Sima,M,5.0,0.0,0.0,0.0,0.0,0.0,0.0,0.0,0.0,0.0,0.0,3556532,5.0
WOL,H.Bueno,D,4.5,0.0,0.0,0.0,0.0,0.0,0.0,0.0,0.0,0.0,0.0,2584318,4.5
ARS,Fábio Vieira,M,5.5,0.0,0.0,0.0,0.0,0.0,0.0,0.0,0.0,0.0,0.0,1681493,5.5
MCI,Echeverri,M,5.0,0.0,0.0,0.0,0.0,0.0,0.0,0.0,0.0,0.0,0.0,4230500,5.0
BOU,Philip,M,4.5,0.0,0.0,0.0,0.0,0.0,0.0,0.0,0.0,0.0,0.0,230745,4.5
BHA,Yalcouye,M,4.5,0.0,0.0,0.0,0.0,0.0,0.0,0.0,0.0,0.0,0.0,3893802,4.5
WOL,Pedro Lima,D,4.0,0.0,0.0,0.0,0.0,0.0,0.0,0.0,0.0,0.0,0.0,3879503,4.0
LIV,Darwin,F,7.0,0.0,0.0,0.0,0.0,0.0,0.0,0.0,0.0,0.0,0.0,1677500,7.0
CHE,Jörgensen,G,5.0,0.0,0.0,0.0,0.0,0.0,0.0,0.0,0.0,0.0,0.0,3907764,5.0
BOU,Kroupi.Jr,F,5.0,0.0,0.0,0.0,0.0,0.0,0.0,0.0,0.0,0.0,0.0,4293383,5.0
BHA,Kostoulas,M,5.0,0.0,0.0,0.0,0.0,0.0,0.0,0.0,0.0,0.0,0.0,4293381,5.0
MUN,Bayindir,G,4.5,0.0,0.0,0.0,0.0,0.0,0.0,0.0,0.0,0.0,0.0,3651913,4.5
BHA,Sarmiento,M,4.5,0.0,0.0,0.0,0.0,0.0,0.0,0.0,0.0,0.0,0.0,272775,4.5
AVL,A.García,D,4.5,0.0,0.0,0.0,0.0,0.0,0.0,0.0,0.0,0.0,0.0,4060760,4.5
CRY,Chadi Riad,D,4.5,0.0,0.0,0.0,0.0,0.0,0.0,0.0,0.0,0.0,0.0,3879497,4.5
BHA,Enciso,M,5.0,0.0,0.0,0.0,0.0,0.0,0.0,0.0,0.0,0.0,0.0,1695163,5.0
EVE,Y.Chermiti,F,5.0,0.0,0.0,0.0,0.0,0.0,0.0,0.0,0.0,0.0,0.0,3638749,5.0
MCI,Phillips,M,4.5,0.0,0.0,0.0,0.0,0.0,0.0,0.0,0.0,0.0,0.0,176648,4.5
BUR,Tchaouna,M,5.0,0.0,0.0,0.0,0.0,0.0,0.0,0.0,0.0,0.0,0.0,4293410,5.0
BOU,Soler,D,4.5,0.0,0.0,0.0,0.0,0.0,0.0,0.0,0.0,0.0,0.0,4054393,4.5
TOT,Vuskovic,D,4.0,0.0,0.0,0.0,0.0,0.0,0.0,0.0,0.0,0.0,0.0,4293372,4.0
ARS,Arrizabalaga,G,5.5,0.0,0.0,0.0,0.0,0.0,0.0,0.0,0.0,0.0,0.0,92390,5.5
BUR,Barnes,F,5.0,0.0,0.0,0.0,0.0,0.0,0.0,0.0,0.0,0.0,0.0,4293414,5.0
NFO,O.Richards,D,4.0,0.0,0.0,0.0,0.0,0.0,0.0,0.0,0.0,0.0,0.0,1803644,4.0
WOL,King,G,4.0,0.0,0.0,0.0,0.0,0.0,0.0,0.0,0.0,0.0,0.0,3879502,4.0
BOU,Paulsen,G,4.0,0.0,0.0,0.0,0.0,0.0,0.0,0.0,0.0,0.0,0.0,3879501,4.0
WOL,Chirewa,M,4.5,0.0,0.0,0.0,0.0,0.0,0.0,0.0,0.0,0.0,0.0,4293393,4.5
LEE,Mateo Joseph,F,5.0,0.0,0.0,0.0,0.0,0.0,0.0,0.0,0.0,0.0,0.0,4293438,5.0
BOU,Zabarnyi,D,4.5,0.0,0.0,0.0,0.0,0.0,0.0,0.0,0.0,0.0,0.0,2930173,4.5
CHE,Colwill,D,5.0,0.0,0.0,0.0,0.0,0.0,0.0,0.0,0.0,0.0,0.0,2024700,5.0
WOL,Fábio Silva,F,6.0,0.0,0.0,0.0,0.0,0.0,0.0,0.0,0.0,0.0,0.0,182752,6.0
TOT,Kinsky,G,4.5,0.0,0.0,0.0,0.0,0.0,0.0,0.0,0.0,0.0,0.0,4050504,4.5
MCI,McAtee,M,5.5,0.0,0.0,0.0,0.0,0.0,0.0,0.0,0.0,0.0,0.0,3638859,5.5
MUN,Garnacho,M,6.5,0.0,0.0,0.0,0.0,0.0,0.0,0.0,0.0,0.0,0.0,1214404,6.5
AVL,Buendía,M,5.0,0.0,0.0,0.0,0.0,0.0,0.0,0.0,0.0,0.0,0.0,192735,5.0
BHA,Watson,M,4.5,0.0,0.0,0.0,0.0,0.0,0.0,0.0,0.0,0.0,0.0,4293379,4.5
SUN,Patterson,G,4.5,0.0,0.0,0.0,0.0,0.0,0.0,0.0,0.0,0.0,0.0,4293441,4.5
BRE,Nunes,M,5.0,0.0,0.0,0.0,0.0,0.0,0.0,0.0,0.0,0.0,0.0,3946037,5.0
MUN,D.Leon,D,4.0,0.0,0.0,0.0,0.0,0.0,0.0,0.0,0.0,0.0,0.0,4293368,4.0
WHU,Emerson,D,4.5,0.0,0.0,0.0,0.0,0.0,0.0,0.0,0.0,0.0,0.0,2193866,4.5
LIV,Doak,M,5.0,0.0,0.0,0.0,0.0,0.0,0.0,0.0,0.0,0.0,0.0,3639127,5.0
MUN,Collyer,M,4.5,0.0,0.0,0.0,0.0,0.0,0.0,0.0,0.0,0.0,0.0,3950498,4.5
TOT,Takai,D,4.0,0.0,0.0,0.0,0.0,0.0,0.0,0.0,0.0,0.0,0.0,4297981,4.0
BRE,Konak,M,4.5,0.0,0.0,0.0,0.0,0.0,0.0,0.0,0.0,0.0,0.0,3879506,4.5
LEE,Meslier,G,4.5,0.0,0.0,0.0,0.0,0.0,0.0,0.0,0.0,0.0,0.0,4293415,4.5
CHE,Acheampong,D,4.5,0.0,0.0,0.0,0.0,0.0,0.0,0.0,0.0,0.0,0.0,4049941,4.5
ARS,Sambi,M,5.0,0.0,0.0,0.0,0.0,0.0,0.0,0.0,0.0,0.0,0.0,233400,5.0
MCI,Bobb,M,5.5,0.0,0.0,0.0,0.0,0.0,0.0,0.0,0.0,0.0,0.0,3652667,5.5
TOT,Min-hyeok,M,4.5,0.0,0.0,0.0,0.0,0.0,0.0,0.0,0.0,0.0,0.0,4057087,4.5
CRY,Édouard,F,5.0,0.0,0.0,0.0,0.0,0.0,0.0,0.0,0.0,0.0,0.0,257274,5.0
BHA,Webster,D,4.5,0.0,0.0,0.0,0.0,0.0,0.0,0.0,0.0,0.0,0.0,139208,4.5
MCI,Ortega Moreno,G,5.5,0.0,0.0,0.0,0.0,0.0,0.0,0.0,0.0,0.0,0.0,1758327,5.5
CHE,Slonina,G,4.5,0.0,0.0,0.0,0.0,0.0,0.0,0.0,0.0,0.0,0.0,4293360,4.5
BUR,Weiss,G,4.0,0.0,0.0,0.0,0.0,0.0,0.0,0.0,0.0,0.0,0.0,4293396,4.0
MUN,Malacia,D,4.0,0.0,0.0,0.0,0.0,0.0,0.0,0.0,0.0,0.0,0.0,1777193,4.0
MUN,Fredricson,D,4.0,0.0,0.0,0.0,0.0,0.0,0.0,0.0,0.0,0.0,0.0,4169942,4.0
WHU,Cornet,M,4.5,0.0,0.0,0.0,0.0,0.0,0.0,0.0,0.0,0.0,0.0,256300,4.5
BRE,Onyeka,M,4.5,0.0,0.0,0.0,0.0,0.0,0.0,0.0,0.0,0.0,0.0,233401,4.5
NEW,Targett,D,4.5,0.0,0.0,0.0,0.0,0.0,0.0,0.0,0.0,0.0,0.0,92386,4.5
WOL,Johnstone,G,4.5,0.0,0.0,0.0,0.0,0.0,0.0,0.0,0.0,0.0,0.0,1758328,4.5
NFO,Stamenic,M,4.5,0.0,0.0,0.0,0.0,0.0,0.0,0.0,0.0,0.0,0.0,4293376,4.5
EVE,Armstrong,M,4.5,0.0,0.0,0.0,0.0,0.0,0.0,0.0,0.0,0.0,0.0,3937575,4.5
LEE,Gelhardt,F,5.0,0.0,0.0,0.0,0.0,0.0,0.0,0.0,0.0,0.0,0.0,4293439,5.0
ARS,Hein,G,5.0,0.0,0.0,0.0,0.0,0.0,0.0,0.0,0.0,0.0,0.0,3638866,5.0
CHE,George,M,5.0,0.0,0.0,0.0,0.0,0.0,0.0,0.0,0.0,0.0,0.0,4058256,5.0
TOT,Solomon,M,6.0,0.0,0.0,0.0,0.0,0.0,0.0,0.0,0.0,0.0,0.0,1897014,6.0
ARS,Zinchenko,D,5.5,0.0,0.0,0.0,0.0,0.0,0.0,0.0,0.0,0.0,0.0,23148,5.5
BOU,Faivre,M,4.5,0.0,0.0,0.0,0.0,0.0,0.0,0.0,0.0,0.0,0.0,3762527,4.5
TOT,Bryan,M,5.0,0.0,0.0,0.0,0.0,0.0,0.0,0.0,0.0,0.0,0.0,2098573,5.0
ARS,Nelson,M,5.5,0.0,0.0,0.0,0.0,0.0,0.0,0.0,0.0,0.0,0.0,77164,5.5
MUN,Sancho,M,6.0,0.0,0.0,0.0,0.0,0.0,0.0,0.0,0.0,0.0,0.0,228177,6.0
BHA,Buonanotte,M,5.0,0.0,0.0,0.0,0.0,0.0,0.0,0.0,0.0,0.0,0.0,2818757,5.0
MUN,Amass,D,4.0,0.0,0.0,0.0,0.0,0.0,0.0,0.0,0.0,0.0,0.0,4117736,4.0
MUN,Obi,F,5.0,0.0,0.0,0.0,0.0,0.0,0.0,0.0,0.0,0.0,0.0,4083701,5.0
BUR,Trésor,M,5.0,0.0,0.0,0.0,0.0,0.0,0.0,0.0,0.0,0.0,0.0,3652439,5.0
FUL,Reed,M,4.5,0.0,0.0,0.0,0.0,0.0,0.0,0.0,0.0,0.0,0.0,231160,4.5
TOT,Scarlett,F,5.0,0.0,0.0,0.0,0.0,0.0,0.0,0.0,0.0,0.0,0.0,4068230,5.0
AVL,Alex Moreno,D,4.5,0.0,0.0,0.0,0.0,0.0,0.0,0.0,0.0,0.0,0.0,2853884,4.5
WOL,Kalajdžić,F,5.0,0.0,0.0,0.0,0.0,0.0,0.0,0.0,0.0,0.0,0.0,2253849,5.0
EVE,Travers,G,4.5,0.0,0.0,0.0,0.0,0.0,0.0,0.0,0.0,0.0,0.0,230737,4.5
BUR,Benson,M,4.5,0.0,0.0,0.0,0.0,0.0,0.0,0.0,0.0,0.0,0.0,3584367,4.5
LEE,Greenwood,M,5.0,0.0,0.0,0.0,0.0,0.0,0.0,0.0,0.0,0.0,0.0,4293437,5.0
SUN,Ba,M,4.5,0.0,0.0,0.0,0.0,0.0,0.0,0.0,0.0,0.0,0.0,4293462,4.5
BRE,Meghoma,D,4.0,0.0,0.0,0.0,0.0,0.0,0.0,0.0,0.0,0.0,0.0,4041566,4.0
BOU,Akinmboni,D,4.0,0.0,0.0,0.0,0.0,0.0,0.0,0.0,0.0,0.0,0.0,4101873,4.0
BUR,Worrall,D,4.0,0.0,0.0,0.0,0.0,0.0,0.0,0.0,0.0,0.0,0.0,230975,4.0
TOT,Davies,D,4.5,0.0,0.0,0.0,0.0,0.0,0.0,0.0,0.0,0.0,0.0,23490,4.5
NFO,Da Silva Moreira,M,4.5,0.0,0.0,0.0,0.0,0.0,0.0,0.0,0.0,0.0,0.0,4008654,4.5
LEE,Crew,M,4.5,0.0,0.0,0.0,0.0,0.0,0.0,0.0,0.0,0.0,0.0,4293429,4.5
LEE,Gyabi,M,4.5,0.0,0.0,0.0,0.0,0.0,0.0,0.0,0.0,0.0,0.0,4293430,4.5
BUR,Hladký,G,4.0,0.0,0.0,0.0,0.0,0.0,0.0,0.0,0.0,0.0,0.0,4293398,4.0
BHA,Milner,M,4.5,0.0,0.0,0.0,0.0,0.0,0.0,0.0,0.0,0.0,0.0,23117,4.5
BRE,Donovan,M,4.5,0.0,0.0,0.0,0.0,0.0,0.0,0.0,0.0,0.0,0.0,4293391,4.5
AVL,Gauci,G,4.5,0.0,0.0,0.0,0.0,0.0,0.0,0.0,0.0,0.0,0.0,3879491,4.5
SUN,Aleksić,M,4.5,0.0,0.0,0.0,0.0,0.0,0.0,0.0,0.0,0.0,0.0,4293460,4.5
SUN,Alese,D,4.0,0.0,0.0,0.0,0.0,0.0,0.0,0.0,0.0,0.0,0.0,4293447,4.0
BHA,Moran,M,4.5,0.0,0.0,0.0,0.0,0.0,0.0,0.0,0.0,0.0,0.0,3879496,4.5
CRY,Ahamada,M,4.5,0.0,0.0,0.0,0.0,0.0,0.0,0.0,0.0,0.0,0.0,2930174,4.5
BUR,Obafemi,F,5.0,0.0,0.0,0.0,0.0,0.0,0.0,0.0,0.0,0.0,0.0,4293413,5.0
WOL,Gonzalez,M,4.5,0.0,0.0,0.0,0.0,0.0,0.0,0.0,0.0,0.0,0.0,3924958,4.5
LIV,Woodman,G,4.0,0.0,0.0,0.0,0.0,0.0,0.0,0.0,0.0,0.0,0.0,4293352,4.0
BRE,Valdimarsson,G,4.0,0.0,0.0,0.0,0.0,0.0,0.0,0.0,0.0,0.0,0.0,3757741,4.0
AVL,Dendoncker,M,4.5,0.0,0.0,0.0,0.0,0.0,0.0,0.0,0.0,0.0,0.0,92413,4.5
NFO,C.Miguel,G,4.5,0.0,0.0,0.0,0.0,0.0,0.0,0.0,0.0,0.0,0.0,3893798,4.5
NEW,Odysseas,G,4.5,0.0,0.0,0.0,0.0,0.0,0.0,0.0,0.0,0.0,0.0,3652437,4.5
NEW,Lascelles,D,4.5,0.0,0.0,0.0,0.0,0.0,0.0,0.0,0.0,0.0,0.0,45072,4.5
SUN,Hjelde,D,4.0,0.0,0.0,0.0,0.0,0.0,0.0,0.0,0.0,0.0,0.0,4293450,4.0
BUR,Delcroix,D,4.0,0.0,0.0,0.0,0.0,0.0,0.0,0.0,0.0,0.0,0.0,3646515,4.0
WHU,Irving,M,4.5,0.0,0.0,0.0,0.0,0.0,0.0,0.0,0.0,0.0,0.0,3651912,4.5
LIV,Ramsay,D,4.5,0.0,0.0,0.0,0.0,0.0,0.0,0.0,0.0,0.0,0.0,4293353,4.5
SUN,Pembele,D,4.0,0.0,0.0,0.0,0.0,0.0,0.0,0.0,0.0,0.0,0.0,4293452,4.0
LEE,Schmidt,D,4.0,0.0,0.0,0.0,0.0,0.0,0.0,0.0,0.0,0.0,0.0,4293426,4.0
AVL,M.Bizot,G,4.5,0.0,0.0,0.0,0.0,0.0,0.0,0.0,0.0,0.0,0.0,4307741,4.5
AVL,Dobbin,M,4.5,0.0,0.0,0.0,0.0,0.0,0.0,0.0,0.0,0.0,0.0,3640757,4.5
MUN,Antony,M,5.5,0.0,0.0,0.0,0.0,0.0,0.0,0.0,0.0,0.0,0.0,2229322,5.5
WOL,Fraser,F,5.0,0.0,0.0,0.0,0.0,0.0,0.0,0.0,0.0,0.0,0.0,4293395,5.0
BUR,Sambo,D,4.0,0.0,0.0,0.0,0.0,0.0,0.0,0.0,0.0,0.0,0.0,4293405,4.0
MCI,Vitor Reis,D,5.0,0.0,0.0,0.0,0.0,0.0,0.0,0.0,0.0,0.0,0.0,4058541,5.0
LIV,Pécsi,G,4.5,0.0,0.0,0.0,0.0,0.0,0.0,0.0,0.0,0.0,0.0,4293351,4.5
SUN,Browne,M,4.5,0.0,0.0,0.0,0.0,0.0,0.0,0.0,0.0,0.0,0.0,4293459,4.5
SUN,Abdullahi,F,5.0,0.0,0.0,0.0,0.0,0.0,0.0,0.0,0.0,0.0,0.0,4293471,5.0
LEE,Bamford,F,5.0,0.0,0.0,0.0,0.0,0.0,0.0,0.0,0.0,0.0,0.0,4293440,5.0
CRY,Rodney,M,4.5,0.0,0.0,0.0,0.0,0.0,0.0,0.0,0.0,0.0,0.0,4056075,4.5
CHE,Mudryk,M,5.5,0.0,0.0,0.0,0.0,0.0,0.0,0.0,0.0,0.0,0.0,2867399,5.5
BUR,Churlinov,M,4.5,0.0,0.0,0.0,0.0,0.0,0.0,0.0,0.0,0.0,0.0,4293407,4.5
NFO,Boly,D,4.0,0.0,0.0,0.0,0.0,0.0,0.0,0.0,0.0,0.0,0.0,88556,4.0
SUN,Rusyn,F,5.0,0.0,0.0,0.0,0.0,0.0,0.0,0.0,0.0,0.0,0.0,4293470,5.0
BRE,Cox,G,4.0,0.0,0.0,0.0,0.0,0.0,0.0,0.0,0.0,0.0,0.0,4293388,4.0
WOL,Bentley,G,4.0,0.0,0.0,0.0,0.0,0.0,0.0,0.0,0.0,0.0,0.0,2911676,4.0
NEW,Gillespie,G,4.0,0.0,0.0,0.0,0.0,0.0,0.0,0.0,0.0,0.0,0.0,4293366,4.0
SUN,Matete,M,4.5,0.0,0.0,0.0,0.0,0.0,0.0,0.0,0.0,0.0,0.0,4293461,4.5
MUN,Heaton,G,4.0,0.0,0.0,0.0,0.0,0.0,0.0,0.0,0.0,0.0,0.0,176811,4.0
SUN,Nna Noukeu,G,4.0,0.0,0.0,0.0,0.0,0.0,0.0,0.0,0.0,0.0,0.0,4293442,4.0
BUR,Sonne,D,4.0,0.0,0.0,0.0,0.0,0.0,0.0,0.0,0.0,0.0,0.0,4293404,4.0
CRY,Kporha,D,4.0,0.0,0.0,0.0,0.0,0.0,0.0,0.0,0.0,0.0,0.0,4015330,4.0
WHU,Casey,D,4.0,0.0,0.0,0.0,0.0,0.0,0.0,0.0,0.0,0.0,0.0,4042028,4.0
BUR,Banel,M,4.5,0.0,0.0,0.0,0.0,0.0,0.0,0.0,0.0,0.0,0.0,4293408,4.5
BOU,Dennis,G,4.0,0.0,0.0,0.0,0.0,0.0,0.0,0.0,0.0,0.0,0.0,4054387,4.0
BUR,Dodgson,D,4.0,0.0,0.0,0.0,0.0,0.0,0.0,0.0,0.0,0.0,0.0,4293402,4.0
SUN,Moore,G,4.0,0.0,0.0,0.0,0.0,0.0,0.0,0.0,0.0,0.0,0.0,4293443,4.0
CHE,Nkunku,M,6.0,0.0,0.0,0.0,0.0,0.0,0.0,0.0,0.0,0.0,0.0,3584407,6.0
SUN,Triantis,D,4.0,0.0,0.0,0.0,0.0,0.0,0.0,0.0,0.0,0.0,0.0,4293455,4.0
BRE,Maghoma,M,4.5,0.0,0.0,0.0,0.0,0.0,0.0,0.0,0.0,0.0,0.0,4033392,4.5
BHA,Steele,G,4.0,0.0,0.0,0.0,0.0,0.0,0.0,0.0,0.0,0.0,0.0,197282,4.0
WHU,Scarles,D,4.0,-0.31,0.09,0.43,0.0,0.05,-1.16,0.44,0.38,0.03,-0.05,4042029,4.0
SUN,Seelt,D,4.0,2.02,1.41,0.11,-0.5,-0.73,-0.91,-0.12,-1.18,-0.26,-0.16,4293445,4.0
SUN,Ekwah,M,4.5,0.08,-0.43,0.0,0.0,0.0,0.0,0.0,0.0,0.0,-0.35,4293454,4.5
BUR,Humphreys,D,4.0,0.88,-0.39,-0.62,0.17,-0.68,-0.4,0.45,-0.06,-0.31,-0.96,4293400,4.0
BUR,Lucas Pires,D,4.0,0.93,-0.56,-0.8,0.16,-0.76,-0.4,0.47,-0.06,-0.6,-1.62,4293401,4.0
SUN,Mundle,M,5.0,0.0,0.0,-0.57,-0.28,-0.33,-0.38,0.26,-0.58,0.23,-1.64,4293465,5.0
SUN,Rigg,M,5.0,0.16,-0.3,-0.62,-0.24,-0.48,-0.42,0.15,-0.63,0.18,-2.2,4293463,5.0
SUN,Cirkin,D,4.5,0.0,0.0,-1.12,-0.35,-0.25,-0.47,0.39,-0.65,0.2,-2.25,4293449,4.5
BUR,Foster,F,5.5,1.11,-0.66,-1.22,0.05,-1.2,-0.49,0.42,-0.11,-0.69,-2.78,3584363,5.5
BUR,Roberts,D,4.5,0.0,0.0,0.0,0.0,-1.59,-0.94,0.1,-0.61,-1.11,-4.14,4293403,4.5
