fpl_code,team,player,pos,cost,4,5,6,7,8,9,10,11,12,13,14,15,16,17,18,19,total_pts,ppm
118748,LIV,M.Salah,M,14.5,7.53,6.49,5.71,5.08,6.58,6.11,6.47,4.98,6.5,6.19,8.32,6.2,6.41,6.0,6.91,7.02,102.5,7.07
223094,MCI,Haaland,F,14.1,6.96,4.43,8.02,6.3,6.24,5.66,6.19,5.43,5.13,6.97,5.4,8.06,5.53,6.88,5.58,7.11,99.88,7.08
244851,CHE,Palmer,M,10.4,4.1,5.47,6.0,5.07,5.37,7.77,5.65,6.45,6.36,4.5,5.7,5.02,5.77,4.77,5.84,5.69,89.56,8.61
141746,MUN,B.Fernandes,M,9.0,4.57,5.18,5.43,7.29,4.44,5.68,4.98,5.33,5.49,4.89,5.86,5.34,5.41,4.89,5.18,5.95,85.92,9.55
223340,ARS,Saka,M,9.8,1.25,3.34,4.19,5.44,4.41,4.91,5.36,5.57,5.26,3.97,5.24,4.42,5.33,4.4,4.98,4.93,72.98,7.45
224117,ARS,Gyökeres,F,9.0,5.13,4.45,4.04,5.22,4.12,4.61,4.74,4.87,4.7,3.57,4.71,3.96,4.75,3.83,4.51,4.43,71.65,7.96
226597,ARS,Gabriel,D,6.1,5.08,3.94,3.75,4.93,4.26,4.38,5.11,5.09,4.39,3.41,4.47,3.92,4.83,4.36,4.31,4.4,70.63,11.58
231747,CRY,Mateta,F,7.5,6.65,4.79,3.94,3.75,4.18,2.91,4.64,4.33,4.05,4.32,4.53,3.65,3.71,4.16,4.57,4.14,68.3,9.11
247348,CRY,Muñoz,D,5.6,6.71,4.56,3.42,4.26,4.25,2.85,4.48,4.13,4.16,4.27,5.1,3.69,3.28,4.45,4.2,4.32,68.12,12.16
444102,BOU,Evanilson,F,7.0,4.55,4.25,4.35,4.32,3.88,4.42,3.42,3.88,4.79,5.0,4.25,3.94,3.95,5.26,4.17,3.47,67.89,9.7
178301,AVL,Watkins,F,8.9,3.9,5.09,4.43,5.43,4.3,4.01,3.46,4.43,4.43,4.88,4.02,3.46,4.3,4.6,3.54,3.1,67.38,7.57
220566,MCI,Rodrigo,M,6.4,4.66,3.58,4.89,4.2,4.32,3.97,4.19,3.94,3.86,4.46,3.88,4.79,3.9,4.31,3.8,4.5,67.24,10.51
97032,LIV,Virgil,D,6.0,5.3,4.79,3.68,3.21,4.22,3.84,4.14,2.97,4.38,3.93,5.19,4.41,4.04,3.56,4.54,4.85,67.06,11.18
448047,CHE,Enzo,M,6.6,4.52,4.16,4.38,3.87,3.91,5.34,4.1,4.53,4.52,3.43,4.25,3.78,4.24,3.66,4.21,4.15,67.03,10.16
219168,LIV,Isak,F,10.4,1.0,3.33,3.7,3.75,4.67,4.35,4.57,3.57,4.47,4.4,5.67,4.5,4.64,4.33,4.91,5.01,66.88,6.43
437730,BOU,Semenyo,M,7.4,4.59,4.15,4.45,4.32,3.92,4.44,3.43,3.82,4.61,4.88,4.19,3.71,3.83,5.07,3.96,3.32,66.68,9.01
494595,LIV,Wirtz,M,8.4,5.07,4.22,3.79,3.42,4.22,3.91,4.12,3.24,4.2,4.06,5.12,4.13,4.16,3.91,4.47,4.57,66.6,7.93
437499,CRY,Lacroix,D,5.0,5.78,4.14,3.44,4.11,4.07,3.03,4.19,3.97,3.98,3.96,4.77,3.78,3.3,4.33,3.94,4.3,65.11,13.02
446008,MUN,Mbeumo,M,8.1,3.52,3.93,4.07,5.29,3.32,4.22,3.75,3.9,4.12,3.67,4.47,4.01,4.01,3.69,3.83,4.45,64.26,7.93
451340,BHA,Mitoma,M,6.4,3.95,4.66,3.49,4.22,3.91,3.84,4.66,3.66,4.35,3.74,4.11,4.43,3.14,5.2,2.93,3.95,64.23,10.04
184029,ARS,Ødegaard,M,7.9,4.68,3.93,3.66,4.52,3.77,4.12,4.32,4.51,4.23,3.28,4.19,3.52,4.17,3.51,3.9,3.87,64.17,8.12
533463,BRE,O.Dango,M,6.0,3.86,3.8,4.33,3.64,4.07,3.62,3.71,3.86,3.74,4.94,3.05,3.88,4.61,4.01,4.04,4.36,63.53,10.59
17761,EVE,Tarkowski,D,5.5,4.4,3.09,4.64,4.08,2.96,4.08,4.94,4.49,3.56,3.77,3.57,4.39,3.06,3.61,4.93,3.87,63.45,11.54
462424,ARS,Saliba,D,6.1,2.41,3.66,3.51,4.49,3.98,3.99,4.78,4.67,4.01,3.14,4.12,3.64,4.45,4.1,3.95,4.05,62.95,10.32
204480,ARS,Rice,M,6.5,4.36,3.75,3.71,4.24,3.73,3.96,4.22,4.33,4.09,3.32,3.99,3.59,4.06,3.61,3.86,3.84,62.67,9.64
477424,MCI,Gvardiol,D,5.8,3.54,2.95,5.35,3.61,4.4,3.45,3.83,3.07,3.02,4.62,3.66,5.09,3.3,4.26,3.72,4.64,62.51,10.78
243298,LIV,Gakpo,M,7.7,4.8,4.11,3.6,3.23,4.04,3.59,3.84,3.06,3.82,3.72,4.73,3.79,3.83,3.59,4.1,4.19,62.04,8.06
208706,NEW,Bruno G.,M,6.5,4.67,3.88,3.38,3.96,3.74,3.92,3.88,3.78,3.45,3.59,4.08,4.36,4.23,3.42,3.6,4.05,62.0,9.54
174874,FUL,Andersen,D,4.5,5.04,4.27,3.43,3.38,3.37,3.04,4.36,3.89,5.01,3.23,3.16,3.75,4.76,4.23,3.73,3.21,61.88,13.75
232185,CRY,Sarr,M,6.5,0.0,0.0,1.75,4.1,4.75,3.36,5.08,4.87,4.67,4.9,5.19,4.25,4.2,4.82,5.15,4.78,61.88,9.52
178186,WHU,Bowen,F,7.8,4.52,4.13,3.64,2.98,4.32,4.01,3.77,4.79,3.58,3.52,3.7,3.62,3.99,3.17,3.89,4.03,61.68,7.91
493362,TOT,Xavi,M,7.0,3.5,4.06,4.77,4.25,4.21,3.81,3.62,4.09,2.8,3.94,3.41,4.2,3.62,3.45,3.58,3.78,61.09,8.73
154561,ARS,Raya,G,5.5,4.26,3.49,3.31,4.07,3.72,3.8,4.29,4.18,3.71,3.21,3.87,3.46,4.15,3.87,3.73,3.82,60.96,11.08
224024,WHU,L.Paquetá,M,5.9,4.57,4.18,3.75,2.97,4.22,3.94,3.75,4.61,3.46,3.46,3.61,3.49,3.81,3.03,3.79,3.85,60.5,10.25
243016,LIV,Mac Allister,M,6.4,4.46,3.99,3.57,3.14,3.87,3.57,3.72,3.06,3.72,3.66,4.58,3.73,3.7,3.65,3.92,4.02,60.35,9.43
475168,CHE,João Pedro,F,7.7,3.92,3.82,4.12,3.5,3.59,4.79,3.8,4.23,4.02,2.99,3.66,3.26,3.53,3.09,3.68,3.61,59.61,7.74
179268,CHE,Cucurella,D,6.1,3.63,3.47,3.8,2.98,3.61,4.99,3.21,4.27,4.47,3.06,4.05,3.11,4.21,2.92,3.75,3.62,59.14,9.7
209036,CRY,Guéhi,D,4.6,5.32,3.69,2.94,3.76,3.69,2.68,3.82,3.57,3.65,3.65,4.51,3.41,2.9,3.97,3.54,3.93,59.04,12.84
216646,NEW,Wissa,F,7.5,0.0,1.06,3.26,4.24,3.74,4.12,4.05,4.07,3.69,3.65,4.59,5.13,4.87,3.87,3.9,4.58,58.81,7.84
513418,BRE,Schade,M,7.0,3.62,3.53,4.04,3.41,3.79,3.33,3.44,3.59,3.39,4.59,2.9,3.51,4.19,3.67,3.68,3.97,58.66,8.38
244850,AVL,Rogers,M,7.0,3.69,4.51,3.96,4.66,3.67,3.4,3.03,3.77,3.85,4.15,3.49,3.03,3.7,3.9,3.06,2.77,58.66,8.38
60689,NFO,Wood,F,7.7,2.93,4.21,4.98,3.25,3.48,3.36,3.89,4.21,2.94,3.86,3.63,3.33,4.06,3.32,3.35,3.71,58.51,7.6
216094,LIV,Frimpong,D,5.9,1.7,3.56,3.39,2.85,3.98,3.54,3.93,2.63,4.16,3.74,5.07,4.0,3.72,3.27,4.34,4.51,58.38,9.9
575476,NFO,Murillo,D,5.5,3.06,4.74,4.99,3.02,3.23,3.22,3.79,4.54,2.65,3.62,3.62,3.68,3.56,3.51,2.99,4.14,58.36,10.61
166989,AVL,Tielemans,M,5.9,3.8,4.53,3.87,4.4,3.71,3.33,3.06,3.66,3.74,3.96,3.44,3.18,3.72,3.87,3.14,2.94,58.34,9.89
221466,BOU,Senesi,D,4.6,3.94,3.53,4.16,4.04,3.14,4.03,2.56,3.19,4.04,4.4,4.19,3.02,3.16,4.87,3.27,2.58,58.13,12.64
427623,CRY,Richards,D,4.5,5.17,3.71,3.04,3.7,3.64,2.65,3.65,3.44,3.5,3.56,4.34,3.41,2.96,3.94,3.52,3.88,58.1,12.91
440089,BRE,Damsgaard,M,5.9,3.56,3.55,3.92,3.33,3.61,3.27,3.32,3.5,3.38,4.31,2.79,3.53,4.02,3.6,3.6,3.87,57.15,9.69
247412,WOL,Strand Larsen,F,6.4,0.0,1.6,3.93,4.23,4.77,5.06,3.58,3.2,4.14,3.62,4.18,4.24,2.87,4.51,3.11,3.71,56.75,8.87
153133,FUL,Iwobi,M,6.5,4.25,3.9,3.3,3.25,2.9,3.09,3.85,3.26,4.39,3.42,3.17,3.57,3.89,3.64,3.48,3.26,56.62,8.71
592031,BHA,Minteh,M,5.9,3.56,4.16,3.11,3.68,3.44,3.39,4.04,3.25,3.78,3.28,3.55,3.84,2.8,4.45,2.63,3.46,56.44,9.57
119471,NEW,Schär,D,5.5,4.61,3.34,3.06,3.87,2.9,3.72,3.35,3.07,2.78,3.46,3.36,4.6,4.1,2.96,3.02,4.18,56.35,10.25
445122,ARS,J.Timber,D,5.6,4.49,3.26,2.95,3.84,3.35,3.44,4.15,4.04,3.42,2.58,3.5,3.07,3.87,3.5,3.37,3.47,56.31,10.05
466525,LEE,Stach,M,5.0,3.69,3.71,3.7,3.86,3.87,3.78,3.29,3.2,3.49,2.94,3.14,3.3,3.44,3.55,3.88,3.12,55.94,11.19
222531,NFO,Gibbs-White,M,7.5,2.79,4.01,4.63,3.06,3.22,3.21,3.66,3.98,2.84,3.61,3.55,3.31,3.81,3.25,3.16,3.64,55.72,7.43
463067,BHA,Georginio,M,5.9,3.38,3.99,2.98,3.61,3.37,3.27,4.0,3.22,3.77,3.24,3.58,3.86,2.81,4.48,2.65,3.48,55.67,9.44
227444,NFO,Milenković,D,5.5,2.76,4.62,4.87,2.82,3.02,3.05,3.53,4.37,2.4,3.5,3.54,3.53,3.43,3.33,2.84,4.0,55.62,10.11
204716,LIV,Konaté,D,5.5,4.53,4.09,3.04,2.68,3.53,3.15,3.48,2.4,3.66,3.29,4.27,3.62,3.26,2.87,3.73,3.98,55.58,10.11
432422,NEW,Tonali,M,5.4,4.12,3.51,3.04,3.53,3.24,3.49,3.48,3.39,3.15,3.28,3.65,3.91,3.77,3.11,3.26,3.64,55.56,10.29
460842,TOT,Kudus,M,6.6,4.16,3.77,4.36,3.87,3.88,3.43,3.32,3.64,2.51,3.47,2.94,3.65,3.19,2.99,3.11,3.28,55.56,8.42
169528,FUL,Robinson,D,5.0,3.86,3.87,3.17,3.01,2.98,2.76,4.06,3.53,4.69,3.01,2.79,3.38,4.32,3.81,3.39,2.86,55.5,11.1
432830,BRE,Collins,D,5.0,3.34,3.68,3.82,3.03,3.48,2.98,2.98,3.33,3.07,4.93,2.65,3.02,4.49,3.56,3.61,3.53,55.5,11.1
486672,CHE,Caicedo,M,5.5,3.44,3.61,3.61,3.43,3.32,4.0,3.61,3.65,3.63,3.06,3.43,3.25,3.5,3.19,3.39,3.4,55.5,10.09
440993,EVE,Ndiaye,M,6.5,3.44,3.01,4.04,3.7,3.03,3.88,4.08,3.57,3.32,3.41,3.2,3.62,2.91,2.96,3.86,3.28,55.32,8.51
494521,BOU,Truffert,D,4.5,3.58,3.22,3.83,3.76,2.88,3.88,2.21,3.0,3.92,4.25,3.99,2.84,2.93,4.76,3.04,2.37,54.46,12.1
180974,NEW,Joelinton,M,5.9,4.07,3.5,3.13,3.66,3.33,3.51,3.45,3.31,3.02,3.16,3.48,3.72,3.57,2.91,3.05,3.44,54.32,9.21
441191,NEW,Livramento,D,5.1,4.16,2.97,2.92,3.77,2.85,3.65,3.25,2.99,2.65,3.38,3.28,4.47,4.01,2.86,2.9,4.08,54.18,10.62
232413,ARS,Eze,M,7.5,2.82,2.63,2.81,3.66,2.98,3.49,3.6,4.03,3.76,2.94,3.77,3.21,3.82,3.17,3.58,3.55,53.82,7.18
487838,NEW,Hall,D,5.4,3.5,2.94,2.85,3.77,2.84,3.6,3.32,2.99,2.7,3.36,3.32,4.5,4.05,2.85,2.9,4.08,53.57,9.92
116535,LIV,A.Becker,G,5.5,4.05,3.82,2.95,2.74,3.33,2.98,3.32,2.57,3.61,3.18,3.94,3.48,3.25,2.87,3.66,3.8,53.56,9.74
244723,CRY,Mitchell,D,5.0,4.94,3.38,2.62,3.37,3.23,2.29,3.42,3.22,3.36,3.36,4.13,3.04,2.66,3.63,3.29,3.53,53.48,10.7
502500,BRE,Thiago,F,6.0,3.27,3.23,3.64,3.11,3.41,3.08,3.13,3.25,3.18,4.15,2.57,3.26,3.79,3.35,3.39,3.67,53.48,8.91
485711,MUN,Šeško,F,7.4,2.87,3.3,3.37,4.24,2.77,3.49,3.17,3.28,3.31,3.08,3.66,3.37,3.39,3.14,3.23,3.72,53.39,7.21
215059,CHE,Sánchez,G,5.0,3.11,3.05,3.38,2.98,3.35,4.09,2.9,3.74,3.83,3.08,3.51,2.97,3.78,2.79,3.37,3.36,53.31,10.66
204936,MCI,Donnarumma,G,5.5,2.21,2.7,4.22,3.08,3.86,3.04,3.37,2.89,2.8,3.88,3.25,4.08,2.97,3.59,3.33,3.79,53.05,9.64
78916,NEW,Burn,D,5.0,4.3,3.11,3.0,3.61,2.85,3.64,3.12,2.99,2.64,3.18,3.02,4.26,3.79,2.75,2.79,3.9,52.96,10.59
516939,WOL,Agbadou,D,4.5,2.87,4.58,2.93,3.41,4.26,4.81,3.22,2.4,3.25,2.91,3.69,3.41,2.42,3.55,2.25,2.89,52.87,11.75
544877,LIV,Kerkez,D,6.0,4.27,3.86,2.93,2.47,3.3,2.9,3.28,2.28,3.44,3.18,4.13,3.4,3.09,2.73,3.62,3.78,52.66,8.78
50175,BHA,Welbeck,F,6.4,3.21,3.91,2.81,3.27,3.22,3.08,3.73,2.97,3.51,2.97,3.29,3.68,2.55,4.33,2.37,3.24,52.13,8.15
247632,CHE,Neto,M,7.0,3.71,3.34,3.52,3.0,3.09,4.19,3.19,3.67,3.55,2.58,3.2,2.84,3.19,2.72,3.19,3.12,52.1,7.44
98747,NEW,Pope,G,5.0,3.83,3.01,3.09,3.64,2.87,3.48,3.05,2.91,2.84,3.21,3.15,3.93,3.52,3.02,2.86,3.62,52.04,10.41
448514,MCI,Aït-Nouri,D,6.0,0.0,0.72,4.87,3.35,4.17,3.21,3.44,2.76,2.83,4.22,3.31,4.65,2.97,3.87,3.36,4.22,51.93,8.66
101178,WHU,Ward-Prowse,M,5.9,3.77,3.52,3.21,2.67,3.53,3.38,3.2,3.88,3.0,2.92,3.08,3.04,3.3,2.71,3.3,3.3,51.82,8.78
215379,NFO,Anderson,M,5.5,2.97,3.74,3.93,3.05,3.04,3.08,3.43,3.55,2.84,3.21,3.17,3.13,3.41,3.05,2.88,3.32,51.8,9.42
242882,BOU,Diakité,D,4.5,3.43,3.15,3.72,3.62,2.74,3.66,2.16,2.85,3.62,3.91,3.82,2.69,2.78,4.45,2.91,2.28,51.78,11.51
433036,MCI,Reijnders,M,5.7,3.7,2.72,3.96,3.29,3.41,3.0,3.11,2.82,2.74,3.4,2.91,3.81,2.97,3.38,2.99,3.53,51.75,9.08
444765,BRE,Van den Berg,D,4.5,3.09,3.44,3.59,2.87,3.28,2.76,2.75,3.12,2.86,4.66,2.45,2.77,4.18,3.31,3.32,3.27,51.71,11.49
244042,FUL,Muniz,F,5.5,4.25,4.07,2.97,2.9,2.58,2.64,3.57,2.88,3.96,2.91,2.82,3.26,3.52,3.31,3.13,2.87,51.64,9.39
441164,TOT,Pedro Porro,D,5.6,3.75,2.99,4.23,3.85,3.56,3.41,2.88,3.45,2.17,3.62,2.56,3.58,3.21,2.55,2.76,3.0,51.57,9.21
469142,BHA,Van Hecke,D,4.5,3.09,3.53,2.43,3.47,3.11,2.92,4.22,2.77,3.56,3.24,3.34,3.67,2.12,4.49,2.33,3.18,51.49,11.44
201658,BOU,Tavernier,M,5.5,3.51,3.27,3.35,3.39,3.02,3.42,2.6,2.91,3.47,3.69,3.27,2.93,3.02,3.87,3.09,2.65,51.46,9.36
232892,FUL,Bassey,D,4.5,4.31,3.5,2.85,2.74,2.74,2.5,3.73,3.33,4.29,2.62,2.53,3.04,3.96,3.51,3.06,2.57,51.27,11.39
424876,LIV,Szoboszlai,M,6.5,3.76,3.4,2.83,2.6,3.24,2.98,3.08,2.55,3.21,3.11,3.86,3.23,3.25,3.08,3.47,3.54,51.19,7.88
448089,WOL,Gomes,M,5.4,3.31,3.88,3.41,3.43,3.75,3.84,3.0,2.7,3.22,2.91,3.06,3.21,2.53,3.22,2.71,3.0,51.18,9.48
470313,NEW,Woltemade,F,7.0,4.58,3.54,2.55,3.18,2.91,3.13,3.06,2.99,2.82,2.77,3.34,3.64,3.47,2.83,2.88,3.3,50.98,7.28
457569,BOU,Petrović,G,4.5,3.2,3.05,3.39,3.47,2.82,3.57,2.46,2.84,3.45,3.59,3.63,2.97,2.84,4.04,2.9,2.61,50.82,11.29
80201,FUL,Leno,G,5.0,3.77,3.31,2.82,2.79,2.9,2.59,3.58,3.23,3.94,2.69,2.81,3.18,3.69,3.54,3.04,2.76,50.63,10.13
167074,FUL,Tete,D,4.5,4.37,3.55,2.85,2.71,2.68,2.52,3.7,3.13,4.25,2.59,2.5,2.98,3.85,3.39,3.01,2.52,50.6,11.24
171314,MCI,Rúben,D,5.5,3.7,2.42,4.26,2.87,3.63,2.75,3.04,2.36,2.43,3.61,2.86,3.99,2.62,3.35,3.01,3.68,50.58,9.2
512462,EVE,O'Brien,D,5.0,3.65,2.25,3.8,3.26,2.21,3.24,4.08,3.61,2.84,3.02,2.76,3.6,2.28,2.74,4.07,3.12,50.53,10.11
224967,EVE,Mykolenko,D,4.9,2.85,2.34,3.84,3.34,2.33,3.34,4.04,3.56,2.84,3.05,2.8,3.59,2.34,2.78,4.05,3.14,50.22,10.25
215413,EVE,Dewsbury-Hall,M,5.0,3.48,2.84,3.55,3.35,2.85,3.42,3.61,3.21,3.03,3.01,2.93,3.17,2.67,2.67,3.41,2.94,50.15,10.03
444180,BUR,Anthony,M,5.5,3.23,3.56,2.77,3.1,3.79,3.3,2.72,3.23,2.96,3.08,3.27,2.74,3.21,2.87,3.24,3.02,50.08,9.11
433312,WOL,Munetsi,M,5.5,3.08,3.88,3.13,3.21,3.65,3.85,2.86,2.58,3.1,2.8,3.19,3.27,2.44,3.36,2.61,2.97,49.97,9.09
214048,WHU,Kilman,D,4.4,3.38,3.26,3.42,2.43,3.41,3.64,2.93,4.46,2.74,2.62,2.74,2.72,3.24,2.18,3.56,3.15,49.89,11.34
441266,LIV,Gravenberch,M,5.5,3.7,3.4,3.08,2.83,3.25,3.0,3.02,2.67,2.88,3.01,3.48,3.03,2.98,2.98,3.13,3.19,49.64,9.02
111234,EVE,Pickford,G,5.5,3.3,2.43,3.47,3.23,2.44,3.1,3.62,3.46,2.8,3.01,2.81,3.52,2.58,2.92,3.68,3.12,49.48,9.0
199798,AVL,Konsa,D,4.5,3.39,4.07,3.57,4.5,2.65,2.55,1.99,3.19,3.55,3.8,2.63,2.69,3.11,3.28,2.24,2.23,49.45,10.99
85633,NFO,Sels,G,5.0,2.48,3.67,3.9,2.56,2.96,2.76,3.2,3.66,2.33,3.1,3.14,3.14,3.03,2.97,2.77,3.54,49.2,9.84
172649,CRY,Henderson,G,5.0,3.92,2.96,2.64,3.14,3.1,2.39,3.13,3.01,3.05,3.07,3.56,2.89,2.69,3.23,2.93,3.3,49.04,9.81
222683,BOU,Kluivert,M,7.0,3.32,3.04,3.18,3.2,2.83,3.18,2.52,2.86,3.34,3.47,3.14,2.79,2.86,3.72,2.95,2.53,48.91,6.99
215136,NFO,N.Williams,D,5.0,2.59,4.15,4.5,2.44,2.58,2.63,3.17,3.86,1.93,2.99,3.03,3.1,3.06,2.85,2.43,3.56,48.86,9.77
488024,CRY,Yeremy,M,6.0,4.04,3.49,2.85,2.93,3.0,2.29,3.18,3.05,2.99,3.11,3.27,2.74,2.66,3.05,3.17,3.0,48.83,8.14
114283,EVE,Grealish,M,6.7,3.54,2.79,3.74,3.46,0.0,3.52,3.8,3.33,3.1,3.18,2.97,3.34,2.7,2.7,3.58,3.04,48.78,7.28
180736,CHE,Chalobah,D,5.1,3.43,3.16,3.37,2.56,3.03,4.02,2.54,3.3,3.62,2.47,3.11,2.49,3.33,2.32,2.94,2.87,48.55,9.52
221632,TOT,Romero,D,5.0,3.45,2.88,3.89,3.69,3.31,3.27,2.65,3.22,2.19,3.5,2.42,3.25,2.93,2.45,2.53,2.76,48.39,9.68
84450,SUN,Xhaka,M,5.0,3.29,3.32,3.08,3.14,3.41,2.76,3.32,2.75,2.94,3.16,2.72,2.57,2.96,2.85,3.33,2.74,48.34,9.67
493250,MUN,Amad,M,6.4,2.94,3.17,3.07,3.75,2.36,3.11,2.86,2.86,3.13,2.7,3.37,3.0,2.99,2.74,2.85,3.3,48.2,7.53
481655,ARS,Zubimendi,M,5.5,3.43,3.0,2.94,3.26,2.99,2.97,3.16,3.23,3.1,2.53,3.0,2.75,3.04,2.83,2.91,2.89,48.04,8.73
98980,AVL,Martinez,G,5.0,3.17,3.52,3.36,3.93,2.62,2.75,2.3,3.1,3.22,3.48,2.62,2.8,2.91,3.13,2.47,2.4,47.77,9.55
83299,BHA,Dunk,D,4.5,2.79,3.24,2.2,3.26,2.86,2.67,3.9,2.54,3.26,2.97,3.17,3.49,1.9,4.32,2.11,2.99,47.68,10.6
61256,MUN,Casemiro,M,5.5,2.95,3.07,3.17,3.76,2.72,3.04,2.8,2.94,3.0,2.76,3.11,2.82,2.85,2.64,2.76,3.0,47.4,8.62
200720,BRE,Kelleher,G,4.5,2.9,2.9,3.09,2.74,2.85,2.69,2.63,2.86,2.6,3.88,2.37,2.54,3.57,3.01,3.05,2.96,46.64,10.36
214590,WHU,Wan-Bissaka,D,4.4,3.3,3.06,3.17,2.09,3.19,3.42,2.82,4.34,2.52,2.29,2.58,2.51,3.09,1.95,3.29,2.96,46.58,10.59
510362,WOL,Toti,D,4.4,2.47,4.05,2.55,3.06,3.81,4.31,2.88,2.06,2.83,2.51,3.28,2.93,2.07,3.04,1.89,2.48,46.22,10.5
465730,BHA,De Cuyper,D,4.5,2.69,3.24,2.15,3.18,2.75,2.59,3.84,2.45,3.14,2.9,2.97,3.4,1.79,4.22,1.98,2.9,46.19,10.27
199796,AVL,Cash,D,4.5,3.33,3.93,3.39,4.35,2.59,2.4,1.84,2.89,3.23,3.48,2.44,2.4,2.87,2.99,2.02,1.99,46.13,10.25
232826,NEW,Gordon,M,7.4,0.0,0.0,2.83,3.59,3.07,3.37,3.36,3.21,2.96,3.05,3.49,3.81,3.6,2.9,2.95,3.45,45.66,6.17
209365,MUN,De Ligt,D,5.0,2.17,2.73,2.8,4.13,1.94,2.94,2.85,2.41,3.33,2.38,3.27,2.99,2.87,2.53,2.67,3.39,45.4,9.08
489639,BHA,Verbruggen,G,4.5,2.6,2.89,2.33,3.02,2.79,2.58,3.51,2.52,3.05,2.88,3.01,3.21,2.11,3.74,2.29,2.8,45.33,10.07
496221,CRY,Wharton,M,5.0,0.0,0.75,2.43,3.26,3.28,2.71,3.4,3.27,3.24,3.3,3.45,3.04,2.91,3.29,3.42,3.23,44.98,9.0
212314,FUL,Lukić,M,5.0,3.44,3.16,2.82,2.74,2.5,2.51,2.93,2.68,3.14,2.6,2.47,2.74,2.95,2.72,2.75,2.57,44.72,8.94
230046,NFO,Douglas Luiz,M,5.0,2.16,3.15,3.5,2.66,2.64,2.7,2.98,3.11,2.39,2.82,2.78,2.74,2.98,2.67,2.52,2.9,44.7,8.94
209244,MCI,Foden,M,8.0,4.07,2.71,4.28,3.59,3.34,2.36,2.47,2.17,2.1,2.8,2.23,3.01,2.11,2.56,2.15,2.68,44.63,5.58
624773,CHE,Estêvão,M,6.5,2.19,3.18,3.42,2.72,2.81,3.82,2.98,3.33,3.35,2.32,2.64,2.24,2.5,2.11,2.53,2.48,44.63,6.87
165809,MCI,Bernardo,M,6.4,3.34,2.36,3.55,2.98,3.06,2.63,2.65,2.27,2.3,3.03,2.49,3.21,2.42,2.84,2.46,2.95,44.54,6.96
149065,WOL,José Sá,G,4.5,2.32,3.5,2.4,2.88,3.3,3.76,2.74,2.28,2.86,2.5,3.23,2.9,2.21,2.96,2.13,2.49,44.46,9.88
215439,WHU,Souček,M,5.8,3.25,3.07,2.76,2.3,2.96,2.92,2.66,3.3,2.57,2.56,2.66,2.58,2.78,2.31,2.79,2.8,44.27,7.63
249231,BRE,Lewis-Potter,D,5.0,2.68,2.9,3.17,2.38,2.85,2.19,2.43,2.67,2.37,4.22,1.9,2.36,3.58,2.9,2.76,2.85,44.22,8.84
80801,EVE,Gana,M,5.4,3.24,2.75,3.09,2.85,2.5,2.94,3.0,2.76,2.67,2.68,2.64,2.69,2.42,2.45,2.95,2.55,44.18,8.18
232928,EVE,Garner,M,5.0,3.22,2.73,3.06,2.86,2.5,3.02,3.06,2.84,2.72,2.71,2.58,2.68,2.35,2.39,2.91,2.52,44.15,8.83
214225,LEE,Rodon,D,4.0,3.01,3.05,2.99,2.86,3.74,3.19,2.36,2.78,2.91,1.86,2.36,2.25,2.55,2.74,3.54,1.85,44.03,11.01
431248,WOL,Krejčí,D,4.5,1.82,3.62,2.46,2.92,3.74,4.37,2.8,1.92,2.8,2.45,3.25,2.83,1.87,2.94,1.72,2.36,43.89,9.75
467779,BHA,Wieffer,M,5.0,2.99,3.2,2.5,2.9,2.75,2.86,2.98,2.57,2.73,2.53,2.68,2.81,2.32,3.11,2.19,2.64,43.76,8.75
230376,WOL,J.Arias,M,5.4,2.95,3.57,2.76,2.82,3.11,3.29,2.51,2.29,2.74,2.44,2.79,2.74,2.11,2.84,2.19,2.49,43.65,8.08
149484,AVL,Mings,D,4.5,3.19,3.67,3.22,3.99,2.43,2.24,1.84,2.84,3.03,3.26,2.28,2.32,2.64,2.79,1.94,1.95,43.64,9.7
184254,TOT,Vicario,G,5.0,2.75,2.46,3.28,3.05,2.89,2.89,2.66,2.89,2.2,3.09,2.28,2.92,2.79,2.48,2.43,2.53,43.58,8.72
109646,CHE,Tosin,D,4.5,3.27,2.83,3.05,2.38,2.78,3.3,2.19,3.01,3.29,2.16,2.73,2.21,2.97,2.06,2.61,2.54,43.41,9.65
613804,WHU,Diouf,D,4.5,3.03,2.93,3.03,1.86,3.05,3.21,2.58,4.16,2.29,2.09,2.39,2.29,2.87,1.74,3.09,2.74,43.34,9.63
480455,EVE,Branthwaite,D,5.3,0.0,0.0,0.0,0.79,2.65,3.7,4.45,4.03,3.22,3.38,3.16,3.98,2.71,3.26,4.47,3.51,43.31,8.17
467189,WHU,Hermansen,G,4.5,2.81,2.85,2.88,2.18,2.92,2.99,2.65,3.69,2.41,2.4,2.41,2.37,2.81,2.08,3.03,2.72,43.2,9.6
509291,WOL,André,M,5.5,2.87,3.08,2.86,2.83,2.95,2.99,2.64,2.4,2.7,2.52,2.62,2.73,2.28,2.7,2.43,2.61,43.2,7.85
486385,EVE,Beto,F,5.4,3.03,2.33,3.17,2.88,2.35,3.01,3.3,2.71,2.55,2.61,2.42,2.82,2.27,2.23,2.99,2.53,43.19,8.0
209046,NFO,Hudson-Odoi,M,6.0,2.32,3.16,3.43,2.42,2.51,2.47,2.8,2.97,2.26,2.68,2.67,2.53,2.82,2.5,2.44,2.73,42.71,7.12
491279,TOT,Van de Ven,D,4.6,2.98,2.44,3.46,3.24,2.9,2.94,2.36,2.84,1.91,3.08,2.07,2.92,2.68,2.12,2.25,2.47,42.67,9.28
551226,WHU,M.Fernandes,M,5.5,3.13,2.87,2.68,2.2,2.85,2.76,2.67,3.26,2.49,2.48,2.56,2.47,2.66,2.21,2.66,2.68,42.64,7.75
226182,LEE,Bogle,D,4.5,2.76,3.08,2.83,2.91,3.72,3.3,2.22,2.65,2.82,1.69,2.24,2.01,2.41,2.71,3.61,1.59,42.55,9.46
596777,MUN,Dorgu,D,4.5,1.93,2.48,2.57,4.08,1.64,2.75,2.67,2.27,3.21,2.24,3.1,2.85,2.66,2.33,2.49,3.28,42.55,9.45
154566,TOT,Solanke,F,7.2,0.0,0.0,2.29,2.82,3.48,3.04,3.12,3.38,2.31,3.29,2.74,3.63,2.97,2.82,2.91,3.16,41.96,5.83
207189,FUL,Berge,M,5.0,3.09,2.89,2.59,2.55,2.39,2.4,2.71,2.55,3.02,2.53,2.36,2.55,2.73,2.53,2.54,2.41,41.84,8.37
199598,LEE,Ampadu,M,4.9,2.05,2.95,2.82,2.88,2.93,2.79,2.56,2.51,2.6,2.42,2.43,2.52,2.55,2.59,2.76,2.44,41.78,8.53
200617,LEE,James,M,5.4,2.75,2.82,2.74,2.88,2.92,2.94,2.5,2.41,2.65,2.1,2.38,2.29,2.48,2.61,2.98,2.1,41.55,7.7
158499,BOU,Christie,M,5.0,2.37,2.74,2.87,2.71,2.53,2.6,2.18,2.42,2.89,2.85,2.66,2.37,2.49,3.02,2.52,2.21,41.43,8.29
172567,BUR,Cullen,M,5.0,2.93,2.9,2.31,2.56,2.89,2.69,2.38,2.65,2.41,2.53,2.65,2.36,2.59,2.44,2.65,2.48,41.42,8.28
547027,SUN,Diarra,M,5.5,2.68,2.77,2.58,2.59,2.89,2.29,2.74,2.32,2.5,2.67,2.33,2.26,2.55,2.48,2.91,2.42,40.99,7.45
477717,BUR,Estève,D,4.0,2.19,3.12,1.73,2.28,3.54,2.68,2.36,2.54,2.23,2.4,2.51,1.98,3.0,2.25,3.21,2.41,40.43,10.11
510663,LIV,Ekitiké,F,8.8,4.42,3.31,2.43,1.76,2.29,2.12,2.32,1.91,2.38,2.09,2.87,2.36,2.44,2.27,2.58,2.63,40.21,4.57
67089,BUR,Dúbravka,G,4.0,2.32,2.99,1.96,2.24,3.18,2.59,2.37,2.45,2.47,2.33,2.6,2.05,2.83,2.25,3.01,2.44,40.07,10.02
508395,BRE,Yarmoliuk,M,5.0,2.59,2.63,2.74,2.36,2.53,2.39,2.45,2.44,2.31,2.7,2.12,2.47,2.7,2.49,2.5,2.6,40.02,8.0
535301,BHA,Baleba,M,4.9,2.59,2.83,2.33,2.54,2.42,2.41,2.77,2.36,2.59,2.32,2.46,2.61,2.14,2.89,2.02,2.45,39.73,8.11
477064,MCI,Lewis,D,5.0,2.02,2.08,3.79,2.42,2.92,2.35,2.49,2.06,2.02,3.17,2.07,2.95,1.88,2.45,2.14,2.69,39.49,7.9
122806,AVL,McGinn,M,5.5,2.96,3.23,2.53,2.83,2.2,2.16,2.3,2.51,2.51,2.68,2.12,2.13,2.46,2.54,2.11,1.98,39.26,7.14
607464,BRE,Kayode,D,4.5,2.27,2.65,2.79,2.09,2.51,1.96,2.12,2.29,2.09,3.67,1.69,2.1,3.25,2.63,2.49,2.52,39.12,8.69
577725,FUL,King,M,4.5,3.17,2.83,2.28,2.19,2.13,2.13,2.63,2.35,2.93,2.28,2.16,2.4,2.6,2.45,2.37,2.2,39.12,8.69
550864,MUN,Yoro,D,4.5,1.83,2.34,2.37,3.54,1.58,2.53,2.46,2.12,3.0,2.02,2.86,2.59,2.44,2.16,2.28,2.94,39.07,8.68
243526,LEE,Gudmundsson,D,4.0,2.56,2.82,2.59,2.61,3.41,2.97,2.09,2.52,2.63,1.56,2.11,1.82,2.19,2.44,3.26,1.45,39.04,9.76
154296,TOT,J.Palhinha,M,5.5,2.68,2.55,2.76,2.68,2.59,2.45,2.26,2.45,1.96,2.34,2.19,2.54,2.29,2.32,2.32,2.39,38.78,7.05
482609,CHE,Gusto,D,5.0,2.5,2.11,2.43,1.94,2.44,3.24,2.13,2.79,2.55,1.98,2.68,2.1,2.86,1.97,2.53,2.43,38.68,7.74
155408,BOU,Cook,M,4.9,0.0,1.45,2.33,2.71,2.58,2.67,2.3,2.58,2.85,3.0,2.71,2.5,2.66,3.09,2.68,2.38,38.48,7.85
449434,NEW,Elanga,M,7.0,3.85,3.02,2.16,2.69,2.41,2.29,2.24,2.13,2.05,2.02,2.36,2.56,2.42,1.96,1.99,2.31,38.46,5.49
577669,SUN,Sadiki,M,5.0,2.58,2.62,2.39,2.45,2.64,2.2,2.59,2.23,2.4,2.44,2.18,2.14,2.37,2.32,2.66,2.24,38.46,7.69
466075,ARS,Calafiori,D,5.7,4.3,3.09,2.8,3.62,2.28,2.27,2.43,2.27,2.01,1.45,1.95,1.77,2.25,1.98,1.97,2.0,38.44,6.74
465247,MUN,Lammens,G,5.0,0.0,0.72,1.95,3.55,2.03,2.74,2.75,2.32,3.14,2.38,2.99,2.8,2.75,2.43,2.59,3.13,38.27,7.65
184341,MUN,Mount,M,6.0,0.0,0.48,2.46,3.42,2.22,2.84,2.5,2.67,2.72,2.49,2.97,2.72,2.7,2.5,2.58,2.98,38.25,6.38
498016,SUN,Roefs,G,4.5,2.21,2.6,2.46,2.18,2.9,2.05,2.95,2.3,2.38,2.57,1.88,1.9,2.36,2.13,3.04,2.31,38.21,8.49
500151,NFO,Savona,D,4.5,1.92,3.01,3.38,1.84,2.0,1.98,2.42,3.03,1.49,2.4,2.56,2.55,2.38,2.32,1.91,2.92,38.12,8.47
435997,LEE,Okafor,M,5.5,2.08,2.31,2.44,2.67,2.73,2.78,2.3,2.32,2.47,1.99,2.25,2.18,2.35,2.46,2.76,2.01,38.1,6.93
202993,TOT,Bentancur,M,5.5,2.83,2.48,2.73,2.6,2.53,2.43,2.21,2.52,1.97,2.44,2.13,2.39,2.16,2.18,2.22,2.26,38.08,6.92
56979,BRE,Henderson,M,5.0,2.48,2.51,2.57,2.24,2.48,2.24,2.26,2.32,2.17,2.79,1.86,2.26,2.54,2.32,2.31,2.43,37.78,7.56
221820,MUN,Martinez,D,4.9,0.0,0.0,0.88,3.61,1.84,2.83,2.75,2.44,3.33,2.38,3.23,2.98,2.83,2.5,2.65,3.38,37.62,7.68
438234,MCI,Marmoush,M,8.4,0.0,0.0,0.0,0.0,1.19,2.66,3.36,3.03,2.93,3.71,3.12,4.13,2.95,3.57,3.02,3.7,37.37,4.45
482442,TOT,P.M.Sarr,M,5.0,2.74,2.43,2.69,2.54,2.5,2.4,2.23,2.43,1.89,2.32,2.1,2.38,2.15,2.12,2.16,2.22,37.29,7.46
226944,AVL,Kamara,M,4.9,0.0,0.97,2.3,3.07,2.79,2.47,2.53,2.68,2.71,2.74,2.52,2.4,2.68,2.75,2.36,2.29,37.28,7.61
456512,NFO,Ndoye,M,6.1,2.07,2.84,3.05,2.08,2.23,2.18,2.48,2.54,1.88,2.43,2.35,2.16,2.41,2.13,2.06,2.34,37.23,6.1
209400,CRY,Kamada,M,5.0,3.86,3.03,2.42,2.22,1.88,1.76,2.37,1.99,1.97,2.03,2.47,2.05,1.99,2.25,2.31,2.22,36.83,7.37
209243,AVL,Sancho,M,5.9,0.7,0.96,2.28,3.39,2.48,2.38,2.33,2.69,2.64,2.91,2.51,2.15,2.55,2.68,2.17,1.99,36.81,6.24
200785,BOU,Adams,M,5.0,3.39,2.9,2.63,2.37,2.07,2.06,1.86,2.0,2.26,2.33,2.24,1.96,2.07,2.4,2.07,1.87,36.5,7.3
201666,NEW,Barnes,M,6.5,4.7,3.62,1.65,1.98,1.94,1.93,1.77,1.84,1.78,1.9,2.07,2.48,2.34,1.87,1.9,2.23,35.98,5.54
179458,BUR,Bruun Larsen,M,5.4,2.27,2.48,2.02,2.17,2.65,2.34,1.97,2.21,2.14,2.19,2.28,2.05,2.38,2.13,2.41,2.23,35.92,6.65
102057,FUL,Raúl,F,6.4,1.88,2.0,2.08,1.98,1.84,1.99,2.59,1.98,3.3,2.45,2.13,2.36,2.53,2.38,2.27,2.07,35.82,5.6
232859,TOT,Spence,D,4.5,2.49,1.93,2.85,2.59,2.38,2.44,1.96,2.39,1.64,2.52,1.76,2.5,2.35,1.8,1.96,2.12,35.68,7.93
441302,AVL,Maatsen,D,4.4,2.48,3.12,2.67,3.35,1.92,1.55,1.13,1.92,2.46,2.72,1.99,1.95,2.36,2.49,1.71,1.64,35.45,8.06
465527,BUR,Hannibal,M,5.0,2.21,2.48,2.05,2.13,2.53,2.25,1.93,2.22,2.08,2.19,2.25,2.04,2.3,2.11,2.36,2.17,35.3,7.06
444463,CHE,Fofana,D,4.4,0.57,0.79,1.04,1.17,2.33,3.34,2.24,2.91,3.11,2.21,2.87,2.23,3.06,2.08,2.63,2.56,35.16,7.99
535818,SUN,Adingra,M,5.5,2.28,2.4,2.23,2.21,2.52,1.97,2.34,1.97,2.07,2.24,1.94,1.93,2.15,2.1,2.49,2.06,34.92,6.35
177815,LEE,Calvert-Lewin,F,5.5,2.69,2.71,2.48,2.54,2.51,2.62,2.2,1.94,2.14,1.63,1.77,1.76,1.93,2.03,2.31,1.61,34.88,6.34
216051,MUN,Dalot,D,4.5,0.0,0.46,1.59,3.42,1.55,2.4,2.41,2.15,2.89,2.15,2.86,2.64,2.49,2.21,2.34,3.03,34.59,7.69
201595,LEE,Perri,G,4.5,0.0,0.0,1.05,2.44,3.26,2.95,2.3,2.68,2.75,1.98,2.51,2.33,2.4,2.7,3.17,1.96,34.48,7.66
248056,LEE,Tanaka,M,4.9,0.96,2.05,2.42,2.44,2.47,2.35,2.12,2.21,2.24,1.92,2.06,2.11,2.21,2.3,2.53,2.0,34.39,7.02
509416,BHA,Ayari,M,5.0,1.96,2.34,1.85,2.23,2.14,2.08,2.39,2.0,2.14,1.93,2.15,2.38,1.9,2.65,1.83,2.21,34.18,6.84
523705,WOL,Tchatchoua,D,4.5,2.03,3.14,1.87,2.11,2.82,3.11,1.93,1.54,2.14,1.85,2.42,2.14,1.44,2.21,1.32,1.81,33.88,7.53
494960,BUR,Hartman,D,4.0,1.71,2.75,1.36,1.91,3.02,2.36,1.77,2.15,1.8,1.93,2.12,1.59,2.43,1.74,2.69,1.97,33.31,8.33
248875,MCI,Doku,M,6.4,3.04,2.33,3.22,2.73,2.49,1.79,1.8,1.49,1.45,1.86,1.61,2.19,1.67,1.93,1.7,2.01,33.3,5.2
434752,LEE,Bijol,D,4.0,0.79,1.33,2.11,2.48,3.16,2.81,2.01,2.25,2.38,1.54,1.98,1.78,2.02,2.18,2.87,1.48,33.16,8.29
247955,SUN,Geertruida,D,4.5,1.42,2.26,2.32,1.98,2.94,1.49,2.91,1.84,2.17,2.28,1.27,1.35,2.06,1.83,3.1,1.76,33.0,7.33
216055,BUR,Florentino,M,5.0,0.85,1.67,2.02,2.14,2.44,2.18,1.97,2.24,2.06,2.19,2.23,2.08,2.22,2.1,2.29,2.17,32.84,6.57
477555,MCI,Bobb,M,5.5,3.15,2.12,3.12,2.62,2.66,1.87,1.76,1.46,1.51,1.91,1.5,2.14,1.59,1.86,1.62,1.94,32.82,5.97
58621,BUR,Walker,D,4.5,1.55,2.7,1.26,1.84,2.99,2.32,1.76,2.13,1.77,1.88,2.12,1.55,2.44,1.71,2.72,1.95,32.71,7.27
549912,SUN,Talbi,M,5.0,2.22,2.21,2.06,2.04,2.28,1.82,2.13,1.81,1.9,2.05,1.77,1.78,1.97,1.93,2.28,1.89,32.13,6.43
435973,BUR,Foster,F,5.0,2.21,2.36,1.91,2.06,2.39,2.11,1.79,2.05,1.65,1.91,2.12,1.74,1.98,1.81,1.98,1.87,31.94,6.39
200834,SUN,Mukiele,D,4.0,1.97,2.46,2.19,1.87,2.76,1.42,2.74,1.72,2.0,2.12,1.25,1.26,1.87,1.69,2.83,1.63,31.76,7.94
225796,CHE,James,D,5.5,2.7,1.97,2.03,1.49,1.92,2.55,1.61,2.25,2.44,1.54,2.05,1.6,2.17,1.49,1.94,1.87,31.6,5.75
441264,SUN,Brobbey,F,5.5,1.14,1.7,1.78,2.08,2.55,1.82,2.25,1.79,1.97,2.24,1.53,1.84,2.13,2.08,2.65,2.02,31.57,5.74
487053,TOT,Udogie,D,4.4,1.23,1.77,2.56,2.39,2.17,2.19,1.79,2.16,1.46,2.36,1.63,2.22,2.08,1.61,1.76,1.88,31.23,7.1
201895,SUN,Alderete,D,4.0,2.09,2.47,2.12,1.77,2.51,1.43,2.55,1.75,2.04,2.08,1.27,1.3,1.82,1.66,2.68,1.61,31.14,7.79
489888,BOU,Adli,M,5.5,1.9,1.81,2.01,2.0,1.7,1.91,1.49,1.76,2.05,2.2,1.97,1.95,2.0,2.58,2.05,1.77,31.14,5.66
91889,WHU,Füllkrug,F,5.8,1.26,2.32,1.89,1.75,2.17,2.12,1.83,2.26,1.8,1.85,1.94,1.92,2.11,1.69,2.08,2.14,31.13,5.37
206325,NFO,Zinchenko,D,4.9,0.0,2.87,2.99,1.74,1.9,1.8,2.28,2.63,1.45,2.14,2.19,1.84,1.78,1.68,1.43,2.13,30.85,6.3
247693,TOT,Kolo Muani,F,7.0,1.96,2.23,2.7,2.34,2.15,1.98,1.74,1.92,1.34,1.9,1.41,1.98,1.7,1.63,1.67,1.78,30.44,4.35
484420,SUN,E.Le Fée,M,4.9,1.55,1.97,1.9,1.9,2.23,1.74,2.03,1.76,1.93,2.03,1.77,1.72,1.92,1.88,2.21,1.82,30.38,6.2
492859,LEE,Gnonto,M,5.4,2.24,2.38,1.98,2.01,1.96,1.95,1.66,1.72,1.92,1.52,1.68,1.69,1.82,1.91,2.16,1.55,30.14,5.58
444884,AVL,Elliott,M,5.4,2.44,3.05,2.33,2.23,1.95,1.83,0.0,1.86,2.05,2.12,1.79,1.57,1.86,1.93,1.57,1.45,30.07,5.57
434399,SUN,Reinildo,D,4.0,1.7,2.18,2.03,1.75,2.54,1.31,2.51,1.66,1.91,1.9,1.13,1.18,1.78,1.58,2.68,1.52,29.36,7.34
248857,ARS,Madueke,M,7.0,3.47,2.5,1.46,1.74,1.55,1.71,1.95,1.78,1.81,1.32,1.51,1.5,1.78,1.48,1.68,1.65,28.88,4.13
478969,BUR,Ekdal,D,4.0,2.09,2.75,1.49,1.88,2.77,2.06,1.72,1.83,1.48,1.44,1.29,1.23,1.78,1.34,1.96,1.46,28.57,7.14
586309,EVE,Barry,F,5.9,1.73,1.45,1.99,1.83,1.58,2.02,1.99,2.0,1.78,1.66,1.73,1.9,1.54,1.52,2.03,1.72,28.48,4.83
493105,CHE,Garnacho,M,6.4,0.83,0.74,1.92,1.86,1.88,2.8,1.98,2.35,2.22,1.53,1.87,1.59,1.79,1.52,1.81,1.77,28.46,4.45
551483,BOU,A.Jimenez,D,4.5,3.07,2.81,3.24,2.63,1.22,1.67,0.96,1.24,1.58,1.77,1.65,1.18,1.22,1.9,1.25,1.01,28.38,6.31
513433,BHA,Gruda,M,5.4,1.61,1.92,1.57,1.83,1.69,1.61,2.07,1.66,1.96,1.71,1.93,1.96,1.43,2.28,1.33,1.77,28.31,5.24
449871,AVL,Onana,M,5.0,1.34,2.56,2.21,1.84,1.51,1.52,1.75,1.65,1.75,2.23,1.69,1.5,1.71,1.76,1.49,1.42,27.92,5.58
450070,WHU,Summerville,M,5.5,1.14,1.39,1.55,1.31,2.0,1.92,1.73,2.44,1.81,1.67,1.71,1.78,1.95,1.59,1.95,1.98,27.91,5.08
54469,BOU,Smith,D,4.5,0.0,0.0,0.0,0.88,1.98,2.6,1.58,2.0,2.64,2.76,2.77,1.9,1.97,3.17,2.02,1.63,27.9,6.2
233963,WHU,Mavropanos,D,4.4,1.54,1.52,1.6,1.16,1.57,1.83,1.42,2.09,1.3,1.13,1.29,2.07,2.51,1.66,2.75,2.42,27.85,6.33
200641,BRE,Nelson,M,4.9,1.12,1.31,1.83,1.62,1.79,1.64,1.63,1.87,1.83,2.37,0.0,1.91,2.26,1.99,1.98,2.15,27.29,5.57
101188,AVL,Digne,D,4.5,2.2,2.24,1.84,2.53,1.48,1.47,1.41,1.73,1.93,2.13,1.35,1.33,1.61,1.69,1.15,1.11,27.2,6.04
503714,BUR,Ugochukwu,M,5.0,2.04,1.88,1.56,1.57,1.8,1.6,1.6,1.74,1.59,1.66,1.69,1.57,1.72,1.6,1.78,1.64,27.05,5.41
218328,FUL,Chukwueze,M,5.5,0.81,1.5,1.7,1.67,1.52,1.64,1.92,1.72,2.29,1.78,1.62,1.76,1.91,1.8,1.73,1.6,26.97,4.9
510281,MCI,Savinho,M,6.9,1.89,1.62,2.62,1.97,1.93,1.48,1.49,1.39,1.21,1.62,1.32,1.89,1.38,1.65,1.4,1.71,26.59,3.85
242898,TOT,Johnson,M,7.1,2.94,1.94,2.28,2.04,1.87,1.76,1.62,1.55,1.06,1.4,1.27,1.55,1.34,1.27,1.31,1.38,26.58,3.74
445044,TOT,Kulusevski,M,6.4,0.0,0.0,0.0,0.0,0.0,0.0,0.98,2.65,2.34,3.04,2.63,3.25,2.86,2.71,2.79,2.95,26.21,4.1
153682,FUL,Wilson,M,5.4,2.46,1.75,1.32,1.42,1.27,1.34,1.74,1.42,2.04,1.48,1.38,1.54,1.67,1.57,1.52,1.39,25.29,4.68
209289,FUL,Smith Rowe,M,5.9,1.58,1.54,1.42,1.44,1.33,1.3,1.78,1.52,1.91,1.57,1.4,1.64,1.77,1.67,1.61,1.49,24.97,4.23
231057,WOL,Bellegarde,M,5.4,1.43,1.82,1.47,1.59,1.71,1.91,1.51,1.35,1.62,1.54,1.6,1.61,1.26,1.64,1.31,1.48,24.85,4.6
75115,WHU,Wilson,F,5.9,2.73,1.52,1.4,1.13,1.66,1.52,1.46,1.8,1.39,1.33,1.44,1.43,1.56,1.26,1.54,1.58,24.75,4.2
108413,CRY,Hughes,M,4.9,3.19,2.48,1.86,1.45,1.42,1.1,1.31,1.28,1.18,1.38,1.37,1.29,1.24,1.38,1.41,1.37,24.69,5.04
532529,BHA,Hinshelwood,M,5.3,1.39,1.57,1.37,1.64,1.47,1.47,1.71,1.47,1.78,1.55,1.6,1.67,1.31,1.86,1.26,1.53,24.64,4.65
465351,MCI,Matheus N.,D,5.4,2.09,1.08,1.87,1.48,1.75,1.34,1.47,1.16,1.13,1.67,1.45,1.94,1.27,1.63,1.4,1.75,24.47,4.53
212319,TOT,Richarlison,F,6.7,3.62,2.83,1.97,1.52,1.48,1.22,1.24,1.34,0.85,1.24,1.07,1.23,1.05,1.02,1.05,1.11,23.84,3.56
198869,ARS,White,D,5.4,1.0,1.04,1.24,1.69,1.46,1.57,1.85,1.79,1.54,1.23,1.64,1.38,1.72,1.55,1.51,1.55,23.76,4.4
235826,LEE,Piroe,F,5.4,0.83,1.25,1.47,1.64,1.81,1.66,1.41,1.36,1.55,1.29,1.51,1.45,1.6,1.67,1.91,1.3,23.7,4.39
204646,AVL,Malen,M,5.3,2.21,2.17,1.39,1.69,1.33,1.24,1.34,1.48,1.52,1.66,1.37,1.15,1.42,1.5,1.18,1.05,23.7,4.47
97299,MCI,Stones,D,5.5,0.79,1.15,1.9,1.29,1.58,1.28,1.41,1.25,1.27,1.82,1.41,2.02,1.33,1.69,1.51,1.85,23.55,4.28
205533,CRY,Nketiah,F,5.4,0.0,0.59,1.15,1.48,1.69,1.28,1.76,1.82,1.81,1.76,1.84,1.49,1.48,1.66,1.78,1.65,23.24,4.3
106760,MUN,Shaw,D,4.5,1.52,1.93,1.82,1.93,0.8,1.37,1.32,1.08,1.62,1.17,1.47,1.41,1.32,1.16,1.23,1.62,22.79,5.06
514254,BHA,Gomez,M,5.0,1.21,1.34,1.17,1.37,1.44,1.39,1.65,1.36,1.51,1.38,1.55,1.55,1.26,1.71,1.22,1.45,22.56,4.51
462116,WHU,Todibo,D,4.4,1.06,1.06,1.21,0.84,1.31,1.28,1.13,1.77,0.97,0.92,1.06,1.8,2.18,1.44,2.39,2.09,22.49,5.11
222694,LEE,Struijk,D,4.5,2.65,2.23,1.45,1.15,1.55,1.37,1.07,1.24,1.34,0.89,1.08,1.05,1.22,1.34,1.74,0.87,22.23,4.94
463936,CHE,Gittens,M,6.3,2.83,1.48,1.45,1.22,1.32,1.65,1.38,1.55,1.37,0.94,1.14,1.1,1.22,1.06,1.22,1.2,22.12,3.51
122798,LIV,Robertson,D,5.9,1.19,1.21,0.93,0.97,1.27,1.24,1.31,0.99,1.62,1.32,1.9,1.47,1.38,1.24,1.58,1.64,21.24,3.6
560552,FUL,Kevin,M,6.0,0.79,1.16,1.2,1.18,1.06,1.18,1.55,1.28,1.83,1.4,1.32,1.42,1.54,1.45,1.39,1.29,21.03,3.51
458249,MUN,Zirkzee,F,5.9,1.54,1.59,1.1,1.44,0.98,1.22,1.18,1.24,1.36,1.22,1.48,1.31,1.31,1.23,1.26,1.44,20.9,3.54
492777,LIV,Bradley,D,5.0,3.4,2.06,0.78,0.76,1.03,0.94,1.03,0.84,1.19,1.05,1.45,1.18,1.09,0.98,1.26,1.3,20.33,4.07
485337,AVL,Guessand,M,6.4,1.54,1.68,1.17,1.45,1.21,1.06,1.2,1.21,1.22,1.39,1.26,1.04,1.24,1.31,1.06,0.96,20.0,3.12
516895,MUN,Mainoo,M,4.9,1.71,1.42,1.15,1.26,0.97,1.16,1.16,1.15,1.27,1.22,1.39,1.23,1.22,1.15,1.18,1.3,19.96,4.07
448104,ARS,Hincapie,D,5.5,0.0,0.0,0.53,0.82,1.04,1.22,1.54,1.91,1.48,1.22,1.68,1.46,1.83,1.66,1.6,1.64,19.61,3.57
106611,EVE,Keane,D,4.5,3.78,2.41,3.44,2.48,0.47,0.57,0.63,0.65,0.61,0.63,0.6,0.66,0.49,0.53,0.72,0.6,19.25,4.28
77794,NEW,Trippier,D,5.0,1.78,0.89,0.9,1.22,1.0,1.19,1.14,1.13,1.07,1.14,1.22,1.53,1.39,1.02,1.03,1.38,19.02,3.8
496661,EVE,Dibling,M,5.5,1.48,0.84,1.12,1.01,1.92,1.17,1.29,1.2,1.12,1.07,1.05,1.21,1.02,1.02,1.28,1.12,18.93,3.44
126184,MCI,Aké,D,5.5,2.87,1.01,1.26,0.9,1.17,0.85,1.03,0.84,0.91,1.23,1.0,1.35,0.92,1.15,1.03,1.24,18.74,3.41
152551,CRY,Lerma,M,5.0,3.76,2.74,1.32,0.73,0.84,0.78,0.89,0.85,0.89,0.86,0.95,0.79,0.76,0.83,0.85,0.83,18.68,3.74
244858,BRE,Carvalho,M,4.9,0.91,0.99,1.12,1.02,1.12,0.97,1.04,1.12,1.09,1.49,1.42,1.19,1.4,1.22,1.22,1.33,18.64,3.8
195384,ARS,Merino,M,5.9,1.07,1.07,1.03,1.36,1.13,1.17,1.2,1.24,1.18,0.95,1.12,1.07,1.25,1.1,1.18,1.17,18.28,3.1
244954,AVL,Pau,D,4.5,0.8,1.16,1.15,1.59,0.97,1.02,0.8,1.18,1.35,1.47,1.12,1.11,1.3,1.35,0.98,0.95,18.28,4.06
466052,MCI,Cherki,M,6.4,0.0,0.0,0.0,0.0,0.0,0.64,1.41,1.51,1.47,1.91,1.45,2.32,1.67,1.99,1.69,2.08,18.15,2.84
570526,TOT,Bergvall,M,5.4,1.34,1.04,1.23,1.22,1.22,1.19,1.13,1.21,0.96,1.13,1.0,1.11,1.02,1.0,1.01,1.04,17.85,3.31
231416,BHA,F.Kadıoğlu,D,4.4,0.76,1.01,0.79,1.13,1.02,0.97,1.3,1.02,1.32,1.12,1.31,1.43,0.81,1.75,0.87,1.24,17.85,4.06
513466,EVE,Röhl,M,5.0,0.41,0.59,1.16,1.19,1.09,1.2,1.36,1.24,1.16,1.21,1.09,1.28,1.09,1.09,1.36,1.19,17.69,3.54
497949,WOL,Møller Wolfe,D,4.5,0.96,1.38,1.03,1.11,1.41,1.61,1.06,0.82,1.11,0.98,1.27,1.14,0.79,1.17,0.73,0.98,17.55,3.9
643135,WOL,Fer López,M,5.4,0.91,1.05,0.96,1.06,1.31,1.29,1.04,0.98,1.08,1.07,1.22,1.2,0.91,1.22,0.96,1.09,17.33,3.21
219847,ARS,Havertz,F,7.4,0.0,0.0,0.0,0.0,0.0,0.9,1.22,1.83,1.76,1.4,1.81,1.53,1.84,1.51,1.74,1.71,17.26,2.33
114243,NEW,J.Murphy,M,6.3,1.88,1.49,0.79,0.99,0.92,0.94,0.91,0.9,0.89,0.86,1.03,1.25,1.19,0.98,1.0,1.14,17.16,2.72
578153,MCI,Khusanov,D,5.4,2.3,0.73,1.05,0.88,1.05,0.89,0.89,0.82,0.81,1.21,0.96,1.31,0.9,1.12,1.0,1.22,17.15,3.18
431639,BUR,Flemming,F,5.4,0.87,1.05,0.84,0.94,1.18,1.01,0.96,1.08,1.04,1.15,1.12,1.04,1.2,1.09,1.23,1.16,16.96,3.14
502697,EVE,Alcaraz,M,5.4,1.18,0.89,1.03,0.95,1.28,1.08,1.18,1.11,0.93,1.06,1.04,1.12,0.94,0.93,1.19,1.02,16.94,3.14
174594,LEE,Nmecha,F,5.0,0.69,0.99,1.04,1.17,1.16,1.15,1.01,1.05,1.15,0.95,1.05,1.02,1.09,1.13,1.27,0.94,16.85,3.37
180135,LEE,Longstaff,M,4.9,1.35,0.99,0.95,0.95,1.02,1.13,1.0,1.07,1.12,0.93,1.05,1.0,1.05,1.08,1.19,0.94,16.83,3.43
564406,SUN,Mayenda,F,5.5,1.63,1.33,1.09,1.03,1.16,0.95,1.05,0.91,0.95,1.04,0.97,0.86,0.94,0.93,1.06,0.91,16.82,3.06
483081,WOL,R.Gomes,D,4.5,0.84,1.25,0.83,1.09,1.34,1.49,1.03,0.84,1.16,0.99,1.23,1.12,0.75,1.15,0.74,0.96,16.8,3.73
487676,SUN,Hume,D,4.5,1.74,1.92,0.98,0.87,1.24,0.69,1.24,0.85,0.93,1.01,0.58,0.65,0.95,0.85,1.37,0.83,16.7,3.71
490721,WOL,H.Bueno,D,4.5,0.87,1.51,0.88,1.05,1.25,1.51,1.0,0.77,1.02,0.93,1.2,1.08,0.76,1.12,0.7,0.93,16.59,3.69
432714,NFO,McAtee,M,5.5,0.78,1.12,1.28,0.91,0.92,0.94,1.04,1.21,0.9,1.06,1.03,1.0,1.15,1.0,0.99,1.1,16.43,2.99
91651,MCI,Kovačić,M,6.0,0.48,0.84,1.45,1.02,1.13,1.01,1.03,0.89,0.94,1.05,1.02,1.24,0.98,1.12,0.99,1.16,16.32,2.72
194010,BRE,Henry,D,4.5,0.78,0.9,0.94,0.8,1.07,0.86,0.85,0.97,0.93,1.49,0.81,1.0,1.42,1.18,1.13,1.15,16.27,3.61
110504,SUN,Traoré,M,5.5,0.7,0.98,1.01,1.01,1.14,0.96,1.11,0.94,1.04,1.07,0.94,0.95,1.07,1.05,1.26,1.02,16.22,2.95
465642,NEW,Thiaw,D,5.0,0.7,0.68,0.81,1.02,0.81,1.13,1.03,0.96,0.96,1.15,1.14,1.38,1.24,0.91,0.93,1.26,16.1,3.22
488213,WOL,Tolu,F,5.5,2.21,2.9,0.72,0.8,0.87,0.96,0.76,0.73,0.82,0.71,0.79,0.84,0.64,0.86,0.69,0.77,16.07,2.92
230001,MUN,Mazraoui,D,4.9,1.01,1.31,0.96,1.32,0.62,0.94,0.9,0.83,1.22,0.88,1.18,0.99,0.93,0.85,0.89,1.1,15.94,3.25
500040,ARS,Mosquera,D,5.4,3.0,0.5,0.55,0.81,0.76,0.81,0.94,0.98,0.93,0.71,1.0,0.9,1.08,1.01,0.95,0.98,15.91,2.95
171287,LIV,Gomez,D,5.0,0.84,0.76,0.68,0.62,0.84,0.83,0.97,0.74,1.13,1.04,1.28,1.15,1.06,0.95,1.22,1.27,15.38,3.08
465680,NFO,Kalimuendo,F,6.0,0.76,0.89,1.12,0.88,0.94,0.85,1.04,1.15,0.84,1.03,0.99,0.92,1.07,0.92,0.92,1.0,15.33,2.56
184349,FUL,Sessegnon,M,5.4,1.56,0.91,0.85,0.88,0.77,0.82,1.05,0.91,1.17,0.92,0.91,0.91,0.98,0.93,0.91,0.85,15.33,2.84
210462,NFO,Sangaré,M,5.0,1.01,1.06,1.01,0.87,0.89,0.87,0.9,0.99,0.88,1.0,0.99,0.94,0.99,0.92,0.88,0.99,15.18,3.04
158534,WHU,Walker-Peters,D,4.4,0.53,0.74,0.82,0.62,0.97,0.97,0.87,1.39,0.87,0.81,0.91,1.03,1.24,0.84,1.34,1.2,15.15,3.44
469272,BUR,Tchaouna,M,5.0,0.73,0.88,0.77,0.89,1.06,0.93,0.8,0.99,0.9,0.96,1.03,0.88,1.0,0.91,1.01,0.95,14.7,2.94
441271,WOL,Hoever,D,4.0,0.0,0.84,0.83,1.05,1.22,1.42,0.96,0.74,1.01,0.9,1.1,1.07,0.75,1.11,0.7,0.93,14.62,3.65
206915,LIV,C.Jones,M,5.4,0.0,0.0,0.79,0.74,0.97,0.96,1.04,0.96,1.05,1.03,1.33,1.13,1.12,1.08,1.19,1.21,14.61,2.71
440323,BUR,Broja,F,5.4,0.69,0.86,0.78,0.87,1.05,1.06,0.89,0.98,1.0,0.99,1.0,0.82,0.93,0.85,0.92,0.89,14.55,2.7
243571,EVE,Patterson,D,4.4,0.0,0.4,1.37,1.23,0.74,0.9,1.12,1.07,0.89,0.89,0.85,1.09,0.75,0.85,1.21,0.96,14.31,3.25
463034,CHE,Delap,F,6.3,0.0,0.0,0.0,0.0,0.0,0.0,0.0,0.0,0.74,1.32,2.13,1.9,2.09,1.8,2.12,2.09,14.19,2.25
503139,BOU,Scott,M,5.0,2.05,0.74,0.83,0.72,0.73,0.85,0.76,0.78,0.9,0.96,0.91,0.75,0.78,0.93,0.79,0.71,14.17,2.83
223434,WHU,Igor,D,4.5,1.19,1.24,1.35,0.87,1.27,1.42,1.16,2.05,1.37,1.05,1.13,0.0,0.0,0.0,0.0,0.0,14.1,3.13
232653,NEW,J.Ramsey,M,5.4,0.0,0.0,0.0,0.0,0.41,0.97,1.07,1.05,1.07,1.09,1.29,1.59,1.5,1.24,1.26,1.46,14.0,2.59
87835,WOL,Doherty,D,4.5,0.78,1.09,0.71,0.81,1.08,1.12,0.81,0.64,0.86,0.8,1.08,0.96,0.67,0.98,0.62,0.83,13.83,3.07
111317,BOU,Brooks,M,5.0,1.03,0.77,0.82,0.81,0.64,0.79,0.65,0.76,0.97,1.01,0.96,0.86,0.88,1.12,0.91,0.79,13.76,2.75
116216,ARS,Trossard,M,6.9,0.82,0.68,0.74,1.09,0.86,0.84,0.97,1.01,0.9,0.7,0.95,0.77,0.91,0.76,0.86,0.85,13.7,1.99
184754,WOL,Hee Chan,M,5.9,1.58,0.96,0.55,0.7,0.81,0.91,0.71,0.69,0.88,0.88,0.9,0.91,0.69,0.93,0.74,0.83,13.66,2.32
444145,ARS,Martinelli,M,6.9,1.75,1.1,0.77,1.02,0.77,0.73,0.85,0.83,0.84,0.62,0.78,0.67,0.79,0.67,0.75,0.73,13.66,1.98
499169,ARS,Lewis-Skelly,D,5.4,0.61,0.57,0.65,0.96,0.92,0.91,1.05,1.0,0.89,0.72,0.9,0.81,0.97,0.89,0.87,0.89,13.63,2.52
608181,BHA,Tzimas,F,5.4,0.44,0.62,0.68,0.9,0.82,0.86,1.02,0.83,1.03,0.92,0.98,1.0,0.74,1.16,0.68,0.9,13.58,2.51
550090,BHA,Coppola,D,4.4,0.53,0.67,0.58,0.88,0.82,0.77,1.13,0.74,0.96,0.93,0.87,1.08,0.65,1.28,0.72,0.95,13.56,3.08
465694,MCI,N.Gonzalez,M,6.0,0.88,0.68,1.0,0.9,0.96,0.75,0.76,0.74,0.7,0.92,0.83,1.0,0.79,0.91,0.8,0.93,13.56,2.26
660392,CRY,Uche,F,5.5,2.09,1.66,0.98,0.58,0.67,0.49,0.76,0.74,0.68,0.74,0.77,0.63,0.63,0.69,0.73,0.68,13.51,2.46
232112,MUN,Ugarte,M,4.9,0.86,0.85,0.72,0.88,0.71,0.85,0.81,0.84,0.9,0.84,0.96,0.87,0.85,0.8,0.82,0.91,13.46,2.75
427637,LEE,Aaronson,M,5.4,0.69,0.66,0.66,0.82,0.84,0.96,0.83,0.85,0.86,0.76,0.87,0.87,0.92,0.97,1.08,0.82,13.44,2.49
472713,BRE,Hickey,D,4.0,0.45,0.52,0.8,0.72,0.87,0.7,0.78,0.86,0.8,1.29,0.71,0.83,1.18,0.98,0.93,0.96,13.38,3.34
482973,NFO,Igor Jesus,F,5.9,0.61,0.82,0.93,0.67,0.73,0.76,0.89,0.86,0.74,0.81,0.97,0.84,0.95,0.83,0.83,0.89,13.13,2.23
220237,NEW,Botman,D,4.9,0.0,0.41,0.56,0.83,0.77,0.86,0.9,0.83,0.8,0.95,1.01,1.22,1.11,0.83,0.85,1.12,13.05,2.66
166477,FUL,Castagne,D,4.5,0.46,0.56,0.59,0.6,0.62,0.6,0.92,0.9,1.17,0.84,0.73,0.91,1.1,1.02,0.91,0.8,12.71,2.82
486520,LEE,Gruev,M,5.0,1.17,0.65,0.68,0.71,0.82,0.82,0.8,0.75,0.83,0.75,0.79,0.76,0.78,0.81,0.87,0.72,12.7,2.54
564940,WHU,S.Magassa,M,5.0,0.37,0.49,0.61,0.68,0.8,0.78,0.79,0.93,0.76,0.77,0.76,0.95,1.0,0.89,1.03,1.01,12.64,2.53
551210,CHE,Hato,D,4.9,0.57,0.65,0.7,0.59,0.72,1.07,0.8,0.98,1.02,0.7,0.83,0.72,0.93,0.69,0.83,0.81,12.61,2.57
651426,CRY,Canvot,D,4.5,0.72,0.62,0.56,0.7,0.66,0.57,0.87,0.82,0.89,0.85,1.02,0.83,0.73,0.95,0.85,0.95,12.6,2.8
476887,NFO,Bakwa,M,6.0,0.0,0.5,1.0,0.81,0.81,0.8,0.9,1.01,0.77,0.93,0.91,0.8,0.88,0.79,0.78,0.86,12.52,2.09
221399,LEE,Harrison,M,5.4,0.62,0.55,0.69,0.79,0.85,0.8,0.73,0.82,0.88,0.81,0.76,0.77,0.83,0.86,0.97,0.73,12.46,2.31
220627,LEE,Justin,D,4.0,0.49,0.65,0.74,0.78,0.95,0.91,0.75,0.82,0.85,0.62,0.74,0.72,0.82,0.89,1.11,0.61,12.45,3.11
204120,BHA,Boscagli,D,4.4,0.36,0.55,0.49,0.74,0.68,0.68,0.86,0.73,0.87,0.8,0.89,1.05,0.65,1.26,0.69,0.92,12.23,2.78
241231,BUR,Jordan,D,4.0,0.0,0.0,0.28,0.39,0.63,0.71,0.62,0.84,0.88,0.98,1.16,0.88,1.32,0.96,1.48,1.07,12.21,3.05
463981,BOU,Hill,D,4.0,0.35,0.54,0.75,0.85,0.57,0.77,0.58,0.71,0.97,1.08,0.91,0.73,0.75,1.11,0.76,0.65,12.09,3.02
218364,CRY,Sosa,D,5.0,0.69,0.64,0.56,0.69,0.78,0.58,0.83,0.84,0.8,0.77,0.9,0.74,0.69,0.84,0.82,0.84,12.01,2.4
95658,MUN,Maguire,D,4.4,0.87,1.09,0.86,1.0,0.43,0.59,0.67,0.64,0.82,0.64,0.81,0.74,0.7,0.64,0.68,0.83,12.0,2.73
451302,MUN,Bayindir,G,5.0,2.17,2.27,1.1,0.5,0.35,0.47,0.45,0.45,0.56,0.46,0.54,0.52,0.5,0.47,0.48,0.55,11.84,2.37
543295,BRE,Milambo,M,5.4,0.67,0.64,0.66,0.59,0.78,0.69,0.64,0.69,0.73,0.9,0.71,0.78,0.89,0.81,0.81,0.85,11.83,2.19
111478,BHA,Veltman,D,4.4,0.45,0.67,0.5,0.68,0.71,0.63,0.99,0.67,0.87,0.74,0.84,0.93,0.58,1.1,0.62,0.82,11.81,2.68
519895,BUR,Sonne,D,4.0,0.5,0.76,0.46,0.64,0.93,0.81,0.64,0.8,0.71,0.7,0.77,0.64,0.9,0.69,0.99,0.76,11.71,2.93
174592,BUR,Edwards,M,4.9,0.47,0.64,0.6,0.65,0.85,0.73,0.69,0.81,0.68,0.77,0.76,0.72,0.81,0.74,0.82,0.77,11.5,2.35
485047,NFO,Morato,D,4.4,0.41,0.53,0.76,0.55,0.6,0.67,0.72,0.92,0.51,0.78,0.76,0.87,0.81,0.8,0.69,0.97,11.35,2.58
57328,CRY,Clyne,D,4.0,0.52,0.44,0.47,0.68,0.62,0.5,0.73,0.78,0.79,0.78,1.0,0.77,0.69,0.87,0.79,0.87,11.3,2.82
532605,CHE,Andrey Santos,M,4.5,0.39,0.69,0.68,0.53,0.6,0.9,0.74,0.85,0.78,0.65,0.77,0.65,0.74,0.64,0.7,0.71,11.01,2.45
200089,NEW,Willock,M,5.0,1.06,0.81,0.55,0.73,0.68,0.57,0.6,0.58,0.53,0.6,0.72,0.8,0.76,0.64,0.65,0.73,11.0,2.2
489706,CRY,Devenny,M,4.5,2.29,1.31,0.78,0.47,0.5,0.44,0.56,0.51,0.54,0.52,0.55,0.47,0.47,0.52,0.53,0.51,10.95,2.43
223827,SUN,Ballard,D,4.6,0.0,0.0,0.65,0.7,0.97,0.54,1.02,0.69,0.84,0.83,0.54,0.58,0.83,0.76,1.2,0.73,10.87,2.36
231480,WOL,S.Bueno,D,4.5,0.64,0.8,0.48,0.6,0.75,0.84,0.61,0.5,0.68,0.6,0.76,0.81,0.6,0.82,0.55,0.71,10.74,2.39
503301,NFO,Hutchinson,M,5.5,0.53,0.66,0.7,0.58,0.58,0.64,0.64,0.76,0.56,0.7,0.69,0.66,0.72,0.65,0.65,0.71,10.44,1.9
207283,BRE,Jensen,M,4.9,0.5,0.51,0.63,0.57,0.61,0.59,0.67,0.66,0.65,0.79,0.65,0.63,0.71,0.65,0.64,0.68,10.14,2.07
231065,BRE,Pinnock,D,4.4,0.0,0.36,0.52,0.48,0.66,0.57,0.6,0.64,0.6,0.95,0.56,0.69,0.94,0.79,0.76,0.79,9.91,2.25
547719,NEW,L.Miley,M,4.5,0.73,0.61,0.52,0.62,0.55,0.59,0.55,0.53,0.52,0.56,0.63,0.74,0.71,0.61,0.63,0.69,9.81,2.18
128295,ARS,Nørgaard,M,5.4,0.0,0.44,0.56,0.67,0.63,0.7,0.67,0.73,0.73,0.61,0.73,0.61,0.71,0.64,0.67,0.66,9.76,1.81
223336,SUN,Neil,M,4.9,0.29,0.45,0.46,0.46,0.58,0.54,0.63,0.55,0.65,0.67,0.61,0.69,0.74,0.73,0.8,0.71,9.55,1.95
109345,BHA,March,M,5.8,0.0,0.0,0.0,0.0,0.61,0.68,0.82,0.75,0.82,0.81,0.89,0.91,0.68,1.04,0.64,0.82,9.45,1.63
76357,FUL,Cairney,M,4.9,0.0,0.41,0.41,0.46,0.5,0.59,0.67,0.6,0.81,0.66,0.64,0.73,0.78,0.74,0.73,0.69,9.43,1.92
433154,EVE,McNeil,M,5.8,0.61,0.38,0.48,0.45,0.88,0.6,0.67,0.53,0.58,0.59,0.59,0.66,0.56,0.55,0.7,0.61,9.42,1.62
135720,TOT,Danso,D,4.4,0.45,0.58,0.78,0.61,0.55,0.56,0.53,0.58,0.5,0.67,0.52,0.68,0.65,0.54,0.58,0.61,9.38,2.13
436893,BOU,J.Araujo,D,4.0,0.92,0.86,1.07,0.74,0.38,0.42,0.33,0.38,0.5,0.56,0.47,0.43,0.45,0.62,0.45,0.39,8.96,2.24
428580,BRE,Onyeka,M,5.0,0.44,0.45,0.5,0.44,0.5,0.49,0.52,0.54,0.53,0.64,0.48,0.57,0.64,0.6,0.59,0.62,8.55,1.71
168636,BOU,Enes Ünal,F,5.5,0.0,0.0,0.0,0.0,0.62,0.67,0.59,0.61,0.82,0.74,0.75,0.65,0.66,0.84,0.69,0.6,8.24,1.5
204580,BRE,Janelt,M,4.9,0.0,0.0,0.49,0.51,0.55,0.53,0.54,0.56,0.58,0.77,0.57,0.59,0.67,0.61,0.61,0.64,8.22,1.68
59735,LEE,Darlow,G,4.0,2.6,2.74,2.0,0.5,0.0,0.0,0.0,0.0,0.0,0.0,0.0,0.0,0.0,0.0,0.0,0.0,7.84,1.96
180804,BUR,Tuanzebe,D,3.9,0.25,0.57,0.41,0.51,0.7,0.6,0.49,0.52,0.45,0.45,0.51,0.4,0.52,0.42,0.56,0.46,7.81,2.0
547701,TOT,Gray,M,4.9,0.29,0.36,0.46,0.44,0.49,0.51,0.45,0.52,0.45,0.49,0.46,0.55,0.53,0.51,0.52,0.53,7.56,1.54
496208,BOU,Gannon-Doak,M,5.0,0.0,0.0,0.52,0.51,0.48,0.52,0.43,0.54,0.65,0.63,0.56,0.51,0.52,0.66,0.53,0.47,7.53,1.51
246301,FUL,J.Cuenca,D,4.5,0.0,0.0,0.36,0.38,0.43,0.44,0.58,0.6,0.74,0.49,0.5,0.58,0.69,0.63,0.58,0.52,7.52,1.67
490094,EVE,Iroegbunam,M,5.0,0.64,0.37,0.39,0.42,0.46,0.43,0.48,0.43,0.44,0.52,0.45,0.51,0.46,0.47,0.54,0.49,7.49,1.5
159533,FUL,Adama,M,5.4,0.61,0.0,0.0,0.4,0.44,0.49,0.6,0.48,0.68,0.46,0.51,0.55,0.6,0.57,0.54,0.51,7.41,1.37
191866,BRE,Ajer,D,4.5,0.36,0.0,0.41,0.33,0.46,0.37,0.47,0.47,0.47,0.73,0.44,0.51,0.66,0.57,0.55,0.57,7.37,1.64
472769,MCI,O’Reilly,D,4.9,1.01,0.49,0.0,0.45,0.0,0.43,0.5,0.0,0.43,0.59,0.44,0.72,0.5,0.61,0.53,0.65,7.36,1.5
511499,TOT,Tel,M,6.3,0.67,0.63,0.59,0.54,0.6,0.54,0.53,0.51,0.38,0.0,0.0,0.52,0.46,0.44,0.45,0.47,7.33,1.16
549074,BHA,Watson,M,5.0,0.0,0.48,0.42,0.54,0.43,0.47,0.55,0.42,0.52,0.5,0.55,0.54,0.41,0.62,0.39,0.49,7.33,1.47
242880,CHE,B.Badiashile,D,4.4,0.0,0.0,0.4,0.47,0.4,0.69,0.43,0.61,0.54,0.48,0.57,0.42,0.52,0.41,0.47,0.47,6.87,1.56
437505,SUN,Isidor,F,5.5,0.44,0.46,0.43,0.38,0.41,0.32,0.46,0.38,0.47,0.42,0.43,0.41,0.44,0.44,0.51,0.44,6.83,1.24
219924,FUL,Diop,D,4.4,0.0,0.0,0.0,0.36,0.41,0.37,0.55,0.51,0.71,0.5,0.4,0.55,0.66,0.6,0.56,0.5,6.67,1.52
461188,BUR,Humphreys,D,4.0,0.26,0.34,0.28,0.34,0.49,0.4,0.39,0.49,0.4,0.39,0.46,0.37,0.47,0.39,0.5,0.42,6.38,1.59
514356,CHE,Lavia,M,4.9,0.0,0.0,0.31,0.41,0.36,0.53,0.48,0.55,0.52,0.45,0.47,0.41,0.46,0.4,0.43,0.43,6.22,1.27
549329,BUR,Lucas Pires,D,4.0,0.0,0.0,0.28,0.36,0.48,0.42,0.35,0.41,0.41,0.43,0.45,0.4,0.52,0.42,0.56,0.45,5.95,1.49
105717,SUN,Masuaku,D,4.0,0.31,0.39,0.36,0.35,0.42,0.28,0.51,0.33,0.4,0.43,0.28,0.3,0.39,0.36,0.5,0.35,5.95,1.49
437738,LEE,Bornauw,D,4.0,0.0,0.33,0.32,0.0,0.45,0.42,0.38,0.53,0.47,0.35,0.44,0.4,0.45,0.49,0.58,0.35,5.95,1.49
493125,TOT,Dragusin,D,4.5,0.0,0.0,0.0,0.0,0.48,0.46,0.42,0.53,0.36,0.57,0.44,0.57,0.55,0.46,0.49,0.52,5.86,1.3
229384,WHU,Irving,M,4.5,0.32,0.31,0.34,0.29,0.33,0.36,0.33,0.45,0.35,0.34,0.39,0.38,0.4,0.35,0.41,0.4,5.75,1.28
554197,SUN,Rigg,M,4.9,0.0,0.0,0.32,0.38,0.42,0.35,0.38,0.35,0.45,0.4,0.43,0.41,0.45,0.44,0.5,0.43,5.7,1.16
250199,NFO,Dominguez,M,5.0,0.0,0.0,0.0,0.0,0.37,0.39,0.46,0.52,0.42,0.48,0.53,0.44,0.46,0.43,0.42,0.47,5.39,1.08
449027,LIV,Mamardashvili,G,4.4,0.0,0.0,0.0,0.32,0.4,0.44,0.43,0.34,0.46,0.4,0.5,0.42,0.39,0.36,0.43,0.44,5.34,1.21
550839,TOT,Odobert,M,5.4,0.69,0.62,0.62,0.62,0.62,0.52,0.52,0.49,0.38,0.0,0.0,0.0,0.0,0.0,0.0,0.0,5.08,0.94
490142,WHU,Potts,M,4.4,0.0,0.0,0.0,0.0,0.34,0.33,0.34,0.44,0.37,0.33,0.38,0.45,0.47,0.43,0.48,0.47,4.81,1.09
225321,NEW,Ramsdale,G,4.9,0.0,0.0,0.0,0.0,0.0,0.37,0.38,0.39,0.44,0.43,0.34,0.49,0.46,0.39,0.39,0.47,4.55,0.93
499309,SUN,Marc Guiu,F,4.4,0.84,0.46,0.44,0.45,0.49,0.47,0.53,0.44,0.36,0.0,0.0,0.0,0.0,0.0,0.0,0.0,4.49,1.02
167887,BUR,Laurent,M,5.0,0.0,0.0,0.0,0.0,0.36,0.32,0.3,0.36,0.31,0.32,0.35,0.38,0.43,0.4,0.43,0.41,4.35,0.87
515597,AVL,Bogarde,D,4.0,0.66,0.37,0.0,0.0,0.0,0.0,0.27,0.0,0.41,0.36,0.32,0.34,0.39,0.4,0.31,0.32,4.14,1.04
501837,WOL,Mosquera,D,4.4,0.0,0.0,0.0,0.0,0.0,0.0,0.33,0.27,0.0,0.34,0.44,0.38,0.29,0.39,0.28,0.34,3.06,0.69
167512,SUN,O'Nien,D,4.0,0.0,0.0,0.0,0.0,0.0,0.0,0.34,0.26,0.29,0.29,0.24,0.25,0.32,0.3,0.41,0.29,2.99,0.75
195546,AVL,Buendía,M,5.3,0.79,0.58,0.0,0.0,0.0,0.0,0.47,0.0,0.0,0.0,0.0,0.0,0.0,0.0,0.0,0.0,1.84,0.35
197024,WHU,G.Rodriguez,M,4.9,0.0,0.0,0.0,0.0,0.0,0.0,0.28,0.0,0.0,0.0,0.0,0.28,0.29,0.27,0.3,0.29,1.71,0.35
536109,WHU,Scarles,D,4.4,0.0,0.0,0.0,0.0,0.0,0.0,0.0,0.0,0.0,0.0,0.0,0.31,0.35,0.27,0.36,0.34,1.61,0.37
432720,MCI,Trafford,G,5.0,1.6,0.0,0.0,0.0,0.0,0.0,0.0,0.0,0.0,0.0,0.0,0.0,0.0,0.0,0.0,0.0,1.6,0.32
606921,CRY,Esse,M,4.9,0.91,0.59,0.0,0.0,0.0,0.0,0.0,0.0,0.0,0.0,0.0,0.0,0.0,0.0,0.0,0.0,1.5,0.31
538207,NEW,Osula,F,5.5,0.87,0.58,0.0,0.0,0.0,0.0,0.0,0.0,0.0,0.0,0.0,0.0,0.0,0.0,0.0,0.0,1.45,0.26
616077,ARS,Dowman,M,4.5,0.63,0.39,0.0,0.0,0.0,0.0,0.0,0.0,0.0,0.0,0.0,0.0,0.0,0.0,0.0,0.0,1.01,0.23
647850,BHA,Kostoulas,F,4.9,0.0,0.0,0.0,0.0,0.0,0.0,0.0,0.0,0.45,0.0,0.43,0.0,0.0,0.0,0.0,0.0,0.88,0.18
158983,LIV,Endo,M,5.0,0.43,0.0,0.0,0.0,0.0,0.0,0.0,0.0,0.0,0.0,0.42,0.0,0.0,0.0,0.0,0.0,0.85,0.17
536916,CHE,Buonanotte,M,4.9,0.83,0.0,0.0,0.0,0.0,0.0,0.0,0.0,0.0,0.0,0.0,0.0,0.0,0.0,0.0,0.0,0.83,0.17
606798,AVL,A.García,D,3.9,0.0,0.0,0.0,0.0,0.0,0.0,0.27,0.0,0.37,0.0,0.0,0.0,0.0,0.0,0.0,0.0,0.63,0.16
59949,EVE,Coleman,D,4.5,0.5,0.0,0.0,0.0,0.0,0.0,0.0,0.0,0.0,0.0,0.0,0.0,0.0,0.0,0.0,0.0,0.5,0.11
88894,AVL,Barkley,M,4.9,0.0,0.0,0.0,0.0,0.0,0.0,0.49,0.0,0.0,0.0,0.0,0.0,0.0,0.0,0.0,0.0,0.49,0.1
461199,SUN,Mundle,M,4.9,0.0,0.0,0.0,0.0,0.0,0.0,0.0,0.0,0.32,0.0,0.0,0.0,0.0,0.0,0.0,0.0,0.32,0.06
596054,WOL,Edozie,M,4.4,0.0,0.0,0.0,0.0,0.0,0.0,0.0,0.0,0.0,0.0,0.0,0.0,0.0,0.0,0.0,0.0,0.0,0.0
563324,ARS,Clarke,D,4.0,0.0,0.0,0.0,0.0,0.0,0.0,0.0,0.0,0.0,0.0,0.0,0.0,0.0,0.0,0.0,0.0,0.0,0.0
588796,ARS,Kabia,M,4.5,0.0,0.0,0.0,0.0,0.0,0.0,0.0,0.0,0.0,0.0,0.0,0.0,0.0,0.0,0.0,0.0,0.0,0.0
579075,CRY,Agbinone,M,4.5,0.0,0.0,0.0,0.0,0.0,0.0,0.0,0.0,0.0,0.0,0.0,0.0,0.0,0.0,0.0,0.0,0.0,0.0
599303,NEW,Neave,F,4.4,0.0,0.0,0.0,0.0,0.0,0.0,0.0,0.0,0.0,0.0,0.0,0.0,0.0,0.0,0.0,0.0,0.0,0.0
591385,FUL,Amissah,D,4.0,0.0,0.0,0.0,0.0,0.0,0.0,0.0,0.0,0.0,0.0,0.0,0.0,0.0,0.0,0.0,0.0,0.0,0.0
547037,MUN,J.Fletcher,M,4.4,0.0,0.0,0.0,0.0,0.0,0.0,0.0,0.0,0.0,0.0,0.0,0.0,0.0,0.0,0.0,0.0,0.0,0.0
534836,AVL,Patterson,D,4.0,0.0,0.0,0.0,0.0,0.0,0.0,0.0,0.0,0.0,0.0,0.0,0.0,0.0,0.0,0.0,0.0,0.0,0.0
535017,BRE,Eyestone,G,4.0,0.0,0.0,0.0,0.0,0.0,0.0,0.0,0.0,0.0,0.0,0.0,0.0,0.0,0.0,0.0,0.0,0.0,0.0
612534,BRE,Fredrick,D,4.0,0.0,0.0,0.0,0.0,0.0,0.0,0.0,0.0,0.0,0.0,0.0,0.0,0.0,0.0,0.0,0.0,0.0,0.0
547410,SUN,H.Jones,M,4.5,0.0,0.0,0.0,0.0,0.0,0.0,0.0,0.0,0.0,0.0,0.0,0.0,0.0,0.0,0.0,0.0,0.0,0.0
576980,CRY,Marsh,F,4.5,0.0,0.0,0.0,0.0,0.0,0.0,0.0,0.0,0.0,0.0,0.0,0.0,0.0,0.0,0.0,0.0,0.0,0.0
646243,ARS,Harriman-Annous,M,4.5,0.0,0.0,0.0,0.0,0.0,0.0,0.0,0.0,0.0,0.0,0.0,0.0,0.0,0.0,0.0,0.0,0.0,0.0
533710,BRE,Morgan,F,4.4,0.0,0.0,0.0,0.0,0.0,0.0,0.0,0.0,0.0,0.0,0.0,0.0,0.0,0.0,0.0,0.0,0.0,0.0
618873,MUN,Kone,M,4.5,0.0,0.0,0.0,0.0,0.0,0.0,0.0,0.0,0.0,0.0,0.0,0.0,0.0,0.0,0.0,0.0,0.0,0.0
645618,AVL,Burrowes,M,4.5,0.0,0.0,0.0,0.0,0.0,0.0,0.0,0.0,0.0,0.0,0.0,0.0,0.0,0.0,0.0,0.0,0.0,0.0
577731,AVL,Broggio,M,4.5,0.0,0.0,0.0,0.0,0.0,0.0,0.0,0.0,0.0,0.0,0.0,0.0,0.0,0.0,0.0,0.0,0.0,0.0
575034,MUN,Wheatley,F,4.5,0.0,0.0,0.0,0.0,0.0,0.0,0.0,0.0,0.0,0.0,0.0,0.0,0.0,0.0,0.0,0.0,0.0,0.0
493837,SUN,Matete,M,4.4,0.0,0.0,0.0,0.0,0.0,0.0,0.0,0.0,0.0,0.0,0.0,0.0,0.0,0.0,0.0,0.0,0.0,0.0
219937,LIV,R.Williams,D,3.9,0.0,0.0,0.0,0.0,0.0,0.0,0.0,0.0,0.0,0.0,0.0,0.0,0.0,0.0,0.0,0.0,0.0,0.0
474907,EVE,Welch,D,4.0,0.0,0.0,0.0,0.0,0.0,0.0,0.0,0.0,0.0,0.0,0.0,0.0,0.0,0.0,0.0,0.0,0.0,0.0
483364,WHU,Hegyi,G,4.0,0.0,0.0,0.0,0.0,0.0,0.0,0.0,0.0,0.0,0.0,0.0,0.0,0.0,0.0,0.0,0.0,0.0,0.0
232571,SUN,Patterson,G,4.4,0.0,0.0,0.0,0.0,0.0,0.0,0.0,0.0,0.0,0.0,0.0,0.0,0.0,0.0,0.0,0.0,0.0,0.0
590014,CRY,Cardines,M,4.5,0.0,0.0,0.0,0.0,0.0,0.0,0.0,0.0,0.0,0.0,0.0,0.0,0.0,0.0,0.0,0.0,0.0,0.0
622536,BRE,Arthur,D,4.0,0.0,0.0,0.0,0.0,0.0,0.0,0.0,0.0,0.0,0.0,0.0,0.0,0.0,0.0,0.0,0.0,0.0,0.0
606774,BOU,Rees-Dottin,M,4.5,0.0,0.0,0.0,0.0,0.0,0.0,0.0,0.0,0.0,0.0,0.0,0.0,0.0,0.0,0.0,0.0,0.0,0.0
550596,BOU,Sadi,M,4.5,0.0,0.0,0.0,0.0,0.0,0.0,0.0,0.0,0.0,0.0,0.0,0.0,0.0,0.0,0.0,0.0,0.0,0.0
611922,LIV,Ngumoha,M,4.5,0.0,0.0,0.0,0.0,0.0,0.0,0.0,0.0,0.0,0.0,0.0,0.0,0.0,0.0,0.0,0.0,0.0,0.0
596047,MUN,Obi,F,4.4,0.0,0.0,0.0,0.0,0.0,0.0,0.0,0.0,0.0,0.0,0.0,0.0,0.0,0.0,0.0,0.0,0.0,0.0
438098,ARS,Fábio Vieira,M,5.4,0.0,0.0,0.0,0.0,0.0,0.0,0.0,0.0,0.0,0.0,0.0,0.0,0.0,0.0,0.0,0.0,0.0,0.0
575204,MCI,Echeverri,M,5.4,0.0,0.0,0.0,0.0,0.0,0.0,0.0,0.0,0.0,0.0,0.0,0.0,0.0,0.0,0.0,0.0,0.0,0.0
424044,BOU,H.Traorè,M,4.5,0.0,0.0,0.0,0.0,0.0,0.0,0.0,0.0,0.0,0.0,0.0,0.0,0.0,0.0,0.0,0.0,0.0,0.0
210156,NFO,Awoniyi,F,5.4,0.0,0.0,0.0,0.0,0.0,0.0,0.0,0.0,0.0,0.0,0.0,0.0,0.0,0.0,0.0,0.0,0.0,0.0
441192,BHA,Sarmiento,M,4.9,0.0,0.0,0.0,0.0,0.0,0.0,0.0,0.0,0.0,0.0,0.0,0.0,0.0,0.0,0.0,0.0,0.0,0.0
450542,CRY,J.Rak-Sakyi,M,4.5,0.0,0.0,0.0,0.0,0.0,0.0,0.0,0.0,0.0,0.0,0.0,0.0,0.0,0.0,0.0,0.0,0.0,0.0
535928,LIV,Bajcetic,M,4.4,0.0,0.0,0.0,0.0,0.0,0.0,0.0,0.0,0.0,0.0,0.0,0.0,0.0,0.0,0.0,0.0,0.0,0.0
155405,MCI,Phillips,M,4.9,0.0,0.0,0.0,0.0,0.0,0.0,0.0,0.0,0.0,0.0,0.0,0.0,0.0,0.0,0.0,0.0,0.0,0.0
204968,NFO,Yates,M,4.9,0.0,0.0,0.0,0.0,0.0,0.0,0.0,0.0,0.0,0.0,0.0,0.0,0.0,0.0,0.0,0.0,0.0,0.0
451432,NFO,David Carmo,D,4.5,0.0,0.0,0.0,0.0,0.0,0.0,0.0,0.0,0.0,0.0,0.0,0.0,0.0,0.0,0.0,0.0,0.0,0.0
215711,AVL,Bailey,M,5.5,0.0,0.0,0.0,0.0,0.0,0.0,0.0,0.0,0.0,0.0,0.0,0.0,0.0,0.0,0.0,0.0,0.0,0.0
438464,CRY,Doucouré,M,5.0,0.0,0.0,0.0,0.0,0.0,0.0,0.0,0.0,0.0,0.0,0.0,0.0,0.0,0.0,0.0,0.0,0.0,0.0
202641,MUN,Onana,G,4.9,0.0,0.0,0.0,0.0,0.0,0.0,0.0,0.0,0.0,0.0,0.0,0.0,0.0,0.0,0.0,0.0,0.0,0.0
647681,LIV,Leoni,D,5.0,0.0,0.0,0.0,0.0,0.0,0.0,0.0,0.0,0.0,0.0,0.0,0.0,0.0,0.0,0.0,0.0,0.0,0.0
574458,CHE,M.Sarr,D,4.5,0.0,0.0,0.0,0.0,0.0,0.0,0.0,0.0,0.0,0.0,0.0,0.0,0.0,0.0,0.0,0.0,0.0,0.0
159506,NFO,Aina,D,5.0,0.0,0.0,0.0,0.0,0.0,0.0,0.0,0.0,0.0,0.0,0.0,0.0,0.0,0.0,0.0,0.0,0.0,0.0
518030,BUR,Weiss,G,4.5,0.0,0.0,0.0,0.0,0.0,0.0,0.0,0.0,0.0,0.0,0.0,0.0,0.0,0.0,0.0,0.0,0.0,0.0
461195,SUN,Cirkin,D,4.0,0.0,0.0,0.0,0.0,0.0,0.0,0.0,0.0,0.0,0.0,0.0,0.0,0.0,0.0,0.0,0.0,0.0,0.0
641221,WOL,Pedro Lima,D,4.0,0.0,0.0,0.0,0.0,0.0,0.0,0.0,0.0,0.0,0.0,0.0,0.0,0.0,0.0,0.0,0.0,0.0,0.0
499300,EVE,Aznou,D,4.4,0.0,0.0,0.0,0.0,0.0,0.0,0.0,0.0,0.0,0.0,0.0,0.0,0.0,0.0,0.0,0.0,0.0,0.0
622758,CHE,Anselmino,D,4.0,0.0,0.0,0.0,0.0,0.0,0.0,0.0,0.0,0.0,0.0,0.0,0.0,0.0,0.0,0.0,0.0,0.0,0.0
211975,MCI,Akanji,D,5.4,0.0,0.0,0.0,0.0,0.0,0.0,0.0,0.0,0.0,0.0,0.0,0.0,0.0,0.0,0.0,0.0,0.0,0.0
491007,CHE,D.Essugo,M,4.4,0.0,0.0,0.0,0.0,0.0,0.0,0.0,0.0,0.0,0.0,0.0,0.0,0.0,0.0,0.0,0.0,0.0,0.0
487117,BHA,Ferguson,F,5.5,0.0,0.0,0.0,0.0,0.0,0.0,0.0,0.0,0.0,0.0,0.0,0.0,0.0,0.0,0.0,0.0,0.0,0.0
553299,TOT,Takai,D,4.0,0.0,0.0,0.0,0.0,0.0,0.0,0.0,0.0,0.0,0.0,0.0,0.0,0.0,0.0,0.0,0.0,0.0,0.0
84182,WHU,Areola,G,4.4,0.0,0.0,0.0,0.0,0.0,0.0,0.0,0.0,0.0,0.0,0.0,0.0,0.0,0.0,0.0,0.0,0.0,0.0
439135,BHA,Cashin,D,4.0,0.0,0.0,0.0,0.0,0.0,0.0,0.0,0.0,0.0,0.0,0.0,0.0,0.0,0.0,0.0,0.0,0.0,0.0
560441,NFO,Cuiabano,D,4.5,0.0,0.0,0.0,0.0,0.0,0.0,0.0,0.0,0.0,0.0,0.0,0.0,0.0,0.0,0.0,0.0,0.0,0.0
577114,WHU,L.Guilherme,M,4.9,0.0,0.0,0.0,0.0,0.0,0.0,0.0,0.0,0.0,0.0,0.0,0.0,0.0,0.0,0.0,0.0,0.0,0.0
515621,CRY,Chadi Riad,D,4.0,0.0,0.0,0.0,0.0,0.0,0.0,0.0,0.0,0.0,0.0,0.0,0.0,0.0,0.0,0.0,0.0,0.0,0.0
441240,BOU,Faivre,M,4.5,0.0,0.0,0.0,0.0,0.0,0.0,0.0,0.0,0.0,0.0,0.0,0.0,0.0,0.0,0.0,0.0,0.0,0.0
616222,MCI,Vitor Reis,D,5.0,0.0,0.0,0.0,0.0,0.0,0.0,0.0,0.0,0.0,0.0,0.0,0.0,0.0,0.0,0.0,0.0,0.0,0.0
465920,CHE,Mudryk,M,5.0,0.0,0.0,0.0,0.0,0.0,0.0,0.0,0.0,0.0,0.0,0.0,0.0,0.0,0.0,0.0,0.0,0.0,0.0
205651,ARS,G.Jesus,F,6.5,0.0,0.0,0.0,0.0,0.0,0.0,0.0,0.0,0.0,0.0,0.0,0.0,0.0,0.0,0.0,0.0,0.0,0.0
440854,ARS,Kiwior,D,5.4,0.0,0.0,0.0,0.0,0.0,0.0,0.0,0.0,0.0,0.0,0.0,0.0,0.0,0.0,0.0,0.0,0.0,0.0
110735,BHA,Webster,D,4.4,0.0,0.0,0.0,0.0,0.0,0.0,0.0,0.0,0.0,0.0,0.0,0.0,0.0,0.0,0.0,0.0,0.0,0.0
628204,BRE,Konak,M,4.4,0.0,0.0,0.0,0.0,0.0,0.0,0.0,0.0,0.0,0.0,0.0,0.0,0.0,0.0,0.0,0.0,0.0,0.0
149519,WHU,Cornet,M,4.9,0.0,0.0,0.0,0.0,0.0,0.0,0.0,0.0,0.0,0.0,0.0,0.0,0.0,0.0,0.0,0.0,0.0,0.0
661712,MUN,D.Leon,D,4.4,0.0,0.0,0.0,0.0,0.0,0.0,0.0,0.0,0.0,0.0,0.0,0.0,0.0,0.0,0.0,0.0,0.0,0.0
433952,LEE,Ramazani,M,4.9,0.0,0.0,0.0,0.0,0.0,0.0,0.0,0.0,0.0,0.0,0.0,0.0,0.0,0.0,0.0,0.0,0.0,0.0
121709,CRY,Benitez,G,4.0,0.0,0.0,0.0,0.0,0.0,0.0,0.0,0.0,0.0,0.0,0.0,0.0,0.0,0.0,0.0,0.0,0.0,0.0
547676,MUN,Fredricson,D,4.0,0.0,0.0,0.0,0.0,0.0,0.0,0.0,0.0,0.0,0.0,0.0,0.0,0.0,0.0,0.0,0.0,0.0,0.0
222690,MUN,Malacia,D,4.0,0.0,0.0,0.0,0.0,0.0,0.0,0.0,0.0,0.0,0.0,0.0,0.0,0.0,0.0,0.0,0.0,0.0,0.0
565297,LEE,Mateo Joseph,F,5.0,0.0,0.0,0.0,0.0,0.0,0.0,0.0,0.0,0.0,0.0,0.0,0.0,0.0,0.0,0.0,0.0,0.0,0.0
88248,MCI,Ortega Moreno,G,4.9,0.0,0.0,0.0,0.0,0.0,0.0,0.0,0.0,0.0,0.0,0.0,0.0,0.0,0.0,0.0,0.0,0.0,0.0
548308,TOT,Phillips,D,4.0,0.0,0.0,0.0,0.0,0.0,0.0,0.0,0.0,0.0,0.0,0.0,0.0,0.0,0.0,0.0,0.0,0.0,0.0
591386,LIV,Nyoni,M,4.4,0.0,0.0,0.0,0.0,0.0,0.0,0.0,0.0,0.0,0.0,0.0,0.0,0.0,0.0,0.0,0.0,0.0,0.0
21205,MUN,Heaton,G,4.0,0.0,0.0,0.0,0.0,0.0,0.0,0.0,0.0,0.0,0.0,0.0,0.0,0.0,0.0,0.0,0.0,0.0,0.0
81441,NEW,Gillespie,G,4.0,0.0,0.0,0.0,0.0,0.0,0.0,0.0,0.0,0.0,0.0,0.0,0.0,0.0,0.0,0.0,0.0,0.0,0.0
169593,CRY,Matthews,G,4.0,0.0,0.0,0.0,0.0,0.0,0.0,0.0,0.0,0.0,0.0,0.0,0.0,0.0,0.0,0.0,0.0,0.0,0.0
496279,EVE,Heath,M,4.5,0.0,0.0,0.0,0.0,0.0,0.0,0.0,0.0,0.0,0.0,0.0,0.0,0.0,0.0,0.0,0.0,0.0,0.0
536694,CRY,M.França,M,4.5,0.0,0.0,0.0,0.0,0.0,0.0,0.0,0.0,0.0,0.0,0.0,0.0,0.0,0.0,0.0,0.0,0.0,0.0
491287,AVL,Barrenechea,M,5.0,0.0,0.0,0.0,0.0,0.0,0.0,0.0,0.0,0.0,0.0,0.0,0.0,0.0,0.0,0.0,0.0,0.0,0.0
469247,AVL,Iling Jr,M,5.5,0.0,0.0,0.0,0.0,0.0,0.0,0.0,0.0,0.0,0.0,0.0,0.0,0.0,0.0,0.0,0.0,0.0,0.0
109745,ARS,Arrizabalaga,G,4.4,0.0,0.0,0.0,0.0,0.0,0.0,0.0,0.0,0.0,0.0,0.0,0.0,0.0,0.0,0.0,0.0,0.0,0.0
577974,MUN,Amass,D,4.0,0.0,0.0,0.0,0.0,0.0,0.0,0.0,0.0,0.0,0.0,0.0,0.0,0.0,0.0,0.0,0.0,0.0,0.0
575901,BOU,Soler,D,4.0,0.0,0.0,0.0,0.0,0.0,0.0,0.0,0.0,0.0,0.0,0.0,0.0,0.0,0.0,0.0,0.0,0.0,0.0
606745,MUN,Heaven,D,4.0,0.0,0.0,0.0,0.0,0.0,0.0,0.0,0.0,0.0,0.0,0.0,0.0,0.0,0.0,0.0,0.0,0.0,0.0
447715,BUR,A.Ramsey,M,4.4,0.0,0.0,0.0,0.0,0.0,0.0,0.0,0.0,0.0,0.0,0.0,0.0,0.0,0.0,0.0,0.0,0.0,0.0
213999,WHU,Álvarez,M,4.9,0.0,0.0,0.0,0.0,0.0,0.0,0.0,0.0,0.0,0.0,0.0,0.0,0.0,0.0,0.0,0.0,0.0,0.0
219249,BHA,O'Riley,M,5.5,0.0,0.0,0.0,0.0,0.0,0.0,0.0,0.0,0.0,0.0,0.0,0.0,0.0,0.0,0.0,0.0,0.0,0.0
471798,CHE,Slonina,G,4.0,0.0,0.0,0.0,0.0,0.0,0.0,0.0,0.0,0.0,0.0,0.0,0.0,0.0,0.0,0.0,0.0,0.0,0.0
623095,TOT,Min-hyeok,M,4.5,0.0,0.0,0.0,0.0,0.0,0.0,0.0,0.0,0.0,0.0,0.0,0.0,0.0,0.0,0.0,0.0,0.0,0.0
221389,NFO,John,G,4.0,0.0,0.0,0.0,0.0,0.0,0.0,0.0,0.0,0.0,0.0,0.0,0.0,0.0,0.0,0.0,0.0,0.0,0.0
224995,BOU,Sinisterra,M,5.0,0.0,0.0,0.0,0.0,0.0,0.0,0.0,0.0,0.0,0.0,0.0,0.0,0.0,0.0,0.0,0.0,0.0,0.0
587178,AVL,Yasin,D,4.0,0.0,0.0,0.0,0.0,0.0,0.0,0.0,0.0,0.0,0.0,0.0,0.0,0.0,0.0,0.0,0.0,0.0,0.0
626464,BRE,Nunes,M,4.9,0.0,0.0,0.0,0.0,0.0,0.0,0.0,0.0,0.0,0.0,0.0,0.0,0.0,0.0,0.0,0.0,0.0,0.0
549939,CHE,Penders,G,4.0,0.0,0.0,0.0,0.0,0.0,0.0,0.0,0.0,0.0,0.0,0.0,0.0,0.0,0.0,0.0,0.0,0.0,0.0
499721,TOT,Moore,M,5.0,0.0,0.0,0.0,0.0,0.0,0.0,0.0,0.0,0.0,0.0,0.0,0.0,0.0,0.0,0.0,0.0,0.0,0.0
611695,BHA,Yalcouye,M,5.0,0.0,0.0,0.0,0.0,0.0,0.0,0.0,0.0,0.0,0.0,0.0,0.0,0.0,0.0,0.0,0.0,0.0,0.0
208912,BUR,Worrall,D,4.0,0.0,0.0,0.0,0.0,0.0,0.0,0.0,0.0,0.0,0.0,0.0,0.0,0.0,0.0,0.0,0.0,0.0,0.0
192290,BUR,Roberts,D,4.4,0.0,0.0,0.0,0.0,0.0,0.0,0.0,0.0,0.0,0.0,0.0,0.0,0.0,0.0,0.0,0.0,0.0,0.0
609873,EVE,Armstrong,M,4.5,0.0,0.0,0.0,0.0,0.0,0.0,0.0,0.0,0.0,0.0,0.0,0.0,0.0,0.0,0.0,0.0,0.0,0.0
229600,EVE,Travers,G,4.5,0.0,0.0,0.0,0.0,0.0,0.0,0.0,0.0,0.0,0.0,0.0,0.0,0.0,0.0,0.0,0.0,0.0,0.0
101982,WOL,Johnstone,G,4.5,0.0,0.0,0.0,0.0,0.0,0.0,0.0,0.0,0.0,0.0,0.0,0.0,0.0,0.0,0.0,0.0,0.0,0.0
490881,MUN,Collyer,M,4.5,0.0,0.0,0.0,0.0,0.0,0.0,0.0,0.0,0.0,0.0,0.0,0.0,0.0,0.0,0.0,0.0,0.0,0.0
552427,TOT,Lankshear,F,4.5,0.0,0.0,0.0,0.0,0.0,0.0,0.0,0.0,0.0,0.0,0.0,0.0,0.0,0.0,0.0,0.0,0.0,0.0
437748,BUR,Trésor,M,4.5,0.0,0.0,0.0,0.0,0.0,0.0,0.0,0.0,0.0,0.0,0.0,0.0,0.0,0.0,0.0,0.0,0.0,0.0
550615,CHE,George,M,4.9,0.0,0.0,0.0,0.0,0.0,0.0,0.0,0.0,0.0,0.0,0.0,0.0,0.0,0.0,0.0,0.0,0.0,0.0
235674,TOT,Solomon,M,5.4,0.0,0.0,0.0,0.0,0.0,0.0,0.0,0.0,0.0,0.0,0.0,0.0,0.0,0.0,0.0,0.0,0.0,0.0
176297,MUN,Rashford,M,7.0,0.0,0.0,0.0,0.0,0.0,0.0,0.0,0.0,0.0,0.0,0.0,0.0,0.0,0.0,0.0,0.0,0.0,0.0
172780,TOT,Maddison,M,6.9,0.0,0.0,0.0,0.0,0.0,0.0,0.0,0.0,0.0,0.0,0.0,0.0,0.0,0.0,0.0,0.0,0.0,0.0
169359,NEW,Targett,D,4.0,0.0,0.0,0.0,0.0,0.0,0.0,0.0,0.0,0.0,0.0,0.0,0.0,0.0,0.0,0.0,0.0,0.0,0.0
153366,FUL,Reed,M,4.4,0.0,0.0,0.0,0.0,0.0,0.0,0.0,0.0,0.0,0.0,0.0,0.0,0.0,0.0,0.0,0.0,0.0,0.0
631786,FUL,Kusi-Asare,F,4.5,0.0,0.0,0.0,0.0,0.0,0.0,0.0,0.0,0.0,0.0,0.0,0.0,0.0,0.0,0.0,0.0,0.0,0.0
476502,WOL,B.Traore,M,5.0,0.0,0.0,0.0,0.0,0.0,0.0,0.0,0.0,0.0,0.0,0.0,0.0,0.0,0.0,0.0,0.0,0.0,0.0
513834,BHA,Moran,M,4.5,0.0,0.0,0.0,0.0,0.0,0.0,0.0,0.0,0.0,0.0,0.0,0.0,0.0,0.0,0.0,0.0,0.0,0.0
437495,LEE,Meslier,G,4.4,0.0,0.0,0.0,0.0,0.0,0.0,0.0,0.0,0.0,0.0,0.0,0.0,0.0,0.0,0.0,0.0,0.0,0.0
492831,BUR,Amdouni,F,4.9,0.0,0.0,0.0,0.0,0.0,0.0,0.0,0.0,0.0,0.0,0.0,0.0,0.0,0.0,0.0,0.0,0.0,0.0
610799,TOT,Vuskovic,D,3.9,0.0,0.0,0.0,0.0,0.0,0.0,0.0,0.0,0.0,0.0,0.0,0.0,0.0,0.0,0.0,0.0,0.0,0.0
223541,LIV,Chiesa,M,6.5,0.0,0.0,0.0,0.0,0.0,0.0,0.0,0.0,0.0,0.0,0.0,0.0,0.0,0.0,0.0,0.0,0.0,0.0
465702,SUN,Pembele,D,4.0,0.0,0.0,0.0,0.0,0.0,0.0,0.0,0.0,0.0,0.0,0.0,0.0,0.0,0.0,0.0,0.0,0.0,0.0
115556,TOT,Davies,D,4.4,0.0,0.0,0.0,0.0,0.0,0.0,0.0,0.0,0.0,0.0,0.0,0.0,0.0,0.0,0.0,0.0,0.0,0.0
490885,WHU,Earthy,M,4.5,0.0,0.0,0.0,0.0,0.0,0.0,0.0,0.0,0.0,0.0,0.0,0.0,0.0,0.0,0.0,0.0,0.0,0.0
565431,WHU,Marshall,F,4.4,0.0,0.0,0.0,0.0,0.0,0.0,0.0,0.0,0.0,0.0,0.0,0.0,0.0,0.0,0.0,0.0,0.0,0.0
462635,LEE,Gelhardt,M,4.5,0.0,0.0,0.0,0.0,0.0,0.0,0.0,0.0,0.0,0.0,0.0,0.0,0.0,0.0,0.0,0.0,0.0,0.0
626844,SUN,Aleksić,M,4.9,0.0,0.0,0.0,0.0,0.0,0.0,0.0,0.0,0.0,0.0,0.0,0.0,0.0,0.0,0.0,0.0,0.0,0.0
477547,SUN,Hjelde,D,4.0,0.0,0.0,0.0,0.0,0.0,0.0,0.0,0.0,0.0,0.0,0.0,0.0,0.0,0.0,0.0,0.0,0.0,0.0
429414,WOL,Kalajdžić,F,4.9,0.0,0.0,0.0,0.0,0.0,0.0,0.0,0.0,0.0,0.0,0.0,0.0,0.0,0.0,0.0,0.0,0.0,0.0
124165,SUN,Roberts,M,5.4,0.0,0.0,0.0,0.0,0.0,0.0,0.0,0.0,0.0,0.0,0.0,0.0,0.0,0.0,0.0,0.0,0.0,0.0
490145,TOT,Scarlett,F,4.4,0.0,0.0,0.0,0.0,0.0,0.0,0.0,0.0,0.0,0.0,0.0,0.0,0.0,0.0,0.0,0.0,0.0,0.0
566164,MCI,Nypan,M,5.0,0.0,0.0,0.0,0.0,0.0,0.0,0.0,0.0,0.0,0.0,0.0,0.0,0.0,0.0,0.0,0.0,0.0,0.0
575458,NFO,Jair Cunha,D,4.4,0.0,0.0,0.0,0.0,0.0,0.0,0.0,0.0,0.0,0.0,0.0,0.0,0.0,0.0,0.0,0.0,0.0,0.0
74854,SUN,Moore,G,4.0,0.0,0.0,0.0,0.0,0.0,0.0,0.0,0.0,0.0,0.0,0.0,0.0,0.0,0.0,0.0,0.0,0.0,0.0
487702,BUR,Koleosho,M,5.0,0.0,0.0,0.0,0.0,0.0,0.0,0.0,0.0,0.0,0.0,0.0,0.0,0.0,0.0,0.0,0.0,0.0,0.0
214285,LIV,Tsimikas,D,4.9,0.0,0.0,0.0,0.0,0.0,0.0,0.0,0.0,0.0,0.0,0.0,0.0,0.0,0.0,0.0,0.0,0.0,0.0
477851,SUN,Ba,M,4.4,0.0,0.0,0.0,0.0,0.0,0.0,0.0,0.0,0.0,0.0,0.0,0.0,0.0,0.0,0.0,0.0,0.0,0.0
101148,NEW,Lascelles,D,4.4,0.0,0.0,0.0,0.0,0.0,0.0,0.0,0.0,0.0,0.0,0.0,0.0,0.0,0.0,0.0,0.0,0.0,0.0
460028,CHE,Colwill,D,4.9,0.0,0.0,0.0,0.0,0.0,0.0,0.0,0.0,0.0,0.0,0.0,0.0,0.0,0.0,0.0,0.0,0.0,0.0
183751,BUR,Benson,M,5.4,0.0,0.0,0.0,0.0,0.0,0.0,0.0,0.0,0.0,0.0,0.0,0.0,0.0,0.0,0.0,0.0,0.0,0.0
507433,BRE,Valdimarsson,G,4.0,0.0,0.0,0.0,0.0,0.0,0.0,0.0,0.0,0.0,0.0,0.0,0.0,0.0,0.0,0.0,0.0,0.0,0.0
155503,LIV,Woodman,G,4.0,0.0,0.0,0.0,0.0,0.0,0.0,0.0,0.0,0.0,0.0,0.0,0.0,0.0,0.0,0.0,0.0,0.0,0.0
640108,NEW,Antoñito C.,M,4.9,0.0,0.0,0.0,0.0,0.0,0.0,0.0,0.0,0.0,0.0,0.0,0.0,0.0,0.0,0.0,0.0,0.0,0.0
593001,WOL,Gonzalez,M,4.4,0.0,0.0,0.0,0.0,0.0,0.0,0.0,0.0,0.0,0.0,0.0,0.0,0.0,0.0,0.0,0.0,0.0,0.0
551221,ARS,Setford,G,4.0,0.0,0.0,0.0,0.0,0.0,0.0,0.0,0.0,0.0,0.0,0.0,0.0,0.0,0.0,0.0,0.0,0.0,0.0
466117,CRY,Ahamada,M,4.5,0.0,0.0,0.0,0.0,0.0,0.0,0.0,0.0,0.0,0.0,0.0,0.0,0.0,0.0,0.0,0.0,0.0,0.0
184667,AVL,Lindelöf,D,4.5,0.0,0.0,0.0,0.0,0.0,0.0,0.0,0.0,0.0,0.0,0.0,0.0,0.0,0.0,0.0,0.0,0.0,0.0
463748,ARS,Hein,G,4.0,0.0,0.0,0.0,0.0,0.0,0.0,0.0,0.0,0.0,0.0,0.0,0.0,0.0,0.0,0.0,0.0,0.0,0.0
541462,BOU,Akinmboni,D,4.0,0.0,0.0,0.0,0.0,0.0,0.0,0.0,0.0,0.0,0.0,0.0,0.0,0.0,0.0,0.0,0.0,0.0,0.0
220598,BUR,Obafemi,F,4.4,0.0,0.0,0.0,0.0,0.0,0.0,0.0,0.0,0.0,0.0,0.0,0.0,0.0,0.0,0.0,0.0,0.0,0.0
171422,SUN,Browne,M,4.5,0.0,0.0,0.0,0.0,0.0,0.0,0.0,0.0,0.0,0.0,0.0,0.0,0.0,0.0,0.0,0.0,0.0,0.0
499717,BRE,Meghoma,D,4.0,0.0,0.0,0.0,0.0,0.0,0.0,0.0,0.0,0.0,0.0,0.0,0.0,0.0,0.0,0.0,0.0,0.0,0.0
461421,AVL,Dobbin,M,5.0,0.0,0.0,0.0,0.0,0.0,0.0,0.0,0.0,0.0,0.0,0.0,0.0,0.0,0.0,0.0,0.0,0.0,0.0
492368,LEE,Schmidt,D,4.0,0.0,0.0,0.0,0.0,0.0,0.0,0.0,0.0,0.0,0.0,0.0,0.0,0.0,0.0,0.0,0.0,0.0,0.0
450072,BUR,Sambo,D,4.0,0.0,0.0,0.0,0.0,0.0,0.0,0.0,0.0,0.0,0.0,0.0,0.0,0.0,0.0,0.0,0.0,0.0,0.0
620487,BOU,Milosavljević,D,4.5,0.0,0.0,0.0,0.0,0.0,0.0,0.0,0.0,0.0,0.0,0.0,0.0,0.0,0.0,0.0,0.0,0.0,0.0
111452,NEW,Odysseas,G,4.0,0.0,0.0,0.0,0.0,0.0,0.0,0.0,0.0,0.0,0.0,0.0,0.0,0.0,0.0,0.0,0.0,0.0,0.0
519634,SUN,Seelt,D,4.0,0.0,0.0,0.0,0.0,0.0,0.0,0.0,0.0,0.0,0.0,0.0,0.0,0.0,0.0,0.0,0.0,0.0,0.0
569014,NFO,Da Silva Moreira,M,4.5,0.0,0.0,0.0,0.0,0.0,0.0,0.0,0.0,0.0,0.0,0.0,0.0,0.0,0.0,0.0,0.0,0.0,0.0
472739,BHA,Rushworth,G,4.0,0.0,0.0,0.0,0.0,0.0,0.0,0.0,0.0,0.0,0.0,0.0,0.0,0.0,0.0,0.0,0.0,0.0,0.0
247245,BUR,Delcroix,D,4.0,0.0,0.0,0.0,0.0,0.0,0.0,0.0,0.0,0.0,0.0,0.0,0.0,0.0,0.0,0.0,0.0,0.0,0.0
489580,LIV,Ramsay,D,3.9,0.0,0.0,0.0,0.0,0.0,0.0,0.0,0.0,0.0,0.0,0.0,0.0,0.0,0.0,0.0,0.0,0.0,0.0
72147,AVL,M.Bizot,G,4.5,0.0,0.0,0.0,0.0,0.0,0.0,0.0,0.0,0.0,0.0,0.0,0.0,0.0,0.0,0.0,0.0,0.0,0.0
606689,BRE,Donovan,M,4.5,0.0,0.0,0.0,0.0,0.0,0.0,0.0,0.0,0.0,0.0,0.0,0.0,0.0,0.0,0.0,0.0,0.0,0.0
440955,SUN,Rusyn,F,4.4,0.0,0.0,0.0,0.0,0.0,0.0,0.0,0.0,0.0,0.0,0.0,0.0,0.0,0.0,0.0,0.0,0.0,0.0
611926,LIV,Nallo,D,3.9,0.0,0.0,0.0,0.0,0.0,0.0,0.0,0.0,0.0,0.0,0.0,0.0,0.0,0.0,0.0,0.0,0.0,0.0
586268,LIV,Pécsi,G,4.0,0.0,0.0,0.0,0.0,0.0,0.0,0.0,0.0,0.0,0.0,0.0,0.0,0.0,0.0,0.0,0.0,0.0,0.0
611975,SUN,Abdullahi,F,4.4,0.0,0.0,0.0,0.0,0.0,0.0,0.0,0.0,0.0,0.0,0.0,0.0,0.0,0.0,0.0,0.0,0.0,0.0
441024,NEW,Ashby,D,4.0,0.0,0.0,0.0,0.0,0.0,0.0,0.0,0.0,0.0,0.0,0.0,0.0,0.0,0.0,0.0,0.0,0.0,0.0
86873,FUL,Lecomte,G,4.0,0.0,0.0,0.0,0.0,0.0,0.0,0.0,0.0,0.0,0.0,0.0,0.0,0.0,0.0,0.0,0.0,0.0,0.0
220684,SUN,Alese,D,4.0,0.0,0.0,0.0,0.0,0.0,0.0,0.0,0.0,0.0,0.0,0.0,0.0,0.0,0.0,0.0,0.0,0.0,0.0
549067,NFO,Abbott,D,4.0,0.0,0.0,0.0,0.0,0.0,0.0,0.0,0.0,0.0,0.0,0.0,0.0,0.0,0.0,0.0,0.0,0.0,0.0
107265,NFO,Gunn,G,4.0,0.0,0.0,0.0,0.0,0.0,0.0,0.0,0.0,0.0,0.0,0.0,0.0,0.0,0.0,0.0,0.0,0.0,0.0
111773,NEW,Krafth,D,4.5,0.0,0.0,0.0,0.0,0.0,0.0,0.0,0.0,0.0,0.0,0.0,0.0,0.0,0.0,0.0,0.0,0.0,0.0
204822,NFO,O.Richards,D,4.5,0.0,0.0,0.0,0.0,0.0,0.0,0.0,0.0,0.0,0.0,0.0,0.0,0.0,0.0,0.0,0.0,0.0,0.0
518438,WHU,Casey,D,4.0,0.0,0.0,0.0,0.0,0.0,0.0,0.0,0.0,0.0,0.0,0.0,0.0,0.0,0.0,0.0,0.0,0.0,0.0
590012,CRY,Kporha,D,4.0,0.0,0.0,0.0,0.0,0.0,0.0,0.0,0.0,0.0,0.0,0.0,0.0,0.0,0.0,0.0,0.0,0.0,0.0
551206,BUR,Banel,M,4.5,0.0,0.0,0.0,0.0,0.0,0.0,0.0,0.0,0.0,0.0,0.0,0.0,0.0,0.0,0.0,0.0,0.0,0.0
510500,NFO,Jota,M,5.4,0.0,0.0,0.0,0.0,0.0,0.0,0.0,0.0,0.0,0.0,0.0,0.0,0.0,0.0,0.0,0.0,0.0,0.0
90585,NFO,Boly,D,4.0,0.0,0.0,0.0,0.0,0.0,0.0,0.0,0.0,0.0,0.0,0.0,0.0,0.0,0.0,0.0,0.0,0.0,0.0
518442,WHU,Orford,M,4.4,0.0,0.0,0.0,0.0,0.0,0.0,0.0,0.0,0.0,0.0,0.0,0.0,0.0,0.0,0.0,0.0,0.0,0.0
15157,BHA,Milner,M,5.0,0.0,0.0,0.0,0.0,0.0,0.0,0.0,0.0,0.0,0.0,0.0,0.0,0.0,0.0,0.0,0.0,0.0,0.0
430871,MUN,Cunha,M,8.0,0.0,0.0,0.0,0.0,0.0,0.0,0.0,0.0,0.0,0.0,0.0,0.0,0.0,0.0,0.0,0.0,0.0,0.0
517052,CHE,N.Jackson,F,6.5,0.0,0.0,0.0,0.0,0.0,0.0,0.0,0.0,0.0,0.0,0.0,0.0,0.0,0.0,0.0,0.0,0.0,0.0
462492,AVL,Gauci,G,4.0,0.0,0.0,0.0,0.0,0.0,0.0,0.0,0.0,0.0,0.0,0.0,0.0,0.0,0.0,0.0,0.0,0.0,0.0
215460,SUN,Poveda,M,4.9,0.0,0.0,0.0,0.0,0.0,0.0,0.0,0.0,0.0,0.0,0.0,0.0,0.0,0.0,0.0,0.0,0.0,0.0
444172,BOU,Dennis,G,4.0,0.0,0.0,0.0,0.0,0.0,0.0,0.0,0.0,0.0,0.0,0.0,0.0,0.0,0.0,0.0,0.0,0.0,0.0
79602,WOL,Bentley,G,4.0,0.0,0.0,0.0,0.0,0.0,0.0,0.0,0.0,0.0,0.0,0.0,0.0,0.0,0.0,0.0,0.0,0.0,0.0
514315,AVL,Sousa,D,4.0,0.0,0.0,0.0,0.0,0.0,0.0,0.0,0.0,0.0,0.0,0.0,0.0,0.0,0.0,0.0,0.0,0.0,0.0
589507,WOL,Chiwome,F,4.5,0.0,0.0,0.0,0.0,0.0,0.0,0.0,0.0,0.0,0.0,0.0,0.0,0.0,0.0,0.0,0.0,0.0,0.0
515024,FUL,Harris,M,4.5,0.0,0.0,0.0,0.0,0.0,0.0,0.0,0.0,0.0,0.0,0.0,0.0,0.0,0.0,0.0,0.0,0.0,0.0
530318,CRY,Rodney,M,4.5,0.0,0.0,0.0,0.0,0.0,0.0,0.0,0.0,0.0,0.0,0.0,0.0,0.0,0.0,0.0,0.0,0.0,0.0
499175,ARS,Nwaneri,M,5.4,0.0,0.0,0.0,0.0,0.0,0.0,0.0,0.0,0.0,0.0,0.0,0.0,0.0,0.0,0.0,0.0,0.0,0.0
497606,WOL,Chirewa,M,4.4,0.0,0.0,0.0,0.0,0.0,0.0,0.0,0.0,0.0,0.0,0.0,0.0,0.0,0.0,0.0,0.0,0.0,0.0
49262,BHA,Steele,G,4.5,0.0,0.0,0.0,0.0,0.0,0.0,0.0,0.0,0.0,0.0,0.0,0.0,0.0,0.0,0.0,0.0,0.0,0.0
450539,BRE,Peart-Harris,M,4.5,0.0,0.0,0.0,0.0,0.0,0.0,0.0,0.0,0.0,0.0,0.0,0.0,0.0,0.0,0.0,0.0,0.0,0.0
578614,BUR,Boateng,M,4.9,0.0,0.0,0.0,0.0,0.0,0.0,0.0,0.0,0.0,0.0,0.0,0.0,0.0,0.0,0.0,0.0,0.0,0.0
500058,LIV,Danns,F,4.4,0.0,0.0,0.0,0.0,0.0,0.0,0.0,0.0,0.0,0.0,0.0,0.0,0.0,0.0,0.0,0.0,0.0,0.0
495145,BOU,Paulsen,G,4.0,0.0,0.0,0.0,0.0,0.0,0.0,0.0,0.0,0.0,0.0,0.0,0.0,0.0,0.0,0.0,0.0,0.0,0.0
531989,CRY,Ozoh,M,4.5,0.0,0.0,0.0,0.0,0.0,0.0,0.0,0.0,0.0,0.0,0.0,0.0,0.0,0.0,0.0,0.0,0.0,0.0
576323,BUR,Adewumi,M,4.5,0.0,0.0,0.0,0.0,0.0,0.0,0.0,0.0,0.0,0.0,0.0,0.0,0.0,0.0,0.0,0.0,0.0,0.0
536119,LEE,Crew,M,4.5,0.0,0.0,0.0,0.0,0.0,0.0,0.0,0.0,0.0,0.0,0.0,0.0,0.0,0.0,0.0,0.0,0.0,0.0
568791,BOU,McKenna,G,4.0,0.0,0.0,0.0,0.0,0.0,0.0,0.0,0.0,0.0,0.0,0.0,0.0,0.0,0.0,0.0,0.0,0.0,0.0
235448,BRE,Balcombe,G,4.0,0.0,0.0,0.0,0.0,0.0,0.0,0.0,0.0,0.0,0.0,0.0,0.0,0.0,0.0,0.0,0.0,0.0,0.0
517179,WOL,Pond,D,4.0,0.0,0.0,0.0,0.0,0.0,0.0,0.0,0.0,0.0,0.0,0.0,0.0,0.0,0.0,0.0,0.0,0.0,0.0
547720,BHA,Tasker,D,4.0,0.0,0.0,0.0,0.0,0.0,0.0,0.0,0.0,0.0,0.0,0.0,0.0,0.0,0.0,0.0,0.0,0.0,0.0
499167,ARS,Nichols,D,4.0,0.0,0.0,0.0,0.0,0.0,0.0,0.0,0.0,0.0,0.0,0.0,0.0,0.0,0.0,0.0,0.0,0.0,0.0
611134,CHE,Paez,M,4.5,0.0,0.0,0.0,0.0,0.0,0.0,0.0,0.0,0.0,0.0,0.0,0.0,0.0,0.0,0.0,0.0,0.0,0.0
577016,CHE,Acheampong,D,4.0,0.0,0.0,0.0,0.0,0.0,0.0,0.0,0.0,0.0,0.0,0.0,0.0,0.0,0.0,0.0,0.0,0.0,0.0
508479,CHE,Jörgensen,G,4.4,0.0,0.0,0.0,0.0,0.0,0.0,0.0,0.0,0.0,0.0,0.0,0.0,0.0,0.0,0.0,0.0,0.0,0.0
560262,BOU,Kroupi.Jr,F,4.5,0.0,0.0,0.0,0.0,0.0,0.0,0.0,0.0,0.0,0.0,0.0,0.0,0.0,0.0,0.0,0.0,0.0,0.0
461537,MUN,Mee,G,4.0,0.0,0.0,0.0,0.0,0.0,0.0,0.0,0.0,0.0,0.0,0.0,0.0,0.0,0.0,0.0,0.0,0.0,0.0
37096,WHU,Fabianski,G,4.5,0.0,0.0,0.0,0.0,0.0,0.0,0.0,0.0,0.0,0.0,0.0,0.0,0.0,0.0,0.0,0.0,0.0,0.0
591357,BRE,Trevitt,M,4.5,0.0,0.0,0.0,0.0,0.0,0.0,0.0,0.0,0.0,0.0,0.0,0.0,0.0,0.0,0.0,0.0,0.0,0.0
461446,EVE,Onyango,M,4.5,0.0,0.0,0.0,0.0,0.0,0.0,0.0,0.0,0.0,0.0,0.0,0.0,0.0,0.0,0.0,0.0,0.0,0.0
588555,MUN,Harrison,G,4.0,0.0,0.0,0.0,0.0,0.0,0.0,0.0,0.0,0.0,0.0,0.0,0.0,0.0,0.0,0.0,0.0,0.0,0.0
461484,NEW,White,M,4.5,0.0,0.0,0.0,0.0,0.0,0.0,0.0,0.0,0.0,0.0,0.0,0.0,0.0,0.0,0.0,0.0,0.0,0.0
503300,BRE,Cox,G,4.0,0.0,0.0,0.0,0.0,0.0,0.0,0.0,0.0,0.0,0.0,0.0,0.0,0.0,0.0,0.0,0.0,0.0,0.0
492066,SUN,Huggins,D,4.0,0.0,0.0,0.0,0.0,0.0,0.0,0.0,0.0,0.0,0.0,0.0,0.0,0.0,0.0,0.0,0.0,0.0,0.0
485055,TOT,Kinsky,G,4.0,0.0,0.0,0.0,0.0,0.0,0.0,0.0,0.0,0.0,0.0,0.0,0.0,0.0,0.0,0.0,0.0,0.0,0.0
227127,TOT,Bissouma,M,5.3,0.0,0.0,0.0,0.0,0.0,0.0,0.0,0.0,0.0,0.0,0.0,0.0,0.0,0.0,0.0,0.0,0.0,0.0
504296,EVE,Ebere,M,4.5,0.0,0.0,0.0,0.0,0.0,0.0,0.0,0.0,0.0,0.0,0.0,0.0,0.0,0.0,0.0,0.0,0.0,0.0
514613,SUN,Johnson,D,4.0,0.0,0.0,0.0,0.0,0.0,0.0,0.0,0.0,0.0,0.0,0.0,0.0,0.0,0.0,0.0,0.0,0.0,0.0
138001,EVE,King,G,4.0,0.0,0.0,0.0,0.0,0.0,0.0,0.0,0.0,0.0,0.0,0.0,0.0,0.0,0.0,0.0,0.0,0.0,0.0
556639,MUN,Fitzgerald,M,4.5,0.0,0.0,0.0,0.0,0.0,0.0,0.0,0.0,0.0,0.0,0.0,0.0,0.0,0.0,0.0,0.0,0.0,0.0
481283,AVL,Wright,G,4.0,0.0,0.0,0.0,0.0,0.0,0.0,0.0,0.0,0.0,0.0,0.0,0.0,0.0,0.0,0.0,0.0,0.0,0.0
97846,LEE,Cairns,G,4.0,0.0,0.0,0.0,0.0,0.0,0.0,0.0,0.0,0.0,0.0,0.0,0.0,0.0,0.0,0.0,0.0,0.0,0.0
490000,SUN,Nna Noukeu,G,4.0,0.0,0.0,0.0,0.0,0.0,0.0,0.0,0.0,0.0,0.0,0.0,0.0,0.0,0.0,0.0,0.0,0.0,0.0
428971,FUL,Benda,G,4.0,0.0,0.0,0.0,0.0,0.0,0.0,0.0,0.0,0.0,0.0,0.0,0.0,0.0,0.0,0.0,0.0,0.0,0.0
461567,BUR,Dodgson,D,4.0,0.0,0.0,0.0,0.0,0.0,0.0,0.0,0.0,0.0,0.0,0.0,0.0,0.0,0.0,0.0,0.0,0.0,0.0
122074,MCI,Bettinelli,G,4.0,0.0,0.0,0.0,0.0,0.0,0.0,0.0,0.0,0.0,0.0,0.0,0.0,0.0,0.0,0.0,0.0,0.0,0.0
51943,BUR,Hladký,G,4.0,0.0,0.0,0.0,0.0,0.0,0.0,0.0,0.0,0.0,0.0,0.0,0.0,0.0,0.0,0.0,0.0,0.0,0.0
531363,WOL,Fraser,F,4.4,0.0,0.0,0.0,0.0,0.0,0.0,0.0,0.0,0.0,0.0,0.0,0.0,0.0,0.0,0.0,0.0,0.0,0.0
567121,BHA,Knight,M,4.5,0.0,0.0,0.0,0.0,0.0,0.0,0.0,0.0,0.0,0.0,0.0,0.0,0.0,0.0,0.0,0.0,0.0,0.0
623110,NEW,Seung soo,M,4.5,0.0,0.0,0.0,0.0,0.0,0.0,0.0,0.0,0.0,0.0,0.0,0.0,0.0,0.0,0.0,0.0,0.0,0.0
569577,AVL,Rowe,D,4.0,0.0,0.0,0.0,0.0,0.0,0.0,0.0,0.0,0.0,0.0,0.0,0.0,0.0,0.0,0.0,0.0,0.0,0.0
499726,TOT,Olusesi,M,4.4,0.0,0.0,0.0,0.0,0.0,0.0,0.0,0.0,0.0,0.0,0.0,0.0,0.0,0.0,0.0,0.0,0.0,0.0
220695,BRE,Maghoma,M,4.5,0.0,0.0,0.0,0.0,0.0,0.0,0.0,0.0,0.0,0.0,0.0,0.0,0.0,0.0,0.0,0.0,0.0,0.0
496178,EVE,Dixon,D,4.0,0.0,0.0,0.0,0.0,0.0,0.0,0.0,0.0,0.0,0.0,0.0,0.0,0.0,0.0,0.0,0.0,0.0,0.0
209288,BHA,McGill,G,4.0,0.0,0.0,0.0,0.0,0.0,0.0,0.0,0.0,0.0,0.0,0.0,0.0,0.0,0.0,0.0,0.0,0.0,0.0
447325,EVE,Tyrer,G,4.0,0.0,0.0,0.0,0.0,0.0,0.0,0.0,0.0,0.0,0.0,0.0,0.0,0.0,0.0,0.0,0.0,0.0,0.0
545477,NEW,A.Murphy,D,4.0,0.0,0.0,0.0,0.0,0.0,0.0,0.0,0.0,0.0,0.0,0.0,0.0,0.0,0.0,0.0,0.0,0.0,0.0
214572,TOT,Austin,G,4.0,0.0,0.0,0.0,0.0,0.0,0.0,0.0,0.0,0.0,0.0,0.0,0.0,0.0,0.0,0.0,0.0,0.0,0.0
547801,EVE,Bates,M,4.5,0.0,0.0,0.0,0.0,0.0,0.0,0.0,0.0,0.0,0.0,0.0,0.0,0.0,0.0,0.0,0.0,0.0,0.0
570241,BRE,Ji-soo,D,4.0,0.0,0.0,0.0,0.0,0.0,0.0,0.0,0.0,0.0,0.0,0.0,0.0,0.0,0.0,0.0,0.0,0.0,0.0
44699,BUR,Barnes,F,4.4,0.0,0.0,0.0,0.0,0.0,0.0,0.0,0.0,0.0,0.0,0.0,0.0,0.0,0.0,0.0,0.0,0.0,0.0
113564,LEE,Byram,D,4.0,0.0,0.0,0.0,0.0,0.0,0.0,0.0,0.0,0.0,0.0,0.0,0.0,0.0,0.0,0.0,0.0,0.0,0.0
559962,AVL,Jimoh-Aloba,M,4.5,0.0,0.0,0.0,0.0,0.0,0.0,0.0,0.0,0.0,0.0,0.0,0.0,0.0,0.0,0.0,0.0,0.0,0.0
606775,BOU,Winterburn,M,4.5,0.0,0.0,0.0,0.0,0.0,0.0,0.0,0.0,0.0,0.0,0.0,0.0,0.0,0.0,0.0,0.0,0.0,0.0
491745,EVE,Campbell,D,4.0,0.0,0.0,0.0,0.0,0.0,0.0,0.0,0.0,0.0,0.0,0.0,0.0,0.0,0.0,0.0,0.0,0.0,0.0
518906,BOU,Bevan,D,4.0,0.0,0.0,0.0,0.0,0.0,0.0,0.0,0.0,0.0,0.0,0.0,0.0,0.0,0.0,0.0,0.0,0.0,0.0
551153,SUN,Luís Hemir,F,4.4,0.0,0.0,0.0,0.0,0.0,0.0,0.0,0.0,0.0,0.0,0.0,0.0,0.0,0.0,0.0,0.0,0.0,0.0
564505,AVL,Proctor,G,4.0,0.0,0.0,0.0,0.0,0.0,0.0,0.0,0.0,0.0,0.0,0.0,0.0,0.0,0.0,0.0,0.0,0.0,0.0
