fpl_code,team,player,pos,cost,1,2,3,4,5,6,7,8,9,10,11,12,total_pts,ppm
118748,LIV,M.Salah,F,7.5,8.89,7.76,6.49,16.48,15.23,15.45,6.82,16.02,8.23,16.01,6.54,15.99,139.9,18.65
244851,CHE,Palmer,M,6.0,8.35,7.8,7.41,14.62,13.4,14.11,6.35,13.9,9.84,14.35,7.86,14.5,132.49,22.08
223094,MCI,Haaland,F,7.5,8.09,8.99,7.1,14.98,9.64,16.07,7.69,14.28,6.86,14.73,6.61,13.62,128.67,17.16
223340,ARS,Saka,M,6.5,7.02,7.43,5.56,13.38,11.62,12.44,7.31,12.11,6.58,13.17,7.84,13.28,117.73,18.11
232413,CRY,Eze,M,5.5,5.83,7.05,5.99,8.6,10.97,11.16,10.08,10.75,4.71,11.0,6.22,10.5,102.86,18.7
494595,LIV,Wirtz,M,6.0,6.67,5.74,4.87,12.41,9.4,11.45,5.18,11.67,6.04,11.43,4.93,11.98,101.75,16.96
219168,NEW,Isak,F,6.5,0.0,2.7,5.2,13.27,11.85,11.16,6.58,12.08,6.46,12.54,6.49,11.63,99.96,15.38
178301,AVL,Watkins,F,5.5,5.88,5.85,5.82,5.2,12.41,9.11,12.12,11.2,5.06,9.94,5.84,10.98,99.4,18.07
141746,MUN,B.Fernandes,M,6.0,6.05,13.34,8.64,11.18,6.55,7.23,9.72,5.93,7.08,6.73,7.39,6.99,96.84,16.14
448047,CHE,Enzo,M,4.5,5.5,5.57,5.09,9.99,9.52,9.99,4.61,9.44,6.47,10.05,5.34,10.13,91.7,20.38
184029,ARS,Ødegaard,M,5.0,5.25,5.83,4.38,9.91,8.76,9.19,5.37,9.21,5.08,10.14,6.02,10.2,89.33,17.87
247348,CRY,Muñoz,D,5.5,4.15,5.88,4.79,7.86,9.85,9.44,9.65,9.42,3.73,9.52,5.32,9.7,89.32,16.24
438234,MCI,Marmoush,F,5.0,5.57,6.16,4.93,10.18,6.48,10.83,5.18,9.75,4.7,10.09,4.35,9.37,87.61,17.52
208706,NEW,Bruno G.,M,5.0,5.33,5.2,5.33,10.34,9.6,8.89,4.78,9.57,4.82,9.82,4.75,8.95,87.39,17.48
154566,TOT,Solanke,F,5.0,5.55,4.44,5.4,9.93,9.2,10.06,4.99,9.69,4.61,9.29,5.03,8.5,86.68,17.34
244850,AVL,Rogers,M,5.5,4.53,5.06,5.14,4.7,10.43,9.1,10.19,9.69,4.36,8.77,4.87,9.46,86.3,15.69
441164,TOT,Pedro Porro,D,5.0,7.52,3.53,5.18,9.71,9.63,10.15,5.18,9.02,5.09,8.32,5.22,7.6,86.16,17.23
226597,ARS,Gabriel,D,5.0,4.79,5.85,3.54,9.68,9.19,8.51,5.46,8.72,4.83,9.91,5.9,9.11,85.48,17.1
166989,AVL,Tielemans,M,5.0,5.12,4.97,4.88,4.66,10.29,8.91,9.86,9.33,4.24,8.6,4.73,9.21,84.79,16.96
243298,LIV,Gakpo,F,4.5,5.33,4.69,4.05,10.23,9.15,9.27,4.28,9.63,4.8,9.38,4.04,9.47,84.32,18.74
179268,CHE,Cucurella,D,4.5,5.17,5.26,5.15,8.47,9.22,8.85,3.72,8.43,6.51,8.35,5.29,9.48,83.91,18.65
232185,CRY,Sarr,M,4.0,4.72,5.38,4.91,6.7,8.98,9.03,8.27,8.92,3.82,8.85,5.1,8.56,83.23,20.81
216094,LIV,Frimpong,D,5.0,5.49,4.33,4.2,10.4,8.67,8.77,3.85,9.58,4.62,9.23,3.55,9.47,82.16,16.43
460842,TOT,Kudus,M,4.5,6.21,4.14,5.2,9.41,8.52,9.41,4.58,8.83,4.45,8.22,4.34,7.38,80.68,17.93
178186,WHU,Bowen,F,5.0,7.65,10.91,5.77,10.79,6.01,5.4,4.41,6.24,5.65,5.63,6.61,5.53,80.59,16.12
243016,LIV,Mac Allister,M,4.5,5.25,4.49,4.04,9.44,8.81,8.75,4.14,9.04,4.52,9.01,4.02,8.72,80.23,17.83
224117,ARS,Gyökeres,F,6.0,4.45,4.52,3.59,8.75,6.24,8.38,5.16,8.57,4.74,9.78,5.87,10.09,80.14,13.36
462424,ARS,Saliba,D,5.0,4.7,5.65,3.28,9.08,8.39,7.76,5.05,8.16,4.57,9.27,5.58,8.4,79.89,15.98
222531,NFO,Gibbs-White,M,4.5,5.51,4.78,5.48,3.78,8.5,10.57,7.69,7.62,4.55,8.01,4.99,7.29,78.78,17.51
477424,MCI,Gvardiol,D,5.5,4.37,5.18,4.34,8.98,8.09,9.94,4.25,9.15,4.04,8.6,3.63,7.71,78.3,14.24
215136,NFO,N.Williams,D,3.5,5.03,4.19,5.56,3.52,9.25,11.48,7.24,7.5,4.15,8.37,5.42,6.5,78.21,22.35
60689,NFO,Wood,F,4.0,5.64,4.61,5.34,3.61,8.41,10.35,7.6,7.76,4.38,8.13,5.04,7.08,77.96,19.49
204480,ARS,Rice,M,5.0,4.76,4.91,3.97,8.65,7.87,8.15,4.78,8.08,4.29,8.56,5.04,8.89,77.94,15.59
97032,LIV,Virgil,D,5.5,4.96,3.98,4.0,9.62,10.03,8.05,3.5,8.79,4.18,8.51,3.22,8.86,77.69,14.13
231747,CRY,Mateta,F,4.5,4.63,5.39,4.76,6.81,8.61,8.98,7.58,7.41,3.19,7.58,4.38,7.28,76.6,17.02
517052,CHE,N.Jackson,F,3.5,0.0,4.62,4.49,8.52,8.14,8.72,3.77,8.1,5.85,8.28,4.49,8.61,73.58,21.02
487838,NEW,Hall,D,4.5,4.61,3.85,5.12,8.42,8.54,6.97,5.16,7.0,4.83,7.71,4.12,6.67,73.0,16.22
510663,LIV,Ekitiké,F,5.0,4.39,4.06,3.48,8.89,6.5,8.36,3.82,8.41,4.29,8.48,3.59,8.55,72.82,14.56
486672,CHE,Caicedo,M,4.0,4.23,4.47,3.96,7.6,7.78,8.04,3.91,7.37,4.69,8.0,4.05,7.83,71.94,17.99
247632,CHE,Neto,M,4.0,4.97,4.55,4.23,8.16,6.06,7.65,3.62,7.47,5.01,8.05,4.15,8.01,71.93,17.98
232826,NEW,Gordon,M,4.5,4.7,4.16,4.29,8.21,7.55,7.3,4.18,7.86,4.13,7.92,4.03,7.35,71.69,15.93
448514,MCI,Aït-Nouri,D,4.5,5.09,5.01,4.24,7.59,7.73,8.4,3.98,7.59,3.97,7.01,3.57,6.64,70.81,15.74
432422,NEW,Tonali,M,4.5,4.32,4.15,4.39,8.35,7.27,7.27,3.94,7.74,3.89,7.92,3.9,7.41,70.56,15.68
180974,NEW,Joelinton,M,4.0,4.46,4.25,4.46,8.06,7.48,7.0,3.94,7.39,3.96,7.67,3.86,7.01,69.53,17.38
154561,ARS,Raya,G,4.5,4.29,5.01,3.51,7.77,6.7,6.57,4.65,7.01,4.43,7.66,4.84,7.07,69.5,15.44
444102,BOU,Evanilson,F,3.5,4.8,9.13,5.88,7.87,5.5,5.5,5.41,4.86,5.39,4.35,4.87,5.91,69.48,19.85
451340,BHA,Mitoma,M,4.0,5.54,9.98,4.75,8.66,5.85,4.39,5.0,4.95,4.68,5.41,4.59,5.39,69.18,17.29
475168,CHE,João Pedro,F,4.5,4.82,4.25,3.99,7.68,5.86,7.64,3.52,7.1,5.01,7.6,4.2,7.45,69.11,15.36
430871,MUN,Cunha,F,5.0,4.39,9.88,6.12,8.15,4.72,5.15,6.35,4.14,5.03,4.67,5.31,4.77,68.69,13.74
199796,AVL,Cash,D,3.5,4.01,3.67,4.08,4.29,8.94,6.82,8.89,7.25,3.16,6.13,3.8,7.55,68.57,19.59
437730,BOU,Semenyo,M,4.5,4.62,10.3,5.43,8.91,5.0,5.1,5.04,4.72,4.99,4.19,4.56,5.52,68.36,15.19
247412,WOL,Strand Larsen,F,3.5,4.97,7.78,5.26,6.8,5.61,5.26,5.22,6.1,5.98,4.62,4.3,4.98,66.87,19.1
199798,AVL,Konsa,D,4.0,3.7,3.36,3.87,4.16,8.5,6.82,8.76,6.91,2.94,5.83,3.9,7.61,66.36,16.59
437499,CRY,Lacroix,D,3.5,3.05,4.51,3.51,5.74,7.03,7.24,7.24,6.91,2.81,6.97,4.0,7.09,66.09,18.88
544877,LIV,Kerkez,D,5.0,4.39,3.56,3.55,8.31,8.52,6.87,3.08,7.2,3.49,7.01,2.86,7.24,66.09,13.22
499169,ARS,Lewis-Skelly,D,4.0,4.27,4.8,3.0,7.55,6.68,6.36,4.17,6.93,3.65,7.21,4.35,7.0,65.98,16.5
220566,MCI,Rodrigo,M,5.0,0.0,1.21,2.2,7.51,7.67,9.29,4.33,8.57,4.13,8.39,4.07,8.25,65.63,13.13
209036,CRY,Guéhi,D,4.0,2.98,4.64,3.52,5.96,6.89,7.38,7.15,6.78,2.8,6.62,4.02,6.8,65.54,16.39
204716,LIV,Konaté,D,5.0,4.24,3.42,3.48,8.0,8.54,6.71,2.97,7.27,3.47,7.14,2.77,7.27,65.28,13.06
445122,ARS,J.Timber,D,5.0,2.29,3.9,2.68,7.23,7.17,6.82,4.31,6.91,3.84,7.78,4.77,7.39,65.09,13.02
119471,NEW,Schär,D,4.0,3.91,3.35,4.62,7.55,7.91,6.11,4.55,6.17,4.37,6.87,3.65,5.96,65.04,16.26
227444,NFO,Milenković,D,4.0,3.99,3.19,4.44,2.59,8.52,7.75,6.52,6.85,3.1,7.49,4.51,5.69,64.64,16.16
221632,TOT,Romero,D,3.5,5.9,2.5,3.96,7.23,5.79,7.79,4.25,7.0,4.04,6.29,4.03,5.54,64.32,18.38
244723,CRY,Mitchell,D,4.0,3.05,4.37,3.58,5.57,6.62,7.04,6.86,6.6,2.96,6.63,4.09,6.91,64.29,16.07
215379,NFO,Anderson,M,3.5,4.21,3.95,4.36,3.52,7.03,8.3,6.5,6.14,3.63,6.51,4.0,5.99,64.13,18.32
441191,NEW,Livramento,D,4.0,3.58,3.13,4.18,7.6,7.26,6.47,4.22,6.56,3.92,6.96,3.3,6.18,63.36,15.84
159506,NFO,Aina,D,4.0,4.18,3.53,4.67,2.81,7.85,7.98,5.99,6.15,3.39,6.95,4.61,5.15,63.25,15.81
215059,CHE,Sánchez,G,3.5,4.11,3.87,4.32,6.03,6.08,6.55,3.48,6.39,4.79,5.83,4.34,6.92,62.69,17.91
165809,MCI,Bernardo,M,4.5,4.17,4.64,3.88,7.0,5.88,7.22,3.43,6.73,3.2,6.77,3.11,6.52,62.55,13.9
224024,WHU,L.Paquetá,M,3.5,6.01,8.54,4.39,8.38,4.49,4.26,3.67,4.6,4.51,4.38,5.03,4.24,62.5,17.86
171314,MCI,Rúben,D,4.0,4.3,4.12,3.47,7.21,5.34,8.11,3.46,7.4,3.32,6.73,2.88,5.93,62.27,15.57
433154,EVE,McNeil,M,4.0,4.75,8.61,4.68,7.52,3.97,5.01,4.57,3.94,5.1,5.35,4.38,4.37,62.26,15.56
214590,WHU,Wan-Bissaka,D,4.0,6.17,8.61,4.36,8.43,4.43,4.58,3.0,4.23,4.64,4.04,5.87,3.76,62.11,15.53
446008,MUN,Mbeumo,M,5.5,4.07,8.22,5.4,7.14,4.29,4.61,5.8,3.84,4.66,4.39,4.57,4.5,61.51,11.18
424876,LIV,Szoboszlai,M,4.5,4.33,3.19,2.89,7.27,6.51,6.63,3.1,7.08,3.7,6.88,2.95,6.9,61.42,13.65
116535,LIV,A.Becker,G,4.5,4.33,3.47,3.81,7.0,6.96,6.05,3.32,6.5,3.54,6.37,3.12,6.73,61.19,13.6
17761,EVE,Tarkowski,D,3.5,4.99,9.26,4.58,8.11,2.89,5.12,4.38,2.99,4.55,5.53,4.67,4.07,61.14,17.47
575476,NFO,Murillo,D,4.0,4.01,3.33,4.44,2.73,7.56,7.98,5.68,5.93,3.21,6.64,4.54,5.03,61.1,15.27
153133,FUL,Iwobi,M,3.5,4.69,8.77,4.06,7.92,4.79,4.21,4.27,3.64,4.17,4.73,4.2,5.42,60.88,17.4
225796,CHE,James,D,4.0,4.11,4.08,3.96,6.45,5.3,6.43,2.8,5.91,4.71,6.24,3.88,6.95,60.81,15.2
440089,BRE,Damsgaard,M,4.0,4.69,8.68,5.47,7.33,4.22,4.58,4.1,4.63,4.1,4.22,4.36,4.28,60.67,15.17
513418,BRE,Schade,M,4.0,3.79,8.96,5.69,7.51,4.26,4.73,4.11,4.59,4.08,4.23,4.42,4.25,60.63,15.16
209046,NFO,Hudson-Odoi,M,3.5,4.01,3.52,3.83,2.95,7.0,6.23,6.4,6.39,3.28,6.56,3.6,6.11,59.88,17.11
85633,NFO,Sels,G,3.5,3.93,3.29,4.01,2.96,6.97,6.85,5.68,6.32,3.34,6.66,4.31,5.41,59.74,17.07
427623,CRY,Richards,D,3.5,2.83,4.25,3.27,5.42,6.17,6.83,6.24,6.01,2.69,6.03,3.76,6.01,59.51,17.0
121160,MCI,Ederson M.,G,4.0,4.09,3.96,3.5,6.51,5.43,7.2,3.48,6.72,3.41,6.28,3.31,5.51,59.4,14.85
433036,MCI,Reijnders,M,4.5,4.03,4.18,3.59,6.93,4.6,6.83,3.31,6.51,3.14,6.65,3.19,6.34,59.3,13.18
456512,NFO,Ndoye,M,3.0,3.84,3.42,3.88,2.87,6.79,5.98,6.47,6.36,3.41,6.55,3.47,6.0,59.06,19.69
441266,LIV,Gravenberch,M,4.0,0.0,3.78,3.31,7.37,6.69,6.97,3.21,7.01,3.46,6.77,3.15,6.82,58.52,14.63
209244,MCI,Foden,M,5.0,2.9,3.65,3.31,6.89,6.17,7.46,3.4,6.13,2.96,6.42,2.96,6.2,58.44,11.69
169528,FUL,Robinson,D,4.0,1.98,6.95,3.02,9.39,4.74,4.03,4.06,3.81,3.78,5.2,4.77,6.41,58.15,14.54
494521,BOU,Truffert,D,3.0,3.0,8.48,4.4,6.92,4.3,4.85,4.78,3.99,4.95,3.04,3.97,5.33,58.01,19.34
216646,BRE,Wissa,F,4.5,3.05,6.59,4.87,7.28,4.27,5.0,4.28,4.75,4.25,4.35,4.82,4.32,57.85,12.86
440993,EVE,Ndiaye,M,4.0,4.56,7.35,4.45,6.34,3.82,4.74,4.36,3.63,4.82,5.18,4.33,4.26,57.83,14.46
226944,AVL,Kamara,M,3.5,3.52,3.19,3.3,3.27,6.81,6.11,6.51,6.5,2.99,6.06,3.23,6.26,57.76,16.5
444463,CHE,Fofana,D,3.5,2.03,3.13,3.75,5.87,5.37,6.54,2.8,6.32,4.76,5.97,3.85,7.01,57.4,16.4
449434,NEW,Elanga,M,4.0,3.68,3.32,3.53,6.74,6.11,5.81,3.21,5.93,3.19,6.33,3.32,6.17,57.36,14.34
98747,NEW,Pope,G,3.5,3.41,3.44,3.89,6.58,5.65,5.89,4.11,5.65,3.92,5.77,3.31,5.59,57.2,16.34
204646,AVL,Malen,F,3.0,4.39,4.08,3.84,3.29,7.0,4.64,6.41,6.3,2.62,5.21,3.2,5.88,56.87,18.96
511499,TOT,Tel,F,3.5,4.3,2.98,3.66,6.78,4.9,6.94,3.43,6.57,3.13,6.12,3.18,4.67,56.65,16.19
224967,EVE,Mykolenko,D,3.5,4.66,8.67,4.33,7.56,2.64,4.65,4.01,2.77,4.18,5.05,4.15,3.68,56.37,16.1
67089,NEW,Dúbravka,G,2.0,2.28,3.38,3.91,6.54,5.6,5.75,4.16,5.51,4.01,5.83,3.33,5.64,55.94,27.97
448089,WOL,Gomes,M,3.0,4.26,6.74,4.42,6.12,4.66,4.49,4.29,4.88,4.66,3.78,3.54,3.88,55.71,18.57
481655,ARS,Zubimendi,M,4.0,3.31,3.51,3.01,6.05,4.64,6.19,3.42,6.0,3.19,6.35,3.52,6.4,55.59,13.9
98980,AVL,Martinez,G,4.0,0.0,3.31,3.76,3.88,6.74,6.27,7.19,5.67,3.32,5.2,3.8,6.35,55.48,13.87
122806,AVL,McGinn,M,4.0,2.98,2.97,2.97,2.92,6.61,5.84,6.42,6.22,2.84,5.81,3.13,6.29,55.01,13.75
172649,CRY,Henderson,G,3.5,2.91,4.01,3.07,4.37,5.65,5.1,6.01,5.83,2.69,5.86,3.48,5.73,54.72,15.63
244954,AVL,Pau,D,3.5,3.05,2.85,3.2,3.43,7.03,5.38,7.4,5.67,2.5,4.84,3.09,6.13,54.57,15.59
50175,BHA,Welbeck,F,3.5,3.68,7.08,3.76,7.04,4.74,3.54,3.9,3.94,3.66,4.22,3.74,4.32,53.63,15.32
596777,MUN,Dorgu,D,3.5,3.75,6.67,5.84,4.87,3.62,3.7,5.89,2.6,4.21,3.88,3.89,4.69,53.61,15.32
480455,EVE,Branthwaite,D,3.5,4.48,8.31,4.03,7.15,2.4,4.45,3.81,2.56,3.91,4.9,4.08,3.51,53.58,15.31
202993,TOT,Bentancur,M,3.0,3.82,3.01,3.1,6.12,5.62,6.02,3.14,5.85,2.97,5.62,3.03,5.28,53.58,17.86
535301,BHA,Baleba,M,3.5,4.12,7.69,3.74,6.8,4.43,3.47,3.93,3.79,3.81,4.01,3.55,3.82,53.17,15.19
230376,WOL,J.Arias,M,3.0,3.48,6.0,4.1,5.64,4.38,4.35,4.2,4.91,4.48,3.81,3.53,4.04,52.92,17.64
154296,TOT,J.Palhinha,M,3.5,2.4,2.53,2.95,6.43,6.27,6.0,3.38,5.75,3.06,5.51,3.16,5.4,52.84,15.1
78916,NEW,Burn,D,4.0,3.19,2.73,3.92,5.99,6.72,4.75,3.84,4.8,3.7,5.36,3.06,4.6,52.67,13.17
433312,WOL,Munetsi,M,2.5,4.0,6.18,4.04,5.51,4.34,4.19,4.04,4.61,4.56,3.62,3.48,3.89,52.45,20.98
232892,FUL,Bassey,D,3.0,3.56,8.17,2.81,7.63,3.82,3.3,3.25,3.2,2.98,4.35,4.0,5.25,52.31,17.44
235826,LEE,Piroe,F,2.5,4.25,5.6,4.12,5.56,3.93,4.12,4.54,4.17,4.4,3.79,3.82,3.96,52.26,20.9
80801,EVE,Gana,M,3.5,4.21,7.5,3.93,6.47,3.62,4.08,3.69,3.49,4.03,4.1,3.46,3.55,52.14,14.9
592031,BHA,Minteh,M,3.5,4.44,6.6,3.74,5.74,4.46,3.49,3.98,3.89,3.77,4.11,3.55,3.94,51.73,14.78
221466,BOU,Senesi,D,2.5,2.49,8.88,3.56,7.14,3.63,4.22,4.14,3.29,4.15,2.53,3.23,4.41,51.68,20.67
496221,CRY,Wharton,M,3.5,2.96,3.12,3.13,3.71,5.6,5.76,5.28,5.38,2.84,5.39,3.17,5.25,51.59,14.74
226182,LEE,Bogle,D,2.5,5.03,5.19,3.63,5.47,4.0,3.79,4.05,4.92,4.49,3.27,3.56,3.7,51.11,20.44
184254,TOT,Vicario,G,3.5,4.47,2.33,3.42,5.1,4.82,5.77,3.44,5.23,3.43,5.09,3.49,4.45,51.05,14.59
465730,BHA,De Cuyper,D,3.0,4.68,7.17,3.42,5.35,4.32,2.93,4.06,3.75,3.56,4.5,3.33,3.89,50.96,16.99
174874,FUL,Andersen,D,3.0,3.43,7.04,2.74,6.85,3.89,3.25,3.23,3.14,2.95,4.46,4.07,5.5,50.54,16.85
516939,WOL,Agbadou,D,3.0,3.17,5.76,4.61,4.81,4.72,3.33,3.85,5.01,5.33,3.5,2.64,3.76,50.48,16.83
210462,NFO,Sangaré,M,2.5,3.15,2.99,3.33,2.82,6.18,5.15,5.61,5.17,2.62,5.32,2.94,5.19,50.46,20.18
469142,BHA,Van Hecke,D,3.0,4.59,7.17,3.13,5.53,4.06,2.79,4.04,3.63,3.54,4.66,3.27,3.82,50.23,16.74
491279,TOT,Van de Ven,D,3.5,4.87,1.77,3.13,5.6,4.52,6.05,3.36,5.37,3.27,4.83,3.16,4.29,50.21,14.35
444180,BUR,Anthony,M,2.5,4.15,8.33,3.75,6.25,3.8,3.2,3.32,3.69,3.52,3.0,3.62,3.37,50.0,20.0
111234,EVE,Pickford,G,3.5,4.06,6.34,3.88,5.8,2.86,4.19,3.94,2.95,3.83,4.32,4.16,3.57,49.91,14.26
432830,BRE,Collins,D,3.0,3.89,8.07,5.1,6.44,3.49,3.97,2.89,3.72,2.69,3.09,3.38,3.13,49.85,16.62
510362,WOL,Toti,D,3.0,2.86,7.03,4.39,5.75,4.43,3.09,3.49,4.63,5.03,3.21,2.36,3.34,49.6,16.53
463067,BHA,Georginio,M,3.5,4.25,6.35,3.64,5.48,4.21,3.24,3.62,3.65,3.48,3.98,3.34,3.78,49.02,14.01
80201,FUL,Leno,G,3.0,3.34,6.31,3.12,6.12,3.89,3.28,3.34,3.53,3.03,4.24,3.88,4.66,48.76,16.25
201658,BOU,Tavernier,M,2.5,3.48,7.63,3.94,6.38,3.53,3.6,3.49,3.3,3.51,2.92,3.22,3.69,48.69,19.47
102057,FUL,Raúl,F,3.5,3.39,6.51,3.17,6.55,3.96,3.44,3.41,2.9,3.5,3.77,3.38,4.71,48.68,13.91
493250,MUN,Amad,M,4.0,3.08,6.8,4.2,5.59,3.47,3.6,4.59,3.12,3.49,3.36,3.85,3.47,48.62,12.16
512462,EVE,O'Brien,D,3.0,4.3,6.24,3.88,5.58,2.22,4.3,3.67,2.46,3.75,4.81,3.9,3.37,48.48,16.16
219847,ARS,Havertz,F,4.5,2.4,3.88,2.59,5.81,5.32,5.22,3.0,4.86,2.57,4.87,2.93,5.01,48.47,10.77
535818,SUN,Adingra,M,3.0,4.21,7.11,3.88,5.96,3.51,3.45,3.46,3.73,3.13,3.52,3.07,3.32,48.36,16.12
158534,WHU,Walker-Peters,D,2.5,4.43,6.43,3.56,6.67,3.46,3.61,2.44,3.42,3.65,3.07,4.55,3.01,48.28,19.31
214048,WHU,Kilman,D,3.0,4.78,6.76,3.33,6.38,3.4,3.61,2.21,3.28,3.61,2.98,4.81,2.8,47.94,15.98
215439,WHU,Souček,M,3.5,4.33,6.7,3.31,6.35,3.39,3.29,2.91,3.57,3.46,3.46,3.86,3.25,47.89,13.68
167074,FUL,Tete,D,3.0,3.35,7.59,2.72,6.81,3.45,3.03,2.98,2.94,2.86,3.85,3.55,4.64,47.78,15.93
242898,TOT,Johnson,M,4.5,3.32,2.36,2.74,5.7,5.08,6.28,2.87,5.68,2.61,5.04,2.31,3.49,47.47,10.55
487053,TOT,Udogie,D,4.0,3.89,2.01,2.95,5.41,4.08,5.78,3.08,5.32,2.94,4.69,3.0,4.22,47.37,11.84
153682,FUL,Wilson,M,3.0,4.08,7.75,3.45,6.08,3.58,3.01,3.1,2.74,2.88,3.36,3.01,4.08,47.13,15.71
201666,NEW,Barnes,M,4.0,3.57,3.07,3.01,5.27,4.75,4.65,2.68,4.92,2.61,4.98,2.64,4.91,47.06,11.77
216051,MUN,Dalot,D,3.5,2.91,7.01,4.87,5.46,3.07,3.06,4.79,2.2,3.4,3.3,3.09,3.86,47.02,13.43
484420,SUN,E.Le Fée,M,2.5,4.37,6.05,3.84,4.98,3.54,3.39,3.53,3.81,3.27,3.67,3.18,3.32,46.96,18.78
215413,EVE,Dewsbury-Hall,M,3.0,3.44,6.45,3.52,5.74,3.16,3.59,3.41,3.15,3.78,3.99,3.35,3.38,46.96,15.65
457569,BOU,Petrović,G,3.0,2.78,6.49,3.21,5.63,3.54,3.82,4.04,3.28,4.07,2.81,3.25,3.95,46.88,15.63
444765,BRE,Van den Berg,D,2.5,3.63,7.4,4.79,5.93,3.29,3.76,2.74,3.56,2.5,2.87,3.25,2.91,46.64,18.65
244042,FUL,Muniz,F,3.0,3.26,6.76,3.06,6.18,3.79,3.21,3.22,2.82,3.01,3.74,3.01,4.39,46.47,15.49
502697,EVE,Alcaraz,M,2.5,3.43,6.34,3.44,5.76,3.02,3.76,3.34,2.9,3.75,3.9,3.42,3.27,46.31,18.52
509291,WOL,André,M,2.5,3.63,5.53,3.7,5.01,3.78,3.81,3.59,3.93,3.7,3.19,3.14,3.3,46.31,18.52
222683,BOU,Kluivert,M,4.0,2.76,6.7,3.73,6.03,3.49,3.57,3.53,3.25,3.48,2.97,3.11,3.59,46.21,11.55
477580,BOU,Zabarnyi,D,3.0,2.2,6.96,3.2,5.71,3.4,3.91,3.88,3.04,3.96,2.31,3.11,4.14,45.82,15.27
487676,SUN,Hume,D,2.5,4.5,7.4,3.46,4.67,3.38,3.19,3.05,4.1,2.17,4.22,2.67,2.99,45.8,18.32
149065,WOL,José Sá,G,2.5,3.12,5.21,4.11,4.4,4.08,2.9,3.51,3.98,4.47,3.28,2.77,3.52,45.34,18.14
200720,BRE,Kelleher,G,3.0,3.06,5.88,4.09,5.31,3.43,3.81,3.3,3.38,3.18,3.14,3.44,3.16,45.19,15.06
243526,LEE,Gudmundsson,D,2.0,4.47,4.57,3.21,4.84,3.61,3.41,3.57,4.18,3.89,2.87,3.24,3.25,45.12,22.56
84450,SUN,Xhaka,M,3.0,4.08,5.85,3.64,4.88,3.44,3.27,3.42,3.53,3.09,3.47,2.94,3.26,44.86,14.95
489639,BHA,Verbruggen,G,3.0,3.91,5.89,3.1,4.81,3.47,2.79,3.53,3.29,3.18,4.1,3.06,3.56,44.69,14.9
200617,LEE,James,M,2.5,3.77,4.84,3.56,4.74,3.48,3.49,3.73,3.58,3.67,3.17,3.16,3.4,44.6,17.84
91889,WHU,Füllkrug,F,3.0,4.41,5.28,3.37,5.29,3.41,3.09,2.64,3.63,3.3,3.15,3.79,3.18,44.53,14.84
466525,LEE,Stach,M,2.5,3.67,5.04,3.5,4.71,3.48,3.43,3.62,3.62,3.62,3.36,3.17,3.3,44.53,17.81
172567,BUR,Cullen,M,2.0,3.7,6.97,3.32,5.52,3.17,2.97,3.08,3.4,3.22,2.85,3.29,2.97,44.47,22.23
202641,MUN,Onana,G,3.5,1.76,5.47,4.67,4.36,3.43,3.17,4.57,2.51,3.61,3.56,3.04,4.22,44.36,12.68
462116,WHU,Todibo,D,2.5,4.7,5.01,3.23,5.06,3.27,3.63,2.27,3.18,3.61,3.01,4.66,2.72,44.35,17.74
502500,BRE,Thiago,F,2.5,3.98,5.98,4.36,4.59,3.24,3.21,2.97,3.52,2.95,3.18,3.18,3.16,44.32,17.73
501837,WOL,Mosquera,D,2.5,2.76,5.14,4.06,4.31,4.08,2.99,3.38,4.31,4.65,3.11,2.29,3.18,44.28,17.71
101178,WHU,Ward-Prowse,M,3.0,3.82,6.01,3.23,5.92,3.27,3.05,2.55,3.3,3.23,3.06,3.5,3.01,43.96,14.65
209365,MUN,De Ligt,D,3.5,3.06,5.59,5.04,4.0,2.97,2.95,4.73,1.99,3.27,3.16,2.94,3.98,43.68,12.48
441302,AVL,Maatsen,D,4.0,2.7,2.6,2.91,2.59,5.17,5.08,5.27,4.43,1.97,3.9,2.28,4.67,43.56,10.89
570526,TOT,Bergvall,M,3.0,3.16,2.54,2.8,4.98,4.68,5.07,2.67,4.85,2.55,4.47,2.09,3.59,43.46,14.49
431639,BUR,Flemming,F,2.5,3.94,6.6,3.3,4.38,3.36,2.78,2.97,3.58,3.14,2.69,3.3,3.11,43.13,17.25
486385,EVE,Beto,F,3.0,3.72,6.54,3.21,5.24,2.37,3.31,2.85,2.65,3.46,3.73,3.03,2.67,42.79,14.26
212314,FUL,Lukić,M,3.0,3.34,6.27,2.84,5.58,3.12,2.92,2.98,2.83,2.94,3.18,3.02,3.62,42.65,14.22
232928,EVE,Garner,M,3.0,3.11,5.85,3.06,5.15,2.83,3.36,3.09,2.82,3.44,3.52,3.0,3.05,42.29,14.1
158499,BOU,Christie,M,3.0,3.4,7.14,3.29,5.28,2.97,3.1,3.08,2.73,2.8,2.62,2.71,3.12,42.25,14.08
201595,LEE,Perri,G,2.0,3.36,4.55,3.08,4.69,3.27,3.35,3.21,3.85,3.56,2.77,3.23,3.29,42.22,21.11
209400,CRY,Kamada,M,3.0,2.31,2.54,2.25,2.97,4.69,4.14,4.35,5.17,2.16,4.44,2.36,4.46,41.83,13.94
232653,AVL,J.Ramsey,M,3.5,2.59,2.25,2.36,2.22,4.79,4.55,4.9,4.51,2.25,4.23,2.7,4.44,41.79,11.94
198869,ARS,White,D,4.0,3.54,3.81,1.98,4.34,3.25,3.81,2.57,4.1,2.23,4.87,2.79,4.45,41.75,10.44
87835,WOL,Doherty,D,2.5,2.45,5.86,3.61,4.9,3.63,2.66,2.95,3.87,4.11,2.71,2.11,2.88,41.75,16.7
180736,CHE,Chalobah,D,3.5,3.6,3.39,3.17,4.89,4.24,3.65,1.63,3.82,2.91,3.6,2.22,4.02,41.14,11.75
212319,TOT,Richarlison,F,3.0,3.08,2.0,2.42,4.54,4.43,4.82,2.51,4.75,2.3,4.23,2.17,3.18,40.43,13.48
174592,BUR,Edwards,M,2.0,3.74,5.92,3.13,4.33,3.23,2.66,2.78,3.11,3.03,2.55,3.0,2.9,40.37,20.18
444145,ARS,Martinelli,M,4.5,3.52,3.18,2.05,4.54,4.02,4.17,2.32,4.07,2.13,3.99,2.23,3.95,40.18,8.93
214225,LEE,Rodon,D,2.5,4.09,4.1,2.74,4.45,3.19,2.94,2.99,3.96,3.48,2.4,2.91,2.92,40.15,16.06
194010,BRE,Henry,D,2.5,3.46,5.63,4.42,4.35,3.02,3.3,2.57,3.1,2.28,2.61,2.85,2.57,40.14,16.06
83299,BHA,Dunk,D,2.5,3.7,5.75,2.58,4.5,3.25,2.26,3.14,2.78,2.74,3.66,2.56,3.15,40.08,16.03
249231,BRE,Lewis-Potter,M,2.5,3.25,5.59,3.43,4.84,2.71,2.87,2.73,3.05,2.84,2.84,2.79,2.89,39.84,15.94
492859,LEE,Gnonto,M,2.5,3.1,5.29,3.0,4.88,2.9,3.03,3.11,2.92,3.06,2.59,2.63,2.66,39.16,15.67
232859,TOT,Spence,D,3.5,2.87,1.5,2.15,4.14,4.97,4.49,2.81,4.23,2.33,3.77,2.36,3.41,39.03,11.15
498016,SUN,Roefs,G,2.0,3.29,5.4,3.09,3.96,2.96,2.87,2.6,3.4,2.3,3.53,2.71,2.74,38.85,19.42
54469,BOU,Smith,D,2.0,1.86,6.67,2.64,5.34,2.73,3.08,3.1,2.48,3.15,1.94,2.44,3.17,38.6,19.3
180135,LEE,Longstaff,M,2.0,3.01,5.24,2.84,4.7,2.85,2.82,3.11,2.95,2.93,2.69,2.58,2.7,38.41,19.2
59859,MCI,Gündoğan,M,3.5,3.32,3.1,2.36,4.38,3.54,4.22,2.02,3.99,1.93,3.92,1.81,3.74,38.33,10.95
465351,MCI,Matheus N.,D,4.0,2.7,2.52,2.1,4.64,3.84,4.79,1.97,4.03,2.01,3.75,1.84,3.65,37.85,9.46
101188,AVL,Digne,D,4.0,2.17,2.02,2.12,2.29,5.07,3.65,4.86,3.95,1.8,3.35,2.21,4.29,37.79,9.45
56979,BRE,Henderson,M,2.5,3.33,5.27,3.63,4.01,2.69,2.82,2.59,2.86,2.57,2.54,2.66,2.74,37.72,15.09
547027,SUN,Diarra,M,2.5,3.23,4.71,3.22,4.04,2.98,2.77,2.78,3.02,2.62,2.93,2.6,2.77,37.67,15.07
244858,BRE,Carvalho,M,2.5,3.13,5.04,3.64,4.74,2.47,3.01,2.41,2.72,2.28,2.43,2.92,2.84,37.61,15.05
586309,EVE,Barry,F,3.0,2.21,3.63,2.85,4.16,2.58,3.15,3.05,2.51,3.34,3.37,2.88,2.93,36.67,12.22
248056,LEE,Tanaka,M,2.5,2.98,4.0,2.75,3.95,2.77,2.88,3.16,2.95,3.1,2.78,2.59,2.72,36.65,14.66
209289,FUL,Smith Rowe,M,3.0,3.09,5.57,2.55,4.45,2.81,2.49,2.46,2.18,2.47,2.72,2.48,3.27,36.55,12.18
248875,MCI,Doku,M,4.5,2.61,2.47,2.07,3.99,2.86,4.19,2.17,4.36,2.01,4.04,1.93,3.72,36.43,8.09
116216,ARS,Trossard,M,4.5,0.9,1.91,2.11,4.68,4.07,4.2,2.41,3.74,1.96,4.03,2.48,3.87,36.36,8.08
58621,BUR,Walker,D,2.5,2.45,6.72,2.57,3.48,3.29,1.48,2.28,3.58,2.94,2.21,2.81,2.23,36.05,14.42
199598,LEE,Ampadu,D,2.5,3.38,3.65,2.55,3.94,2.9,2.62,2.79,3.41,3.1,2.25,2.57,2.66,35.81,14.32
549912,SUN,Talbi,M,2.0,3.27,4.65,3.03,3.86,2.75,2.72,2.61,2.86,2.41,2.65,2.36,2.54,35.72,17.86
503714,BUR,Ugochukwu,M,2.5,3.01,5.5,2.69,4.34,2.47,2.45,2.5,2.71,2.55,2.41,2.63,2.39,35.66,14.27
550839,TOT,Odobert,M,3.0,2.64,1.83,2.39,3.99,4.09,4.12,2.37,3.86,2.02,3.51,2.04,2.74,35.59,11.86
624773,CHE,Estêvão,M,3.5,1.83,1.53,1.78,3.48,3.08,3.91,2.1,3.97,3.05,4.1,2.6,4.06,35.5,10.14
550864,MUN,Yoro,D,3.5,2.6,4.64,4.25,3.32,2.41,2.28,3.66,1.59,2.62,2.53,2.24,3.11,35.26,10.08
207189,FUL,Berge,M,3.0,2.72,5.07,2.41,4.68,2.63,2.43,2.48,2.32,2.44,2.58,2.45,2.89,35.12,11.71
434399,SUN,Reinildo,D,2.5,3.46,5.73,2.58,3.44,2.57,2.45,2.34,3.2,1.51,3.38,2.04,2.34,35.03,14.01
463936,CHE,Gittens,M,4.0,2.56,2.09,2.1,3.66,2.77,3.69,1.7,3.79,2.41,3.87,2.02,3.78,34.46,8.61
233963,WHU,Mavropanos,D,2.5,2.99,4.53,2.41,4.51,2.5,2.71,1.79,2.47,2.59,2.29,3.38,2.14,34.32,13.73
494960,BUR,Hartman,D,2.0,2.64,6.12,2.5,3.32,3.0,1.67,2.25,3.17,2.66,2.11,2.64,2.16,34.23,17.11
156689,FUL,Andreas,M,3.0,1.87,4.34,2.11,4.94,2.69,2.33,2.3,2.09,2.31,2.88,2.55,3.52,33.93,11.31
155408,BOU,Cook,M,2.5,0.0,0.0,3.57,5.68,3.18,3.25,2.93,3.01,3.05,2.88,2.98,3.35,33.87,13.55
434752,LEE,Bijol,D,2.0,0.0,3.72,2.58,4.14,2.9,2.73,2.89,3.65,3.29,2.28,2.67,2.76,33.62,16.81
477717,BUR,Estève,D,2.5,2.07,6.11,2.32,3.04,3.09,1.24,2.07,3.42,2.7,2.05,2.61,2.04,32.74,13.1
613804,WHU,Diouf,D,3.0,4.49,4.68,2.89,3.67,2.24,2.23,1.53,2.21,2.22,2.05,2.56,1.81,32.58,10.86
223827,SUN,Ballard,D,2.0,3.25,5.4,2.47,3.22,2.34,2.31,2.09,3.04,1.32,3.14,1.79,2.2,32.56,16.28
508395,BRE,Yarmoliuk,M,2.0,2.54,4.76,2.93,3.94,2.3,2.38,2.26,2.35,2.22,2.19,2.32,2.12,32.3,16.15
449871,AVL,Onana,M,3.5,1.41,1.56,1.62,1.65,3.69,3.29,3.85,3.76,1.91,3.56,1.99,3.69,31.98,9.14
564406,SUN,Mayenda,F,2.5,3.29,4.7,2.8,3.18,2.26,2.12,2.25,2.43,2.79,2.35,1.82,1.97,31.98,12.79
114243,NEW,J.Murphy,M,4.5,2.14,1.93,2.1,3.33,3.57,2.69,1.96,3.11,1.93,3.25,2.01,3.02,31.04,6.9
248857,ARS,Madueke,M,4.0,1.54,1.56,1.1,3.06,2.64,3.13,1.91,3.14,1.89,3.89,2.48,4.26,30.58,7.64
482609,CHE,Gusto,D,3.0,1.54,1.55,1.76,3.0,3.53,3.27,1.41,3.36,2.3,3.09,2.04,3.69,30.55,10.18
206915,LIV,C.Jones,M,3.5,2.76,1.34,1.3,3.24,2.94,3.14,1.54,3.46,1.77,3.43,1.51,3.52,29.96,8.56
607464,BRE,Kayode,D,2.5,3.12,4.73,3.62,3.4,1.88,2.15,1.69,2.16,1.53,1.81,1.99,1.87,29.95,11.98
77794,NEW,Trippier,D,4.0,1.27,1.28,1.72,3.58,3.38,2.99,1.98,3.31,1.83,3.55,1.71,3.2,29.78,7.45
472713,BRE,Hickey,D,2.5,1.2,2.24,2.26,3.62,2.55,2.96,2.17,2.82,2.11,2.35,2.58,2.42,29.28,11.71
466052,MCI,Cherki,M,5.0,1.67,2.1,1.72,3.41,2.04,3.82,1.77,2.97,1.57,3.16,1.43,3.25,28.91,5.78
180804,BUR,Tuanzebe,D,2.0,2.09,5.54,2.15,2.83,2.63,1.29,1.88,2.72,2.19,1.75,2.09,1.7,28.86,14.43
551210,CHE,Hato,D,3.5,0.99,1.22,1.53,2.82,2.65,3.26,1.38,3.16,2.26,3.07,2.01,3.8,28.17,8.05
152551,CRY,Lerma,M,3.0,1.44,1.53,1.73,2.13,3.05,3.16,2.93,2.92,1.49,3.03,1.7,2.83,27.95,9.32
532529,BHA,Hinshelwood,M,3.0,1.96,3.57,2.16,3.31,2.32,2.09,2.04,2.02,1.91,2.19,1.87,2.14,27.59,9.2
477064,MCI,Lewis,D,3.5,1.68,1.79,1.5,2.84,2.88,3.18,1.49,3.25,1.41,3.2,1.32,3.02,27.56,7.87
200785,BOU,Adams,M,2.5,3.41,5.64,1.81,2.68,1.86,1.82,1.65,1.62,1.63,1.68,1.71,1.89,27.41,10.96
231057,WOL,Bellegarde,M,3.0,1.7,3.03,2.0,2.75,2.09,2.12,2.17,2.38,2.31,1.93,2.03,2.24,26.76,8.92
184349,FUL,Sessegnon,M,3.0,3.07,4.81,1.64,2.92,1.73,1.65,1.76,1.53,1.77,1.93,1.77,2.17,26.75,8.92
211975,MCI,Akanji,D,3.5,1.59,1.42,1.25,2.98,2.76,3.25,1.45,3.29,1.38,3.19,1.32,2.75,26.63,7.61
95658,MUN,Maguire,D,3.5,2.3,5.09,3.4,3.8,1.55,1.39,1.98,0.93,1.45,1.52,1.29,1.62,26.33,7.52
159533,FUL,Adama,M,3.0,1.47,3.5,1.59,3.48,2.1,1.88,1.98,1.73,1.84,2.11,1.98,2.64,26.29,8.76
450070,WHU,Summerville,M,3.0,0.0,0.0,0.0,2.23,2.35,2.87,2.6,3.34,3.09,3.15,3.53,2.9,26.06,8.69
231416,BHA,F.Kadıoğlu,D,3.0,2.12,3.5,1.87,2.77,2.17,1.54,2.11,2.01,1.88,2.2,1.7,2.09,25.95,8.65
510281,MCI,Savinho,M,4.5,1.54,1.79,1.53,3.15,1.93,2.97,1.51,2.86,1.38,2.91,1.32,2.76,25.64,5.7
221820,MUN,Martinez,D,3.5,0.0,0.0,0.0,0.0,1.12,2.78,5.01,2.18,3.54,3.33,3.2,4.16,25.32,7.23
465527,BUR,Hannibal,M,2.0,2.24,4.35,1.93,2.98,1.67,1.56,1.61,1.82,1.82,1.59,1.92,1.56,25.04,12.52
61256,MUN,Casemiro,M,3.5,1.63,3.34,2.03,2.81,1.67,1.8,2.4,1.66,1.92,1.79,2.0,1.81,24.85,7.1
533463,BOU,O.Dango,F,3.0,1.4,2.92,2.04,3.01,2.06,2.04,1.88,1.67,1.98,1.66,1.88,2.08,24.61,8.2
122798,LIV,Robertson,D,4.0,1.17,1.12,1.14,2.87,2.83,2.6,1.14,3.01,1.43,2.75,1.22,2.95,24.24,6.06
230001,MUN,Mazraoui,D,4.0,1.53,3.77,2.7,3.15,1.63,1.37,2.14,1.1,1.77,1.49,1.64,1.91,24.2,6.05
232112,MUN,Ugarte,M,3.5,1.8,3.25,2.01,2.88,1.61,1.66,2.1,1.64,1.9,1.55,1.88,1.78,24.06,6.87
204968,NFO,Yates,M,2.5,1.44,1.45,1.98,1.53,3.1,3.8,2.42,1.93,1.18,2.01,1.25,1.83,23.94,9.58
75115,WHU,Wilson,F,2.5,1.96,2.94,1.79,3.15,1.78,1.68,1.31,1.93,1.77,1.74,2.11,1.67,23.82,9.53
509416,BHA,Ayari,M,2.5,1.8,2.95,1.66,2.59,2.01,1.63,1.76,1.85,1.67,2.0,1.74,1.86,23.53,9.41
174594,LEE,Nmecha,F,2.0,1.76,2.27,1.8,2.47,1.9,1.94,2.05,2.03,2.03,1.62,1.69,1.9,23.48,11.74
516895,MUN,Mainoo,M,3.5,1.69,2.69,1.97,2.38,1.72,1.78,2.13,1.69,1.84,1.65,2.0,1.9,23.43,6.69
109646,CHE,Tosin,D,3.5,2.52,1.78,1.57,2.36,2.55,2.17,0.97,2.15,1.54,2.01,1.47,2.3,23.39,6.68
243571,EVE,Patterson,D,2.5,1.25,2.94,1.57,2.97,1.23,2.04,1.8,1.45,1.95,2.23,1.88,1.74,23.04,9.22
577669,SUN,Sadiki,M,2.0,1.84,2.68,1.81,2.64,1.81,1.78,1.86,1.93,1.55,1.79,1.6,1.66,22.95,11.48
166477,FUL,Castagne,D,3.0,1.17,3.01,1.21,3.29,1.64,1.46,1.49,1.52,1.47,1.94,1.83,2.32,22.36,7.45
167512,SUN,O'Nien,M,2.0,0.0,0.0,0.0,1.42,2.46,2.54,2.73,2.75,2.55,2.71,2.55,2.61,22.31,11.16
441271,WOL,Hoever,D,2.0,1.23,2.27,1.87,2.21,2.01,1.61,1.73,2.27,2.31,1.56,1.4,1.76,22.23,11.11
482442,TOT,P.M.Sarr,M,3.0,1.53,1.18,1.38,2.3,2.41,2.56,1.31,2.49,1.28,2.34,1.22,2.21,22.19,7.4
149484,AVL,Mings,D,3.5,1.01,1.09,1.3,1.41,2.7,2.46,2.83,2.21,1.25,1.81,1.47,2.58,22.12,6.32
492777,LIV,Bradley,D,3.5,1.04,1.05,1.13,2.66,2.44,2.29,1.15,2.48,1.38,2.62,1.1,2.69,22.05,6.3
204120,BHA,Boscagli,D,3.0,1.6,2.67,1.4,2.31,1.88,1.26,1.76,1.72,1.7,2.07,1.68,1.79,21.87,7.29
108413,CRY,Hughes,M,3.0,1.23,1.33,1.33,1.69,2.32,2.64,2.29,2.17,1.14,2.19,1.32,2.18,21.82,7.27
195384,ARS,Merino,M,4.0,0.95,1.25,1.05,2.42,2.2,2.26,1.32,2.34,1.19,2.53,1.54,2.58,21.63,5.41
220237,NEW,Botman,D,4.0,0.77,0.9,1.24,2.38,2.43,2.22,1.49,2.39,1.49,2.57,1.29,2.33,21.5,5.38
250199,NFO,Dominguez,M,3.0,0.0,0.0,0.0,0.0,0.0,0.0,1.63,4.55,2.73,4.77,3.08,4.74,21.5,7.17
427637,LEE,Aaronson,M,2.0,1.37,1.97,1.61,2.2,1.59,1.66,1.86,1.73,1.92,1.73,1.64,1.83,21.11,10.56
126184,MCI,Aké,D,3.5,0.99,1.09,1.04,2.26,2.18,2.72,1.19,2.52,1.13,2.47,1.06,2.2,20.86,5.96
444884,LIV,Elliott,M,3.5,1.45,0.85,0.85,2.28,2.22,2.33,1.05,2.54,1.36,2.31,1.06,2.42,20.71,5.92
200089,NEW,Willock,M,2.5,0.0,0.0,0.0,1.09,2.54,2.69,1.83,2.98,1.81,3.17,1.78,2.81,20.69,8.28
466075,ARS,Calafiori,D,3.5,0.0,0.79,0.75,2.54,1.82,2.24,1.41,2.42,1.26,3.0,1.64,2.47,20.34,5.81
485047,NFO,Morato,D,2.5,0.74,0.8,1.23,0.88,2.63,2.41,2.26,2.15,1.11,2.56,1.51,1.95,20.23,8.09
424044,BOU,H.Traorè,M,3.0,1.56,3.41,1.51,2.44,1.49,1.52,1.32,1.3,1.28,1.12,1.39,1.66,20.02,6.67
510500,NFO,Jota,M,2.5,1.21,1.11,1.39,1.03,2.42,2.46,2.09,1.86,1.1,2.04,1.39,1.86,19.94,7.98
171287,LIV,Gomez,D,3.5,0.6,0.71,0.91,2.45,2.44,2.04,0.98,2.46,1.19,2.32,1.01,2.65,19.77,5.65
221399,LEE,Harrison,M,2.5,1.18,2.29,1.39,2.23,1.47,1.49,1.69,1.56,1.71,1.46,1.44,1.51,19.41,7.77
543295,BRE,Milambo,M,3.0,0.7,1.51,1.39,1.78,1.44,1.85,1.69,1.92,1.65,1.77,1.81,1.87,19.37,6.46
179458,BUR,Bruun Larsen,M,2.0,1.59,3.22,1.43,2.28,1.43,1.17,1.41,1.51,1.4,1.17,1.43,1.32,19.36,9.68
207283,BRE,Jensen,M,2.0,1.6,3.16,1.79,2.22,1.19,1.29,1.22,1.3,1.25,1.25,1.44,1.23,18.94,9.47
205533,CRY,Nketiah,F,3.0,0.0,0.0,0.0,0.0,0.0,0.0,1.76,4.21,1.74,4.61,2.2,4.27,18.79,6.26
223541,LIV,Chiesa,M,3.5,1.04,0.77,0.79,2.08,2.11,1.94,0.96,2.16,1.25,2.26,0.98,2.16,18.51,5.29
550090,BHA,Coppola,D,3.0,1.37,2.3,1.23,1.97,1.48,1.17,1.59,1.38,1.42,1.74,1.33,1.47,18.44,6.15
231480,WOL,S.Bueno,D,2.5,0.75,1.95,1.45,2.05,1.67,1.24,1.37,1.76,1.87,1.34,1.11,1.55,18.11,7.24
219249,BHA,O'Riley,M,3.0,1.33,2.08,1.16,1.89,1.43,1.3,1.49,1.41,1.43,1.56,1.3,1.61,17.99,6.0
197024,WHU,G.Rodriguez,M,2.0,1.34,1.99,1.21,2.06,1.23,1.36,1.22,1.42,1.37,1.33,1.42,1.37,17.32,8.66
433952,LEE,Ramazani,M,2.5,1.09,1.51,1.13,1.75,1.34,1.36,1.59,1.58,1.57,1.38,1.37,1.48,17.16,6.86
578153,MCI,Khusanov,D,3.0,0.82,0.9,0.9,1.85,1.36,2.23,1.03,2.02,1.01,1.89,0.95,1.86,16.82,5.61
513433,BHA,Gruda,M,2.5,1.34,2.01,1.26,1.67,1.5,1.18,1.35,1.21,1.17,1.39,1.22,1.44,16.75,6.7
463034,CHE,Delap,F,4.5,1.88,0.83,0.93,1.59,1.51,1.67,0.88,1.61,1.26,1.6,1.12,1.82,16.71,3.71
538207,NEW,Osula,F,2.5,3.11,1.77,1.37,1.4,1.36,1.11,0.75,1.21,0.74,1.36,0.86,1.26,16.3,6.52
218364,CRY,Sosa,D,3.0,0.75,1.09,0.93,1.46,2.01,1.5,1.78,1.69,0.73,1.64,0.88,1.71,16.18,5.39
483081,WOL,R.Gomes,M,2.0,1.05,1.66,1.2,1.59,1.3,1.4,1.32,1.49,1.5,1.17,1.13,1.29,16.1,8.05
222694,LEE,Struijk,D,2.0,3.57,1.32,0.8,1.5,1.03,1.04,1.01,1.37,1.24,1.0,1.04,1.09,16.0,8.0
97299,MCI,Stones,D,4.0,0.77,0.73,0.66,1.69,1.62,2.14,0.8,2.08,0.89,1.98,0.82,1.75,15.93,3.98
606921,CRY,Esse,M,2.5,0.84,1.05,1.05,1.62,1.93,1.65,1.65,1.44,0.73,1.57,0.86,1.34,15.73,6.29
124165,SUN,Roberts,M,2.0,1.41,2.06,1.37,1.56,1.22,1.13,1.16,1.25,1.12,1.19,1.0,1.17,15.64,7.82
106760,MUN,Shaw,D,3.5,1.05,2.51,1.76,2.03,1.1,1.0,1.35,0.73,0.96,1.01,0.95,1.18,15.63,4.47
213999,WHU,Álvarez,M,2.5,0.89,1.75,1.0,2.08,1.07,1.09,1.1,1.18,1.27,1.22,1.42,1.21,15.26,6.1
437505,SUN,Isidor,F,2.5,1.45,1.86,1.35,1.43,1.05,1.09,1.06,1.23,1.48,1.11,0.93,1.13,15.17,6.07
436893,BOU,J.Araujo,D,2.0,0.78,1.82,1.08,1.76,1.14,1.32,1.25,1.08,1.35,0.88,1.1,1.5,15.06,7.53
465694,MCI,N.Gonzalez,M,3.5,2.51,2.02,1.48,1.84,0.76,1.18,0.61,1.12,0.58,1.11,0.53,1.24,14.99,4.28
482973,NFO,Igor Jesus,F,3.0,0.76,0.81,0.94,0.75,1.78,1.72,1.65,1.41,0.93,1.56,1.09,1.58,14.98,4.99
135720,TOT,Danso,D,3.0,1.04,0.64,0.95,1.87,1.56,2.01,0.96,1.35,0.83,1.35,0.84,1.39,14.79,4.93
643135,WOL,Fer López,M,3.0,0.71,1.31,1.09,1.4,1.25,1.2,1.22,1.35,1.44,1.12,1.1,1.2,14.41,4.8
499309,SUN,Marc Guiu,F,2.5,0.62,1.38,1.16,1.76,1.37,1.28,1.28,1.42,0.0,1.34,1.17,1.31,14.1,5.64
467779,BHA,Wieffer,M,3.0,0.97,1.37,0.92,1.47,1.31,1.06,1.18,1.13,1.15,1.27,1.09,1.18,14.1,4.7
184341,MUN,Mount,M,3.0,0.82,1.74,1.1,1.51,0.99,1.07,1.43,0.86,1.14,1.1,1.11,1.17,14.01,4.67
57328,CRY,Clyne,D,2.5,0.42,0.81,0.81,1.12,1.46,1.62,1.5,1.44,0.66,1.63,0.94,1.59,13.98,5.59
503139,BOU,Scott,M,2.5,1.16,2.55,0.86,1.5,0.89,1.05,0.94,0.98,1.04,0.88,0.93,1.11,13.9,5.56
536694,CRY,M.França,M,2.5,0.0,0.0,0.0,0.0,1.68,1.74,2.13,2.03,0.94,2.2,1.2,1.92,13.85,5.54
210156,NFO,Awoniyi,F,2.5,0.79,0.79,0.96,0.66,1.32,1.92,1.37,1.32,0.81,1.46,0.91,1.24,13.54,5.42
445044,TOT,Kulusevski,M,4.5,0.0,0.0,0.0,0.0,0.0,0.0,0.0,0.0,0.0,2.84,3.61,7.09,13.54,3.01
91651,MCI,Kovačić,M,3.5,0.0,0.0,0.0,0.97,1.58,1.98,0.95,2.04,0.95,2.04,0.89,1.99,13.39,3.83
128295,ARS,Nørgaard,M,3.5,0.58,0.75,0.66,1.31,1.39,1.37,0.91,1.28,0.78,1.47,1.02,1.42,12.95,3.7
497894,MUN,Højlund,F,3.5,0.76,1.69,0.97,1.38,0.88,1.0,1.27,0.79,1.01,0.94,1.07,1.08,12.85,3.67
447715,BUR,A.Ramsey,M,2.0,0.0,0.9,0.63,1.33,1.03,1.15,1.24,1.46,1.3,1.16,1.39,1.26,12.85,6.42
111478,BHA,Veltman,D,3.0,1.1,1.67,0.84,1.47,0.99,0.78,1.05,0.89,0.93,1.12,0.9,1.07,12.81,4.27
547719,NEW,L.Miley,M,3.0,0.68,0.81,1.1,1.75,1.45,1.06,0.69,1.12,0.69,1.3,0.78,1.3,12.72,4.24
514254,BHA,Gomez,M,2.5,0.79,1.07,0.77,1.22,1.12,0.9,1.06,1.1,1.12,1.26,1.1,1.07,12.58,5.03
224995,BOU,Sinisterra,M,2.5,0.65,1.48,0.92,1.62,0.98,1.0,1.06,0.99,1.01,0.89,0.88,1.09,12.58,5.03
499300,EVE,Aznou,D,2.5,0.49,1.08,0.87,1.37,0.75,1.21,1.06,0.81,1.18,1.36,1.19,1.11,12.48,4.99
487702,BUR,Koleosho,M,2.0,0.88,1.61,0.91,1.26,0.94,0.84,0.93,1.09,0.94,0.85,1.0,0.96,12.22,6.11
519634,SUN,Seelt,D,2.0,2.51,4.24,2.02,1.21,0.38,0.0,0.0,0.0,0.29,0.42,0.34,0.37,11.78,5.89
437738,LEE,Bornauw,D,2.0,1.47,0.79,0.7,1.16,0.9,0.87,0.87,1.02,1.03,0.8,0.98,0.93,11.52,5.76
577114,WHU,L.Guilherme,M,2.0,1.17,1.63,1.01,1.39,0.78,0.73,0.66,0.8,0.83,0.77,0.81,0.77,11.36,5.68
215711,AVL,Bailey,M,3.5,0.0,0.0,0.0,0.59,1.48,1.32,1.83,1.49,0.68,1.35,0.88,1.47,11.09,3.17
111317,BOU,Brooks,M,2.0,0.61,1.55,0.73,1.38,0.79,0.91,0.86,0.77,0.92,0.74,0.8,0.98,11.03,5.52
440854,ARS,Kiwior,D,3.5,0.0,0.0,0.45,1.1,1.11,1.25,0.77,1.38,0.75,1.52,0.93,1.61,10.87,3.11
232792,BHA,Lamptey,D,2.5,0.73,1.5,0.72,1.42,0.84,0.68,0.81,0.76,0.84,1.0,0.79,0.77,10.87,4.35
184754,WOL,Hee Chan,F,3.0,0.0,1.13,0.67,1.23,0.84,0.84,0.88,1.0,1.05,0.85,0.81,1.01,10.31,3.44
109345,BHA,March,M,2.5,0.0,0.0,0.0,1.69,1.14,0.84,1.08,1.01,1.09,1.11,1.07,1.22,10.24,4.1
219924,FUL,Diop,D,2.5,0.0,0.98,0.52,1.46,0.84,0.71,0.71,0.84,0.74,1.05,0.99,1.29,10.14,4.06
167887,BUR,Laurent,M,2.0,0.57,1.32,0.62,1.2,0.72,0.72,0.71,0.82,0.81,0.78,0.88,0.81,9.98,4.99
76357,FUL,Cairney,M,2.5,0.0,1.0,0.59,1.23,0.79,0.86,0.88,0.82,0.82,0.92,0.87,1.11,9.89,3.96
500040,ARS,Mosquera,D,3.5,0.0,0.55,0.44,0.99,0.86,1.04,0.78,1.23,0.75,1.2,0.77,1.26,9.87,2.82
514356,CHE,Lavia,M,3.0,0.47,0.49,0.51,0.91,1.05,1.05,0.55,1.0,0.83,1.06,0.67,1.13,9.73,3.24
536109,WHU,Scarles,D,2.0,0.7,0.97,0.78,1.17,0.72,0.68,0.58,0.74,0.81,0.74,0.99,0.69,9.59,4.79
489706,CRY,Devenny,M,2.0,0.42,0.58,0.68,0.87,1.24,0.96,1.12,0.86,0.46,0.96,0.56,0.86,9.58,4.79
113564,LEE,Byram,D,2.0,0.57,0.87,0.67,0.99,0.68,0.73,0.82,0.98,0.92,0.67,0.75,0.85,9.5,4.75
231065,BRE,Pinnock,D,2.5,0.0,1.0,0.77,1.2,0.76,0.83,0.76,0.85,0.66,0.74,0.76,0.76,9.1,3.64
223434,BHA,Igor,D,2.0,0.46,1.0,0.5,1.05,0.75,0.61,0.82,0.69,0.79,0.97,0.65,0.81,9.08,4.54
227127,TOT,Bissouma,M,3.0,0.47,0.48,0.51,0.84,1.01,0.97,0.57,1.09,0.62,1.06,0.52,0.9,9.05,3.02
554197,SUN,Rigg,M,2.0,0.59,1.03,0.7,0.9,0.78,0.71,0.73,0.71,0.69,0.75,0.7,0.76,9.05,4.52
223911,BOU,Mepham,D,2.0,0.0,1.19,0.57,1.28,0.69,0.77,0.77,0.65,0.85,0.58,0.69,0.9,8.93,4.47
547701,TOT,Gray,M,3.0,0.35,0.38,0.45,1.0,0.9,1.06,0.58,1.04,0.59,1.08,0.51,0.96,8.89,2.96
204580,BRE,Janelt,M,2.5,0.0,0.0,0.0,1.52,0.81,0.91,0.89,0.96,0.84,0.93,0.97,0.95,8.78,3.51
478969,BUR,Ekdal,D,2.0,0.48,1.32,0.77,1.01,0.83,0.54,0.59,0.8,0.63,0.52,0.57,0.53,8.58,4.29
205651,ARS,G.Jesus,F,4.0,0.0,0.0,0.0,0.0,0.0,0.0,0.0,1.97,1.08,2.0,1.2,2.2,8.45,2.11
461188,BUR,Humphreys,D,2.0,0.45,1.05,0.58,0.89,0.78,0.53,0.59,0.84,0.7,0.58,0.74,0.64,8.37,4.19
242880,CHE,B.Badiashile,D,3.0,0.0,0.0,0.0,0.0,0.98,1.21,0.58,1.19,0.78,1.32,0.76,1.49,8.3,2.77
608181,BHA,Tzimas,F,2.5,0.0,0.0,0.0,0.0,0.89,0.8,1.05,0.97,1.05,1.22,1.04,1.16,8.18,3.27
223336,SUN,Neil,M,2.0,0.48,0.83,0.6,0.89,0.59,0.63,0.66,0.72,0.66,0.71,0.7,0.67,8.15,4.07
549329,BUR,Lucas Pires,D,2.0,0.44,1.02,0.58,0.79,0.65,0.49,0.61,0.8,0.77,0.63,0.74,0.61,8.12,4.06
492831,BUR,Amdouni,F,2.0,0.68,1.08,0.63,0.82,0.63,0.57,0.58,0.66,0.67,0.56,0.63,0.58,8.08,4.04
191866,BRE,Ajer,D,2.0,0.45,1.04,0.65,0.9,0.55,0.61,0.54,0.67,0.58,0.59,0.63,0.63,7.82,3.91
241231,BUR,Jordan,D,2.0,0.0,0.0,0.0,0.0,0.51,0.47,0.67,1.17,1.19,1.05,1.47,1.27,7.79,3.89
435973,BUR,Foster,F,2.0,0.0,0.9,0.54,0.75,0.61,0.56,0.65,0.74,0.69,0.63,0.75,0.61,7.44,3.72
88894,AVL,Barkley,M,3.0,0.0,0.0,0.0,0.0,0.95,0.95,1.1,0.96,0.6,0.93,0.71,1.18,7.37,2.46
486520,LEE,Gruev,M,2.0,0.0,0.56,0.5,0.69,0.61,0.57,0.7,0.68,0.69,0.68,0.68,0.68,7.05,3.53
225321,NEW,Ramsdale,G,3.0,0.0,0.4,0.44,0.0,0.7,0.75,0.58,0.79,0.65,1.0,0.58,1.05,6.93,2.31
461199,SUN,Mundle,M,2.0,0.0,0.0,0.0,0.97,0.66,0.68,0.69,0.7,0.73,0.76,0.66,0.68,6.54,3.27
499175,ARS,Nwaneri,M,3.5,0.0,0.0,0.0,1.2,1.06,1.15,0.0,1.15,0.61,0.0,0.0,1.25,6.41,1.83
106611,EVE,Keane,D,2.5,0.0,0.0,0.49,0.84,0.4,0.58,0.53,0.42,0.53,0.71,0.55,0.61,5.66,2.26
114283,MCI,Grealish,M,3.5,0.0,0.0,0.0,0.0,0.0,0.0,0.0,1.31,0.69,1.57,0.66,1.37,5.61,1.6
515597,AVL,Bogarde,D,2.5,0.0,0.0,0.0,0.0,0.75,0.72,0.85,0.7,0.42,0.66,0.55,0.92,5.58,2.23
490094,EVE,Iroegbunam,M,2.0,0.0,0.0,0.38,0.8,0.42,0.56,0.48,0.49,0.6,0.58,0.51,0.56,5.37,2.69
477547,SUN,Hjelde,D,2.0,0.0,0.0,0.0,0.71,0.52,0.56,0.55,0.67,0.41,0.74,0.52,0.56,5.24,2.62
168636,BOU,Enes Ünal,F,2.5,0.0,0.0,0.0,0.0,0.0,0.0,0.0,0.99,1.08,0.93,0.98,1.23,5.22,2.09
458249,MUN,Zirkzee,F,3.0,0.0,0.0,0.0,0.0,0.0,0.66,0.9,0.56,0.72,0.67,0.78,0.76,5.05,1.68
84182,WHU,Areola,G,2.5,1.68,0.0,0.0,0.0,0.41,0.0,0.37,0.41,0.49,0.5,0.52,0.46,4.84,1.94
449027,LIV,Mamardashvili,G,3.5,0.0,0.0,0.0,0.0,0.0,0.7,0.43,0.81,0.49,0.86,0.42,0.89,4.6,1.31
493125,TOT,Dragusin,D,2.5,0.0,0.0,0.0,0.0,0.0,0.0,0.0,0.99,0.72,1.08,0.76,1.04,4.58,1.83
220684,SUN,Alese,D,2.0,0.0,0.0,0.0,0.5,0.5,0.36,0.4,0.51,0.38,0.52,0.4,0.49,4.05,2.03
463981,BOU,Hill,D,2.0,0.0,0.0,0.0,0.0,0.0,0.51,0.55,0.48,0.56,0.46,0.61,0.65,3.82,1.91
72147,AVL,M.Bizot,G,2.5,3.46,0.0,0.0,0.0,0.0,0.0,0.0,0.0,0.0,0.0,0.0,0.0,3.46,1.38
158983,LIV,Endo,M,3.0,0.9,0.0,0.0,0.0,0.0,0.0,0.0,0.84,0.0,0.83,0.0,0.82,3.38,1.13
111773,NEW,Krafth,D,2.0,0.0,0.0,0.0,0.0,0.0,0.0,0.0,0.76,0.47,0.81,0.46,0.74,3.24,1.62
226956,BRE,Roerslev,D,2.5,0.0,0.0,0.0,0.0,0.0,0.53,0.41,0.52,0.43,0.43,0.45,0.43,3.19,1.28
214285,LIV,Tsimikas,D,3.5,0.0,0.0,0.0,0.0,0.0,0.0,0.0,0.0,0.58,1.25,0.0,1.18,3.01,0.86
451302,MUN,Bayindir,G,2.0,2.08,0.0,0.0,0.0,0.0,0.0,0.0,0.0,0.0,0.0,0.0,0.0,2.08,1.04
492066,SUN,Huggins,D,2.0,0.54,0.91,0.55,0.0,0.0,0.0,0.0,0.0,0.0,0.0,0.0,0.0,2.01,1.0
469272,BUR,Tchaouna,F,2.0,0.0,0.0,0.0,0.0,0.0,0.0,0.49,0.59,0.47,0.4,0.0,0.0,1.96,0.98
606745,MUN,Heaven,D,2.0,0.0,0.0,0.62,0.66,0.45,0.0,0.0,0.0,0.0,0.0,0.0,0.0,1.72,0.86
491007,CHE,D.Essugo,M,3.5,0.0,0.0,0.0,0.0,0.0,0.0,0.0,0.0,0.45,0.0,0.41,0.7,1.55,0.44
438464,CRY,Doucouré,M,2.0,0.0,0.0,0.0,0.0,0.0,0.0,0.0,0.0,0.0,0.0,0.44,0.86,1.3,0.65
192290,BUR,Roberts,D,2.0,0.0,0.0,0.0,0.0,0.47,0.34,0.4,0.0,0.0,0.0,0.0,0.0,1.21,0.6
59735,LEE,Darlow,G,2.0,0.94,0.0,0.0,0.0,0.0,0.0,0.0,0.0,0.0,0.0,0.0,0.0,0.94,0.47
507433,BRE,Valdimarsson,G,2.0,0.85,0.0,0.0,0.0,0.0,0.0,0.0,0.0,0.0,0.0,0.0,0.0,0.85,0.43
432720,MCI,Trafford,G,3.5,0.0,0.0,0.0,0.0,0.0,0.0,0.0,0.76,0.0,0.0,0.0,0.0,0.76,0.22
518030,BUR,Weiss,G,2.0,0.71,0.0,0.0,0.0,0.0,0.0,0.0,0.0,0.0,0.0,0.0,0.0,0.71,0.35
51943,BUR,Hladký,G,2.0,0.68,0.0,0.0,0.0,0.0,0.0,0.0,0.0,0.0,0.0,0.0,0.0,0.68,0.34
606798,AVL,A.García,D,3.0,0.0,0.0,0.0,0.0,0.0,0.0,0.0,0.0,0.0,0.0,0.45,0.0,0.45,0.15
183751,BUR,Benson,M,2.0,0.0,0.0,0.0,0.0,0.0,0.0,0.0,0.0,0.0,0.4,0.0,0.0,0.4,0.2
574458,CHE,M.Sarr,D,3.0,0.0,0.0,0.0,0.0,0.0,0.0,0.0,0.0,0.0,0.0,0.0,0.0,0.0,0.0
622758,CHE,Anselmino,D,2.5,0.0,0.0,0.0,0.0,0.0,0.0,0.0,0.0,0.0,0.0,0.0,0.0,0.0,0.0
575901,BOU,Soler,D,2.0,0.0,0.0,0.0,0.0,0.0,0.0,0.0,0.0,0.0,0.0,0.0,0.0,0.0,0.0
508479,CHE,Jörgensen,G,2.5,0.0,0.0,0.0,0.0,0.0,0.0,0.0,0.0,0.0,0.0,0.0,0.0,0.0,0.0
575204,MCI,Echeverri,M,3.0,0.0,0.0,0.0,0.0,0.0,0.0,0.0,0.0,0.0,0.0,0.0,0.0,0.0,0.0
560262,BOU,Kroupi.Jr,F,2.5,0.0,0.0,0.0,0.0,0.0,0.0,0.0,0.0,0.0,0.0,0.0,0.0,0.0,0.0
566164,MCI,Nypan,M,2.5,0.0,0.0,0.0,0.0,0.0,0.0,0.0,0.0,0.0,0.0,0.0,0.0,0.0,0.0
85971,TOT,Son,F,5.0,0.0,0.0,0.0,0.0,0.0,0.0,0.0,0.0,0.0,0.0,0.0,0.0,0.0,0.0
195546,AVL,Buendía,M,3.0,0.0,0.0,0.0,0.0,0.0,0.0,0.0,0.0,0.0,0.0,0.0,0.0,0.0,0.0
437495,LEE,Meslier,G,2.0,0.0,0.0,0.0,0.0,0.0,0.0,0.0,0.0,0.0,0.0,0.0,0.0,0.0,0.0
577016,CHE,Acheampong,D,2.5,0.0,0.0,0.0,0.0,0.0,0.0,0.0,0.0,0.0,0.0,0.0,0.0,0.0,0.0
487117,BHA,Ferguson,F,3.0,0.0,0.0,0.0,0.0,0.0,0.0,0.0,0.0,0.0,0.0,0.0,0.0,0.0,0.0
209243,MUN,Sancho,M,3.0,0.0,0.0,0.0,0.0,0.0,0.0,0.0,0.0,0.0,0.0,0.0,0.0,0.0,0.0
536916,BHA,Buonanotte,M,2.5,0.0,0.0,0.0,0.0,0.0,0.0,0.0,0.0,0.0,0.0,0.0,0.0,0.0,0.0
491012,EVE,Y.Chermiti,F,2.5,0.0,0.0,0.0,0.0,0.0,0.0,0.0,0.0,0.0,0.0,0.0,0.0,0.0,0.0
107265,NFO,Gunn,G,2.0,0.0,0.0,0.0,0.0,0.0,0.0,0.0,0.0,0.0,0.0,0.0,0.0,0.0,0.0
593001,WOL,Gonzalez,M,2.0,0.0,0.0,0.0,0.0,0.0,0.0,0.0,0.0,0.0,0.0,0.0,0.0,0.0,0.0
171422,SUN,Browne,M,2.0,0.0,0.0,0.0,0.0,0.0,0.0,0.0,0.0,0.0,0.0,0.0,0.0,0.0,0.0
106617,LEE,Bamford,F,2.0,0.0,0.0,0.0,0.0,0.0,0.0,0.0,0.0,0.0,0.0,0.0,0.0,0.0,0.0
611975,SUN,Abdullahi,F,2.0,0.0,0.0,0.0,0.0,0.0,0.0,0.0,0.0,0.0,0.0,0.0,0.0,0.0,0.0
101148,NEW,Lascelles,D,2.5,0.0,0.0,0.0,0.0,0.0,0.0,0.0,0.0,0.0,0.0,0.0,0.0,0.0,0.0
475123,NFO,C.Miguel,G,2.0,0.0,0.0,0.0,0.0,0.0,0.0,0.0,0.0,0.0,0.0,0.0,0.0,0.0,0.0
626844,SUN,Aleksić,M,2.0,0.0,0.0,0.0,0.0,0.0,0.0,0.0,0.0,0.0,0.0,0.0,0.0,0.0,0.0
573062,FUL,Godo,M,2.0,0.0,0.0,0.0,0.0,0.0,0.0,0.0,0.0,0.0,0.0,0.0,0.0,0.0,0.0
220695,BRE,Maghoma,M,2.0,0.0,0.0,0.0,0.0,0.0,0.0,0.0,0.0,0.0,0.0,0.0,0.0,0.0,0.0
49262,BHA,Steele,G,2.0,0.0,0.0,0.0,0.0,0.0,0.0,0.0,0.0,0.0,0.0,0.0,0.0,0.0,0.0
69752,BOU,Neto,G,3.0,0.0,0.0,0.0,0.0,0.0,0.0,0.0,0.0,0.0,0.0,0.0,0.0,0.0,0.0
578614,BUR,Boateng,M,2.0,0.0,0.0,0.0,0.0,0.0,0.0,0.0,0.0,0.0,0.0,0.0,0.0,0.0,0.0
215460,SUN,Poveda,M,2.0,0.0,0.0,0.0,0.0,0.0,0.0,0.0,0.0,0.0,0.0,0.0,0.0,0.0,0.0
518442,WHU,Orford,M,2.0,0.0,0.0,0.0,0.0,0.0,0.0,0.0,0.0,0.0,0.0,0.0,0.0,0.0,0.0
616222,MCI,Vitor Reis,D,3.0,0.0,0.0,0.0,0.0,0.0,0.0,0.0,0.0,0.0,0.0,0.0,0.0,0.0,0.0
477555,MCI,Bobb,M,3.0,0.0,0.0,0.0,0.0,0.0,0.0,0.0,0.0,0.0,0.0,0.0,0.0,0.0,0.0
232571,SUN,Patterson,G,2.0,0.0,0.0,0.0,0.0,0.0,0.0,0.0,0.0,0.0,0.0,0.0,0.0,0.0,0.0
647850,BHA,Kostoulas,F,2.5,0.0,0.0,0.0,0.0,0.0,0.0,0.0,0.0,0.0,0.0,0.0,0.0,0.0,0.0
485055,TOT,Kinsky,G,2.5,0.0,0.0,0.0,0.0,0.0,0.0,0.0,0.0,0.0,0.0,0.0,0.0,0.0,0.0
432714,MCI,McAtee,M,2.5,0.0,0.0,0.0,0.0,0.0,0.0,0.0,0.0,0.0,0.0,0.0,0.0,0.0,0.0
515621,CRY,Chadi Riad,D,3.0,0.0,0.0,0.0,0.0,0.0,0.0,0.0,0.0,0.0,0.0,0.0,0.0,0.0,0.0
626464,BRE,Nunes,M,2.0,0.0,0.0,0.0,0.0,0.0,0.0,0.0,0.0,0.0,0.0,0.0,0.0,0.0,0.0
575458,NFO,Jair Cunha,D,2.5,0.0,0.0,0.0,0.0,0.0,0.0,0.0,0.0,0.0,0.0,0.0,0.0,0.0,0.0
229384,WHU,Irving,M,2.0,0.0,0.0,0.0,0.0,0.0,0.0,0.0,0.0,0.0,0.0,0.0,0.0,0.0,0.0
235674,TOT,Solomon,M,2.5,0.0,0.0,0.0,0.0,0.0,0.0,0.0,0.0,0.0,0.0,0.0,0.0,0.0,0.0
550615,CHE,George,F,2.5,0.0,0.0,0.0,0.0,0.0,0.0,0.0,0.0,0.0,0.0,0.0,0.0,0.0,0.0
496208,LIV,Doak,M,2.5,0.0,0.0,0.0,0.0,0.0,0.0,0.0,0.0,0.0,0.0,0.0,0.0,0.0,0.0
206325,ARS,Zinchenko,D,3.0,0.0,0.0,0.0,0.0,0.0,0.0,0.0,0.0,0.0,0.0,0.0,0.0,0.0,0.0
441240,BOU,Faivre,M,2.5,0.0,0.0,0.0,0.0,0.0,0.0,0.0,0.0,0.0,0.0,0.0,0.0,0.0,0.0
210494,WHU,N.Aguerd,D,2.5,0.0,0.0,0.0,0.0,0.0,0.0,0.0,0.0,0.0,0.0,0.0,0.0,0.0,0.0
200641,ARS,Nelson,M,2.5,0.0,0.0,0.0,0.0,0.0,0.0,0.0,0.0,0.0,0.0,0.0,0.0,0.0,0.0
109745,ARS,Arrizabalaga,G,2.5,0.0,0.0,0.0,0.0,0.0,0.0,0.0,0.0,0.0,0.0,0.0,0.0,0.0,0.0
451432,NFO,David Carmo,D,2.5,0.0,0.0,0.0,0.0,0.0,0.0,0.0,0.0,0.0,0.0,0.0,0.0,0.0,0.0
59949,EVE,Coleman,D,2.5,0.0,0.0,0.0,0.0,0.0,0.0,0.0,0.0,0.0,0.0,0.0,0.0,0.0,0.0
493105,MUN,Garnacho,M,4.0,0.0,0.0,0.0,0.0,0.0,0.0,0.0,0.0,0.0,0.0,0.0,0.0,0.0,0.0
545477,NEW,A.Murphy,D,2.0,0.0,0.0,0.0,0.0,0.0,0.0,0.0,0.0,0.0,0.0,0.0,0.0,0.0,0.0
82143,WHU,Foderingham,G,2.0,0.0,0.0,0.0,0.0,0.0,0.0,0.0,0.0,0.0,0.0,0.0,0.0,0.0,0.0
172780,TOT,Maddison,M,4.5,0.0,0.0,0.0,0.0,0.0,0.0,0.0,0.0,0.0,0.0,0.0,0.0,0.0,0.0
570241,BRE,Ji-soo,D,2.0,0.0,0.0,0.0,0.0,0.0,0.0,0.0,0.0,0.0,0.0,0.0,0.0,0.0,0.0
460028,CHE,Colwill,D,3.5,0.0,0.0,0.0,0.0,0.0,0.0,0.0,0.0,0.0,0.0,0.0,0.0,0.0,0.0
661712,MUN,D.Leon,D,2.5,0.0,0.0,0.0,0.0,0.0,0.0,0.0,0.0,0.0,0.0,0.0,0.0,0.0,0.0
490881,MUN,Collyer,M,2.5,0.0,0.0,0.0,0.0,0.0,0.0,0.0,0.0,0.0,0.0,0.0,0.0,0.0,0.0
109533,WHU,Emerson,D,2.5,0.0,0.0,0.0,0.0,0.0,0.0,0.0,0.0,0.0,0.0,0.0,0.0,0.0,0.0
461195,SUN,Cirkin,D,2.0,0.0,0.0,0.0,0.0,0.0,0.0,0.0,0.0,0.0,0.0,0.0,0.0,0.0,0.0
549074,BHA,Watson,M,2.0,0.0,0.0,0.0,0.0,0.0,0.0,0.0,0.0,0.0,0.0,0.0,0.0,0.0,0.0
447203,LIV,Darwin,F,3.5,0.0,0.0,0.0,0.0,0.0,0.0,0.0,0.0,0.0,0.0,0.0,0.0,0.0,0.0
472769,MCI,O’Reilly,M,2.5,0.0,0.0,0.0,0.0,0.0,0.0,0.0,0.0,0.0,0.0,0.0,0.0,0.0,0.0
641221,WOL,Pedro Lima,D,2.0,0.0,0.0,0.0,0.0,0.0,0.0,0.0,0.0,0.0,0.0,0.0,0.0,0.0,0.0
168991,BOU,Philip,M,2.5,0.0,0.0,0.0,0.0,0.0,0.0,0.0,0.0,0.0,0.0,0.0,0.0,0.0,0.0
439135,BHA,Cashin,D,2.0,0.0,0.0,0.0,0.0,0.0,0.0,0.0,0.0,0.0,0.0,0.0,0.0,0.0,0.0
441192,BHA,Sarmiento,M,2.0,0.0,0.0,0.0,0.0,0.0,0.0,0.0,0.0,0.0,0.0,0.0,0.0,0.0,0.0
176297,MUN,Rashford,F,4.0,0.0,0.0,0.0,0.0,0.0,0.0,0.0,0.0,0.0,0.0,0.0,0.0,0.0,0.0
565297,LEE,Mateo Joseph,F,2.0,0.0,0.0,0.0,0.0,0.0,0.0,0.0,0.0,0.0,0.0,0.0,0.0,0.0,0.0
181284,WOL,Guedes,F,2.5,0.0,0.0,0.0,0.0,0.0,0.0,0.0,0.0,0.0,0.0,0.0,0.0,0.0,0.0
110735,BHA,Webster,D,2.5,0.0,0.0,0.0,0.0,0.0,0.0,0.0,0.0,0.0,0.0,0.0,0.0,0.0,0.0
628204,BRE,Konak,M,2.0,0.0,0.0,0.0,0.0,0.0,0.0,0.0,0.0,0.0,0.0,0.0,0.0,0.0,0.0
596047,MUN,Obi,F,2.5,0.0,0.0,0.0,0.0,0.0,0.0,0.0,0.0,0.0,0.0,0.0,0.0,0.0,0.0
246301,FUL,J.Cuenca,D,2.5,0.0,0.0,0.0,0.0,0.0,0.0,0.0,0.0,0.0,0.0,0.0,0.0,0.0,0.0
547676,MUN,Fredricson,D,2.0,0.0,0.0,0.0,0.0,0.0,0.0,0.0,0.0,0.0,0.0,0.0,0.0,0.0,0.0
88248,MCI,Ortega Moreno,G,3.0,0.0,0.0,0.0,0.0,0.0,0.0,0.0,0.0,0.0,0.0,0.0,0.0,0.0,0.0
577974,MUN,Amass,D,2.0,0.0,0.0,0.0,0.0,0.0,0.0,0.0,0.0,0.0,0.0,0.0,0.0,0.0,0.0
610799,TOT,Vuskovic,D,2.5,0.0,0.0,0.0,0.0,0.0,0.0,0.0,0.0,0.0,0.0,0.0,0.0,0.0,0.0
553299,TOT,Takai,D,3.0,0.0,0.0,0.0,0.0,0.0,0.0,0.0,0.0,0.0,0.0,0.0,0.0,0.0,0.0
569014,NFO,Da Silva Moreira,M,2.5,0.0,0.0,0.0,0.0,0.0,0.0,0.0,0.0,0.0,0.0,0.0,0.0,0.0,0.0
429414,WOL,Kalajdžić,F,2.0,0.0,0.0,0.0,0.0,0.0,0.0,0.0,0.0,0.0,0.0,0.0,0.0,0.0,0.0
437748,BUR,Trésor,M,2.0,0.0,0.0,0.0,0.0,0.0,0.0,0.0,0.0,0.0,0.0,0.0,0.0,0.0,0.0
106468,AVL,Alex Moreno,D,3.0,0.0,0.0,0.0,0.0,0.0,0.0,0.0,0.0,0.0,0.0,0.0,0.0,0.0,0.0
153366,FUL,Reed,M,2.0,0.0,0.0,0.0,0.0,0.0,0.0,0.0,0.0,0.0,0.0,0.0,0.0,0.0,0.0
476502,WOL,B.Traore,M,2.0,0.0,0.0,0.0,0.0,0.0,0.0,0.0,0.0,0.0,0.0,0.0,0.0,0.0,0.0
229600,EVE,Travers,G,2.0,0.0,0.0,0.0,0.0,0.0,0.0,0.0,0.0,0.0,0.0,0.0,0.0,0.0,0.0
169359,NEW,Targett,D,2.0,0.0,0.0,0.0,0.0,0.0,0.0,0.0,0.0,0.0,0.0,0.0,0.0,0.0,0.0
101982,WOL,Johnstone,G,2.5,0.0,0.0,0.0,0.0,0.0,0.0,0.0,0.0,0.0,0.0,0.0,0.0,0.0,0.0
490142,WHU,Potts,M,2.0,0.0,0.0,0.0,0.0,0.0,0.0,0.0,0.0,0.0,0.0,0.0,0.0,0.0,0.0
440148,LIV,Morton,M,2.0,0.0,0.0,0.0,0.0,0.0,0.0,0.0,0.0,0.0,0.0,0.0,0.0,0.0,0.0
590012,CRY,Kporha,D,2.0,0.0,0.0,0.0,0.0,0.0,0.0,0.0,0.0,0.0,0.0,0.0,0.0,0.0,0.0
519895,BUR,Sonne,D,2.0,0.0,0.0,0.0,0.0,0.0,0.0,0.0,0.0,0.0,0.0,0.0,0.0,0.0,0.0
450072,BUR,Sambo,D,2.0,0.0,0.0,0.0,0.0,0.0,0.0,0.0,0.0,0.0,0.0,0.0,0.0,0.0,0.0
490885,WHU,Earthy,M,2.0,0.0,0.0,0.0,0.0,0.0,0.0,0.0,0.0,0.0,0.0,0.0,0.0,0.0,0.0
565431,WHU,Marshall,F,2.0,0.0,0.0,0.0,0.0,0.0,0.0,0.0,0.0,0.0,0.0,0.0,0.0,0.0,0.0
547410,SUN,H.Jones,M,2.0,0.0,0.0,0.0,0.0,0.0,0.0,0.0,0.0,0.0,0.0,0.0,0.0,0.0,0.0
74854,SUN,Moore,G,2.0,0.0,0.0,0.0,0.0,0.0,0.0,0.0,0.0,0.0,0.0,0.0,0.0,0.0,0.0
86873,FUL,Lecomte,G,2.5,0.0,0.0,0.0,0.0,0.0,0.0,0.0,0.0,0.0,0.0,0.0,0.0,0.0,0.0
551206,BUR,Banel,M,2.0,0.0,0.0,0.0,0.0,0.0,0.0,0.0,0.0,0.0,0.0,0.0,0.0,0.0,0.0
518438,WHU,Casey,D,2.0,0.0,0.0,0.0,0.0,0.0,0.0,0.0,0.0,0.0,0.0,0.0,0.0,0.0,0.0
208912,BUR,Worrall,D,2.0,0.0,0.0,0.0,0.0,0.0,0.0,0.0,0.0,0.0,0.0,0.0,0.0,0.0,0.0
541462,BOU,Akinmboni,D,2.0,0.0,0.0,0.0,0.0,0.0,0.0,0.0,0.0,0.0,0.0,0.0,0.0,0.0,0.0
115556,TOT,Davies,D,2.5,0.0,0.0,0.0,0.0,0.0,0.0,0.0,0.0,0.0,0.0,0.0,0.0,0.0,0.0
15157,BHA,Milner,M,2.5,0.0,0.0,0.0,0.0,0.0,0.0,0.0,0.0,0.0,0.0,0.0,0.0,0.0,0.0
79602,WOL,Bentley,G,2.0,0.0,0.0,0.0,0.0,0.0,0.0,0.0,0.0,0.0,0.0,0.0,0.0,0.0,0.0
428971,FUL,Benda,G,2.0,0.0,0.0,0.0,0.0,0.0,0.0,0.0,0.0,0.0,0.0,0.0,0.0,0.0,0.0
90585,NFO,Boly,D,2.5,0.0,0.0,0.0,0.0,0.0,0.0,0.0,0.0,0.0,0.0,0.0,0.0,0.0,0.0
44699,BUR,Barnes,F,2.0,0.0,0.0,0.0,0.0,0.0,0.0,0.0,0.0,0.0,0.0,0.0,0.0,0.0,0.0
490000,SUN,Nna Noukeu,G,2.0,0.0,0.0,0.0,0.0,0.0,0.0,0.0,0.0,0.0,0.0,0.0,0.0,0.0,0.0
213198,CHE,Nkunku,F,3.5,0.0,0.0,0.0,0.0,0.0,0.0,0.0,0.0,0.0,0.0,0.0,0.0,0.0,0.0
492368,LEE,Schmidt,D,2.0,0.0,0.0,0.0,0.0,0.0,0.0,0.0,0.0,0.0,0.0,0.0,0.0,0.0,0.0
